id,id_objet,id_dresseur,quantite
1,19,1,10
2,289,1,8
3,555,1,6
4,682,1,2
5,223,1,4
6,341,1,1
7,112,1,5
8,619,1,3
9,485,1,10
10,361,1,8
11,271,1,8
12,288,1,10
13,471,1,6
14,577,1,10
15,1233,1,3
16,1217,1,6
17,572,1,5
18,675,1,10
19,1128,1,9
20,1111,1,7
21,404,1,1
22,1259,1,4
23,431,1,1
24,398,1,2
25,3,1,4
26,99,1,5
27,470,1,7
28,1115,1,8
29,633,1,2
30,185,1,9
31,929,1,8
32,1146,1,5
33,57,1,3
34,1171,1,9
35,83,1,2
36,479,1,7
37,59,1,9
38,1170,1,10
39,348,1,3
40,741,1,8
41,810,1,7
42,1103,1,8
43,153,1,9
44,972,1,5
45,951,1,2
46,343,1,6
47,942,1,9
48,928,1,9
49,178,1,10
50,554,1,9
51,230,1,6
52,105,1,8
53,53,1,5
54,377,1,2
55,650,1,6
56,1196,1,8
57,295,1,3
58,549,1,10
59,602,1,10
60,2,1,4
61,796,1,10
62,1166,1,10
63,164,1,7
64,975,1,9
65,319,1,9
66,411,1,8
67,416,1,7
68,218,1,10
69,1165,1,4
70,1134,1,2
71,853,1,7
72,17,1,5
73,948,1,2
74,73,1,4
75,680,1,2
76,391,1,2
77,6,1,9
78,387,1,1
79,575,1,4
80,809,1,4
81,306,1,7
82,603,1,9
83,355,1,3
84,433,1,8
85,601,1,7
86,764,1,6
87,244,1,3
88,860,1,1
89,1264,1,1
90,193,1,7
91,449,1,10
92,54,1,9
93,342,1,10
94,1174,1,4
95,12,1,8
96,395,1,10
97,345,1,6
98,298,1,6
99,477,1,8
100,23,1,3
101,843,1,5
102,287,1,9
103,362,1,10
104,913,1,7
105,82,1,2
106,563,1,2
107,585,1,5
108,734,1,6
109,1220,1,5
110,1105,1,3
111,1125,1,9
112,474,1,8
113,1208,1,8
114,1209,1,10
115,460,1,7
116,473,1,6
117,9,1,7
118,373,1,10
119,1158,1,8
120,408,1,8
121,215,1,8
122,872,1,3
123,457,1,10
124,93,1,5
125,652,1,8
126,272,1,7
127,55,1,8
128,256,1,1
129,354,1,8
130,1195,1,5
131,365,1,2
132,596,1,10
133,752,1,10
134,233,1,3
135,1089,1,5
136,77,1,2
137,1267,1,6
138,627,1,3
139,546,1,8
140,726,1,8
141,1113,1,5
142,1228,1,2
143,1144,1,10
144,648,1,4
145,968,1,7
146,667,1,10
147,732,1,4
148,548,1,8
149,517,1,8
150,346,1,9
151,257,1,7
152,733,1,3
153,419,1,8
154,1117,1,1
155,1094,1,7
156,448,1,8
157,205,1,10
158,1148,1,7
159,513,1,5
160,1183,1,3
161,611,1,1
162,1141,1,7
163,938,1,10
164,756,1,9
165,43,1,2
166,166,1,5
167,578,1,9
168,453,1,5
169,29,1,10
170,246,1,5
171,697,1,3
172,721,1,9
173,472,1,7
174,79,1,8
175,28,1,3
176,686,1,10
177,762,1,8
178,370,1,1
179,828,1,4
180,689,1,8
181,770,1,2
182,393,1,3
183,173,1,9
184,1135,1,10
185,209,1,6
186,364,1,5
187,228,1,9
188,7,1,4
189,522,1,5
190,469,1,6
191,586,1,6
192,907,1,10
193,662,1,5
194,937,1,8
195,849,1,6
196,743,1,1
197,1109,1,7
198,879,1,5
199,712,1,3
200,1124,1,4
201,696,1,1
202,730,1,6
203,556,1,1
204,290,1,7
205,857,1,6
206,807,1,10
207,1198,1,9
208,66,1,5
209,191,1,3
210,811,1,8
211,632,1,9
212,161,1,6
213,352,1,10
214,222,1,7
215,211,1,8
216,5,1,8
217,1126,1,2
218,204,1,1
219,1229,1,2
220,412,1,1
221,461,1,8
222,493,1,1
223,830,1,2
224,33,1,4
225,48,1,7
226,1176,1,3
227,500,1,8
228,415,1,3
229,86,1,4
230,1160,1,6
231,430,1,2
232,8,1,8
233,226,1,8
234,78,1,4
235,368,1,7
236,1153,1,2
237,974,1,10
238,600,1,10
239,876,1,6
240,506,1,7
241,421,1,6
242,1211,1,6
243,817,1,10
244,20,1,7
245,1087,1,1
246,171,1,2
247,155,1,10
248,640,1,2
249,1162,1,9
250,706,1,3
251,597,1,8
252,765,1,3
253,24,1,8
254,1222,1,7
255,543,1,6
256,1180,1,6
257,1112,1,8
258,308,1,3
259,1221,1,10
260,359,1,10
261,10,1,7
262,528,1,2
263,509,1,2
264,260,1,1
265,850,1,2
266,728,1,10
267,481,1,7
268,420,1,2
269,550,1,5
270,264,1,8
271,821,1,4
272,356,1,5
273,478,1,3
274,69,1,6
275,1173,1,9
276,905,1,9
277,936,1,1
278,852,1,3
279,503,1,7
280,1188,1,9
281,262,1,2
282,151,1,8
283,118,1,9
284,1193,1,10
285,722,1,4
286,1232,1,2
287,385,1,10
288,62,1,10
289,372,1,5
290,763,1,2
291,380,1,3
292,436,1,1
293,1178,1,9
294,274,1,1
295,1106,1,3
296,822,1,4
297,337,1,4
298,330,1,2
299,551,1,3
300,299,1,10
301,110,1,5
302,623,1,1
303,1246,1,6
304,317,1,5
305,846,1,7
306,187,1,9
307,149,1,7
308,282,1,8
309,695,1,7
310,961,1,8
311,616,1,5
312,618,1,3
313,278,1,7
314,1116,1,6
315,945,1,4
316,705,1,10
317,313,1,6
318,826,1,2
319,249,1,4
320,366,1,3
321,304,1,3
322,918,1,1
323,180,1,5
324,1204,1,9
325,691,1,7
326,873,1,8
327,351,1,5
328,297,1,1
329,363,1,2
330,174,1,2
331,1215,1,2
332,85,1,5
333,518,1,9
334,1085,1,5
335,535,1,1
336,1164,1,10
337,1121,1,6
338,381,1,4
339,1123,1,4
340,88,1,8
341,1224,1,6
342,314,1,3
343,590,1,10
344,1184,1,1
345,1095,1,4
346,813,1,3
347,435,1,4
348,227,1,9
349,406,1,7
350,92,1,3
351,1110,1,3
352,1098,1,10
353,437,1,2
354,1100,1,10
355,1269,1,3
356,232,1,9
357,340,1,7
358,94,1,3
359,834,1,1
360,179,1,3
361,315,1,1
362,1143,1,8
363,311,1,10
364,1258,1,9
365,324,1,9
366,331,1,5
367,501,1,4
368,65,1,8
369,243,1,7
370,424,1,8
371,100,1,4
372,1250,1,3
373,753,1,9
374,443,1,8
375,1254,1,6
376,292,1,2
377,832,1,1
378,967,1,1
379,312,1,8
380,177,1,8
381,677,1,10
382,744,1,8
383,847,1,9
384,339,1,7
385,1251,1,3
386,1154,1,3
387,1239,1,9
388,820,1,10
389,731,1,9
390,61,1,6
391,526,1,9
392,263,1,3
393,326,1,4
394,883,1,3
395,323,1,3
396,102,1,9
397,1099,1,5
398,1155,1,3
399,176,1,1
400,1185,1,8
401,1080,1,1
402,90,1,5
403,1194,1,10
404,47,1,1
405,439,1,4
406,253,1,5
407,973,1,6
408,620,1,3
409,958,1,8
410,1167,1,3
411,425,1,1
412,464,1,8
413,300,1,6
414,388,1,10
415,216,1,9
416,198,1,1
417,583,1,1
418,663,1,5
419,1240,1,5
420,971,1,8
421,643,1,4
422,1230,1,9
423,502,1,10
424,1108,1,1
425,651,1,9
426,87,1,2
427,855,1,4
428,542,1,6
429,827,1,6
430,400,1,9
431,283,1,3
432,591,1,8
433,1278,1,6
434,914,1,2
435,480,1,5
436,1090,1,5
437,1227,1,8
438,168,1,2
439,599,1,6
440,954,1,8
441,851,1,4
442,491,1,1
443,613,1,4
444,1190,1,4
445,75,1,8
446,15,1,5
447,768,1,6
448,718,1,2
449,201,1,4
450,915,1,1
451,683,1,6
452,26,1,10
453,671,1,5
454,200,1,6
455,724,1,5
456,573,1,1
457,52,1,6
458,152,1,6
459,684,1,6
460,281,1,9
461,1114,1,10
462,931,1,7
463,615,1,2
464,654,1,10
465,236,1,7
466,910,1,10
467,688,1,4
468,512,1,4
469,392,1,7
470,593,1,7
471,163,1,10
472,1210,1,1
473,116,1,6
474,1244,1,3
475,884,1,7
476,489,1,10
477,1132,1,8
478,1182,1,9
479,655,1,9
480,484,1,10
481,527,1,2
482,960,1,5
483,188,1,2
484,587,1,1
485,434,1,7
486,442,1,7
487,497,1,1
488,824,1,7
489,302,1,8
490,1256,1,8
491,665,1,7
492,1147,1,4
493,202,1,4
494,564,1,9
495,1,1,2
496,428,1,6
497,492,1,2
498,1248,1,9
499,579,1,9
500,234,1,8
501,60,1,8
502,634,1,3
503,660,1,7
504,584,1,1
505,1261,1,1
506,441,1,10
507,934,1,5
508,329,1,9
509,957,1,2
510,167,1,10
511,160,1,1
512,219,1,1
513,844,1,10
514,1086,1,9
515,953,1,10
516,18,1,5
517,1172,1,7
518,532,1,8
519,1177,1,9
520,959,1,6
521,210,1,6
522,560,1,8
523,353,1,5
524,507,1,9
525,1242,1,8
526,647,1,3
527,674,1,3
528,612,1,8
529,269,1,4
530,225,1,2
531,544,1,2
532,468,1,7
533,409,1,5
534,186,1,8
535,27,1,4
536,349,1,4
537,795,1,6
538,875,1,2
539,321,1,4
540,714,1,5
541,610,1,5
542,653,1,6
543,952,1,5
544,1247,1,6
545,659,1,4
546,552,1,8
547,1149,1,9
548,614,1,1
549,207,1,8
550,737,1,10
551,1216,1,4
552,772,1,9
553,51,1,1
554,229,1,3
555,397,1,1
556,181,1,9
557,523,1,3
558,172,1,10
559,935,1,4
560,562,1,6
561,909,1,1
562,273,1,4
563,592,1,3
564,39,1,4
565,815,1,5
566,1252,1,7
567,911,1,4
568,1255,1,3
569,159,1,2
570,841,1,10
571,237,1,10
572,462,1,1
573,250,1,10
574,547,1,4
575,808,1,3
576,44,1,9
577,97,1,10
578,1163,1,8
579,540,1,1
580,63,1,1
581,1207,1,10
582,96,1,10
583,919,1,7
584,418,1,9
585,413,1,4
586,56,1,2
587,964,1,7
588,316,1,2
589,699,1,7
590,694,1,2
591,1169,1,5
592,755,1,8
593,692,1,10
594,265,1,4
595,819,1,7
596,76,1,9
597,103,1,3
598,444,1,8
599,516,1,4
600,1140,1,4
601,775,1,4
602,1249,1,3
603,759,1,5
604,604,1,10
605,760,1,6
606,374,1,10
607,1197,1,9
608,1093,1,4
609,1120,1,4
610,1234,1,10
611,378,1,1
612,580,1,1
613,715,1,3
614,1223,1,8
615,1265,1,10
616,646,1,8
617,1235,1,9
618,238,1,6
619,823,1,1
620,701,1,2
621,35,1,6
622,357,1,5
623,1127,1,7
624,670,1,8
625,624,1,1
626,637,1,5
627,536,1,7
628,68,1,10
629,49,1,3
630,109,1,1
631,1076,1,4
632,1159,1,5
633,534,1,1
634,305,1,6
635,713,1,4
636,482,1,3
637,735,1,9
638,538,1,1
639,693,1,5
640,539,1,2
641,241,1,1
642,704,1,10
643,451,1,4
644,664,1,3
645,681,1,10
646,107,1,8
647,520,1,9
648,1139,1,3
649,58,1,9
650,320,1,3
651,494,1,1
652,581,1,2
653,135,1,7
654,67,1,8
655,80,1,2
656,598,1,9
657,220,1,10
658,333,1,10
659,504,1,8
660,34,1,9
661,165,1,5
662,214,1,1
663,858,1,4
664,158,1,10
665,1107,1,5
666,1075,1,1
667,64,1,2
668,294,1,1
669,30,1,6
670,920,1,8
671,589,1,3
672,1241,1,6
673,1175,1,8
674,245,1,3
675,818,1,7
676,529,1,10
677,1142,1,1
678,382,1,9
679,74,1,10
680,197,1,1
681,488,1,5
682,906,1,6
683,1119,1,1
684,956,1,5
685,625,1,4
686,525,1,4
687,1270,1,10
688,541,1,1
689,117,1,4
690,280,1,10
691,1133,1,3
692,496,1,2
693,941,1,10
694,856,1,8
695,383,1,7
696,432,1,1
697,1156,1,6
698,635,1,10
699,285,1,9
700,977,1,8
701,407,1,3
702,1206,1,2
703,334,1,8
704,831,1,10
705,261,1,1
706,932,1,4
707,22,1,6
708,190,1,4
709,50,1,8
710,322,1,1
711,268,1,5
712,657,1,9
713,347,1,5
714,195,1,3
715,1213,1,8
716,1138,1,9
717,429,1,4
718,224,1,9
719,203,1,9
720,1231,1,9
721,553,1,2
722,1243,1,4
723,251,1,6
724,1263,1,4
725,1202,1,2
726,531,1,6
727,189,1,8
728,576,1,4
729,1245,1,2
730,389,1,6
731,638,1,1
732,700,1,8
733,40,1,4
734,1129,1,3
735,194,1,4
736,608,1,10
737,399,1,7
738,1118,1,6
739,690,1,1
740,881,1,1
741,208,1,3
742,384,1,2
743,917,1,7
744,656,1,2
745,666,1,3
746,1151,1,2
747,111,1,2
748,545,1,3
749,833,1,10
750,303,1,10
751,594,1,5
752,1097,1,3
753,955,1,6
754,162,1,10
755,814,1,10
756,379,1,2
757,966,1,2
758,98,1,2
759,446,1,9
760,31,1,9
761,672,1,7
762,1168,1,6
763,1137,1,1
764,708,1,10
765,1200,1,5
766,84,1,5
767,154,1,8
768,530,1,2
769,511,1,10
770,767,1,5
771,723,1,3
772,175,1,2
773,344,1,5
774,505,1,7
775,1192,1,1
776,626,1,5
777,1145,1,5
778,605,1,8
779,32,1,10
780,45,1,1
781,91,1,8
782,254,1,8
783,156,1,10
784,1161,1,5
785,454,1,4
786,402,1,8
787,396,1,10
788,854,1,1
789,629,1,7
790,104,1,3
791,1218,1,5
792,845,1,1
793,945,2,1
794,971,2,4
795,360,2,7
796,757,2,7
797,367,2,8
798,294,2,4
799,165,2,9
800,211,2,2
801,342,2,6
802,409,2,8
803,768,2,10
804,357,2,8
805,758,2,2
806,414,2,6
807,196,2,10
808,954,2,1
809,854,2,10
810,179,2,6
811,937,2,10
812,761,2,9
813,441,2,6
814,385,2,8
815,153,2,8
816,1151,2,5
817,825,2,5
818,419,2,8
819,38,2,7
820,858,2,4
821,635,2,5
822,574,2,1
823,332,2,8
824,533,2,2
825,213,2,9
826,700,2,4
827,474,2,1
828,1246,2,7
829,1104,2,9
830,594,2,5
831,355,2,10
832,237,2,8
833,561,2,4
834,1250,2,9
835,625,2,10
836,15,2,2
837,66,2,3
838,629,2,2
839,1150,2,5
840,847,2,10
841,488,2,1
842,688,2,3
843,176,2,3
844,200,2,1
845,731,2,4
846,365,2,5
847,2,2,9
848,730,2,7
849,1086,2,9
850,98,2,4
851,97,2,7
852,1096,2,2
853,349,2,7
854,461,2,3
855,468,2,4
856,1202,2,6
857,266,2,4
858,655,2,9
859,11,2,4
860,851,2,3
861,40,2,2
862,883,2,2
863,1153,2,4
864,946,2,1
865,634,2,2
866,647,2,8
867,905,2,3
868,104,2,10
869,58,2,6
870,1258,2,4
871,1120,2,7
872,76,2,3
873,773,2,6
874,202,2,3
875,6,2,1
876,352,2,3
877,743,2,8
878,416,2,1
879,1215,2,7
880,464,2,10
881,180,2,7
882,95,2,1
883,420,2,6
884,71,2,6
885,383,2,6
886,763,2,5
887,1126,2,1
888,972,2,5
889,830,2,5
890,462,2,10
891,341,2,7
892,280,2,3
893,282,2,7
894,329,2,1
895,1211,2,1
896,442,2,10
897,417,2,6
898,774,3,7
899,960,3,3
900,974,3,7
901,200,3,5
902,181,3,6
903,819,3,6
904,26,3,2
905,679,3,4
906,520,3,6
907,355,3,10
908,95,3,1
909,362,3,4
910,553,3,9
911,75,3,9
912,283,3,6
913,306,3,3
914,40,3,8
915,1077,3,2
916,1204,3,10
917,965,3,8
918,666,3,6
919,405,3,3
920,71,3,4
921,912,3,7
922,682,3,5
923,37,3,9
924,599,3,6
925,620,3,10
926,314,3,6
927,1099,3,2
928,1181,3,7
929,668,3,9
930,329,3,8
931,482,3,10
932,212,3,9
933,696,3,3
934,1128,3,6
935,742,3,2
936,914,3,4
937,440,3,1
938,272,3,10
939,25,3,1
940,202,3,8
941,1234,3,4
942,678,3,3
943,727,3,2
944,462,3,3
945,1209,3,3
946,488,3,9
947,821,3,4
948,300,3,8
949,325,3,1
950,407,3,3
951,70,3,8
952,966,3,3
953,167,3,5
954,712,3,10
955,1264,3,8
956,83,3,1
957,962,3,5
958,1175,3,7
959,414,3,4
960,562,3,6
961,1191,3,1
962,373,3,4
963,763,3,5
964,1229,3,1
965,1090,3,4
966,590,3,10
967,264,3,7
968,107,3,6
969,1235,3,4
970,594,3,10
971,529,3,7
972,674,3,9
973,209,3,6
974,444,3,4
975,1148,3,5
976,1188,3,10
977,683,3,4
978,658,3,9
979,645,3,4
980,149,3,9
981,336,3,2
982,690,3,1
983,492,3,1
984,257,3,10
985,235,3,6
986,244,3,2
987,442,3,8
988,1220,3,2
989,384,3,3
990,928,3,9
991,394,3,7
992,415,3,1
993,613,3,9
994,263,3,5
995,116,3,3
996,316,3,8
997,880,3,4
998,487,3,4
999,549,3,9
1000,713,3,8
1001,1164,3,5
1002,368,3,3
1003,27,3,4
1004,199,3,6
1005,1135,3,9
1006,460,3,4
1007,1267,3,2
1008,709,3,5
1009,651,3,6
1010,50,3,8
1011,392,3,3
1012,73,3,7
1013,559,3,1
1014,692,3,5
1015,586,3,3
1016,205,3,4
1017,744,3,2
1018,512,3,8
1019,335,3,7
1020,292,3,3
1021,829,3,6
1022,938,3,1
1023,254,3,5
1024,1266,3,10
1025,447,3,6
1026,506,3,4
1027,930,3,9
1028,514,3,9
1029,221,3,7
1030,29,3,4
1031,1278,3,6
1032,397,3,3
1033,164,3,2
1034,643,3,6
1035,98,3,10
1036,1232,3,3
1037,1168,3,2
1038,665,3,10
1039,57,3,6
1040,596,3,7
1041,1137,3,1
1042,1244,3,3
1043,884,3,1
1044,731,3,8
1045,102,3,9
1046,931,3,3
1047,340,3,10
1048,285,3,5
1049,550,3,3
1050,1125,3,3
1051,23,3,9
1052,1206,3,1
1053,49,3,2
1054,517,3,4
1055,1176,3,9
1056,445,3,5
1057,1192,3,5
1058,836,3,3
1059,509,3,7
1060,478,3,7
1061,936,3,3
1062,271,3,7
1063,612,3,2
1064,721,3,6
1065,1215,3,7
1066,737,3,1
1067,152,3,3
1068,1114,3,5
1069,916,3,1
1070,346,3,6
1071,808,3,6
1072,773,3,3
1073,248,3,8
1074,670,3,2
1075,572,3,9
1076,383,3,1
1077,408,3,10
1078,393,3,3
1079,216,3,10
1080,360,3,4
1081,653,3,4
1082,1196,3,3
1083,326,3,8
1084,1080,3,1
1085,1186,3,1
1086,479,3,6
1087,1104,3,8
1088,1075,3,10
1089,1197,3,2
1090,1222,3,7
1091,637,3,4
1092,13,3,3
1093,522,3,1
1094,1162,3,6
1095,1198,3,4
1096,762,3,2
1097,548,3,9
1098,580,3,9
1099,47,3,4
1100,451,3,3
1101,1172,3,1
1102,413,3,3
1103,404,3,5
1104,764,3,3
1105,639,3,2
1106,197,3,6
1107,504,3,4
1108,552,3,9
1109,353,3,10
1110,1096,3,7
1111,635,3,8
1112,217,3,5
1113,768,3,8
1114,524,3,10
1115,913,3,7
1116,250,3,8
1117,760,3,10
1118,607,3,6
1119,1095,3,5
1120,1182,3,4
1121,817,3,2
1122,609,3,7
1123,708,3,4
1124,275,3,10
1125,8,3,8
1126,1265,3,7
1127,80,3,6
1128,223,3,10
1129,388,3,8
1130,769,3,9
1131,395,3,6
1132,241,3,3
1133,45,3,2
1134,972,3,7
1135,1138,3,3
1136,159,3,6
1137,433,3,2
1138,328,3,4
1139,1117,3,3
1140,743,3,4
1141,1130,3,6
1142,818,3,8
1143,354,3,6
1144,583,3,7
1145,616,3,1
1146,1189,3,6
1147,500,3,10
1148,971,3,1
1149,1098,3,3
1150,330,3,6
1151,240,3,10
1152,908,3,6
1153,849,3,5
1154,16,3,8
1155,638,3,6
1156,752,3,5
1157,755,3,6
1158,518,3,4
1159,376,3,10
1160,455,3,6
1161,1238,3,4
1162,543,3,7
1163,112,3,3
1164,1213,3,8
1165,855,3,3
1166,1167,3,9
1167,542,3,6
1168,941,3,1
1169,85,3,1
1170,54,3,6
1171,961,3,2
1172,1094,3,3
1173,458,3,8
1174,238,3,9
1175,1118,3,2
1176,832,3,1
1177,239,3,5
1178,477,3,5
1179,63,3,9
1180,156,3,9
1181,359,3,10
1182,166,3,8
1183,53,3,6
1184,267,3,5
1185,218,3,8
1186,79,3,6
1187,1227,3,8
1188,595,3,6
1189,673,3,6
1190,21,3,10
1191,530,3,2
1192,1106,3,1
1193,44,3,4
1194,468,3,9
1195,1178,3,8
1196,820,3,1
1197,33,3,3
1198,1219,3,8
1199,108,3,5
1200,417,3,2
1201,1126,3,7
1202,1179,3,5
1203,934,3,3
1204,662,3,5
1205,1236,3,6
1206,3,3,3
1207,1208,3,7
1208,96,3,6
1209,939,3,2
1210,243,3,9
1211,291,3,5
1212,1142,3,10
1213,284,3,9
1214,208,3,7
1215,1111,3,4
1216,906,3,3
1217,294,3,7
1218,618,3,10
1219,160,3,6
1220,1091,3,9
1221,222,3,5
1222,474,3,4
1223,649,3,9
1224,258,3,5
1225,1163,3,3
1226,324,3,6
1227,560,3,5
1228,225,3,8
1229,917,3,10
1230,1183,3,4
1231,1221,3,9
1232,422,3,1
1233,194,3,9
1234,557,3,7
1235,106,3,3
1236,927,3,3
1237,1262,3,10
1238,211,3,4
1239,1145,3,9
1240,196,3,5
1241,1152,3,8
1242,521,3,3
1243,608,3,3
1244,226,3,6
1245,77,3,10
1246,175,3,1
1247,14,3,8
1248,617,3,5
1249,230,3,3
1250,723,3,8
1251,186,3,3
1252,770,3,4
1253,1140,3,5
1254,469,3,4
1255,90,3,2
1256,281,3,6
1257,398,3,9
1258,93,3,8
1259,78,3,5
1260,24,3,5
1261,1147,3,9
1262,663,3,6
1263,363,3,9
1264,434,3,10
1265,320,3,1
1266,301,3,10
1267,100,3,9
1268,879,3,3
1269,277,3,9
1270,195,3,1
1271,67,3,7
1272,624,3,3
1273,952,3,4
1274,1263,3,8
1275,246,3,10
1276,31,3,4
1277,224,3,1
1278,322,3,8
1279,9,3,7
1280,333,3,7
1281,967,3,7
1282,857,3,2
1283,655,3,10
1284,507,3,6
1285,963,3,4
1286,182,3,4
1287,453,3,7
1288,1110,3,5
1289,168,3,8
1290,348,3,1
1291,72,3,1
1292,409,3,4
1293,1097,3,5
1294,816,3,4
1295,215,3,10
1296,1205,3,4
1297,1155,3,9
1298,268,3,10
1299,881,3,9
1300,937,3,3
1301,715,3,7
1302,184,3,9
1303,955,3,1
1304,533,3,7
1305,564,3,7
1306,319,3,2
1307,118,3,3
1308,650,3,2
1309,661,3,4
1310,176,3,1
1311,910,3,9
1312,1151,3,6
1313,647,3,1
1314,532,3,3
1315,11,3,8
1316,1133,3,3
1317,111,3,4
1318,591,3,4
1319,534,3,10
1320,367,3,3
1321,6,3,9
1322,813,3,8
1323,471,3,1
1324,374,3,9
1325,841,3,3
1326,389,3,4
1327,546,3,6
1328,1143,3,6
1329,854,3,10
1330,676,3,8
1331,309,3,3
1332,604,3,5
1333,551,3,1
1334,856,3,4
1335,1174,3,10
1336,334,3,9
1337,1169,3,8
1338,1212,3,9
1339,43,3,6
1340,1146,3,9
1341,694,3,3
1342,1260,3,10
1343,809,3,8
1344,287,3,5
1345,153,3,6
1346,213,3,4
1347,484,3,7
1348,290,3,2
1349,173,3,4
1350,940,3,4
1351,372,3,4
1352,1269,3,9
1353,406,3,9
1354,174,3,10
1355,685,3,7
1356,441,3,4
1357,741,3,9
1358,52,3,1
1359,671,3,3
1360,448,3,5
1361,165,3,7
1362,493,3,7
1363,1139,3,3
1364,227,3,6
1365,411,3,9
1366,646,3,8
1367,396,3,4
1368,496,3,1
1369,847,3,6
1370,823,3,3
1371,503,3,7
1372,157,3,6
1373,825,3,8
1374,1252,3,4
1375,555,4,1
1376,399,4,6
1377,269,4,4
1378,620,4,7
1379,1158,4,4
1380,1127,4,4
1381,268,4,10
1382,85,4,9
1383,576,4,7
1384,1175,4,1
1385,674,4,3
1386,200,4,1
1387,502,4,9
1388,1136,4,4
1389,9,4,2
1390,485,4,5
1391,116,4,5
1392,202,4,4
1393,291,4,10
1394,643,4,6
1395,1090,4,5
1396,64,4,2
1397,346,4,2
1398,328,4,8
1399,292,4,10
1400,376,4,4
1401,1263,4,4
1402,159,4,3
1403,634,4,3
1404,351,4,9
1405,757,4,4
1406,647,4,10
1407,1256,4,10
1408,660,4,4
1409,762,4,3
1410,969,4,3
1411,226,4,10
1412,283,4,9
1413,189,4,2
1414,700,4,10
1415,330,4,5
1416,963,4,10
1417,471,4,7
1418,107,4,3
1419,207,4,4
1420,303,4,7
1421,425,4,8
1422,1148,4,2
1423,104,4,9
1424,397,4,5
1425,493,4,5
1426,626,4,4
1427,1194,4,9
1428,452,4,1
1429,614,4,6
1430,532,4,10
1431,229,4,6
1432,52,4,8
1433,836,4,1
1434,1248,4,2
1435,477,4,3
1436,185,4,7
1437,407,4,10
1438,54,4,4
1439,596,4,5
1440,158,4,2
1441,84,4,8
1442,1266,4,10
1443,29,4,10
1444,356,4,6
1445,775,4,8
1446,183,4,3
1447,1235,4,9
1448,1086,4,6
1449,403,4,5
1450,110,4,8
1451,382,4,5
1452,327,4,2
1453,1192,4,2
1454,591,4,7
1455,811,4,10
1456,754,4,9
1457,441,4,2
1458,773,4,3
1459,919,4,1
1460,1215,4,3
1461,1135,4,4
1462,545,4,4
1463,521,4,4
1464,497,4,6
1465,764,4,3
1466,1168,4,6
1467,857,4,5
1468,383,4,2
1469,1096,4,3
1470,1269,4,10
1471,379,4,9
1472,381,4,1
1473,443,4,4
1474,385,4,1
1475,319,4,8
1476,528,4,10
1477,1181,4,4
1478,855,4,2
1479,1172,4,9
1480,76,4,10
1481,44,4,4
1482,1218,4,2
1483,1179,4,3
1484,853,4,4
1485,1253,4,5
1486,1214,4,5
1487,58,4,3
1488,1199,4,7
1489,51,4,5
1490,413,4,6
1491,98,4,8
1492,712,4,7
1493,464,4,7
1494,480,4,10
1495,587,4,8
1496,70,4,6
1497,691,4,2
1498,1143,4,9
1499,77,4,10
1500,352,4,3
1501,469,4,8
1502,556,4,3
1503,255,4,7
1504,486,4,6
1505,317,4,3
1506,1249,4,1
1507,655,4,7
1508,398,4,6
1509,872,4,5
1510,958,4,3
1511,594,4,2
1512,175,4,4
1513,1185,4,3
1514,527,4,6
1515,690,4,1
1516,549,4,5
1517,488,4,6
1518,813,4,8
1519,525,4,9
1520,1076,4,2
1521,1260,4,9
1522,1139,4,5
1523,28,4,2
1524,275,4,4
1525,551,4,9
1526,33,4,7
1527,583,4,10
1528,108,4,5
1529,1093,4,3
1530,60,4,2
1531,1166,4,1
1532,1193,4,10
1533,325,4,4
1534,354,4,6
1535,223,4,2
1536,1212,4,5
1537,18,4,5
1538,724,4,8
1539,445,4,1
1540,856,4,9
1541,507,4,4
1542,155,4,6
1543,661,4,2
1544,506,4,6
1545,340,4,6
1546,959,4,6
1547,90,4,1
1548,1131,4,10
1549,680,4,5
1550,363,4,4
1551,1142,4,6
1552,377,4,3
1553,809,4,3
1554,310,4,10
1555,1267,4,2
1556,428,4,10
1557,1167,4,10
1558,62,4,10
1559,80,4,6
1560,733,4,10
1561,1186,4,5
1562,971,4,7
1563,967,4,10
1564,293,4,1
1565,149,4,5
1566,1190,4,5
1567,43,4,10
1568,755,4,9
1569,465,4,1
1570,1129,4,7
1571,350,4,9
1572,824,4,1
1573,1203,4,8
1574,306,4,3
1575,632,4,6
1576,362,4,4
1577,624,4,4
1578,254,4,3
1579,34,4,4
1580,1097,4,8
1581,686,4,1
1582,342,4,8
1583,501,4,10
1584,408,4,9
1585,171,4,7
1586,211,4,3
1587,639,4,5
1588,404,4,3
1589,1119,4,2
1590,650,4,10
1591,833,4,2
1592,561,4,6
1593,353,4,7
1594,472,4,1
1595,795,4,3
1596,280,4,7
1597,678,4,9
1598,696,4,6
1599,687,4,9
1600,246,4,5
1601,300,4,2
1602,1228,4,6
1603,473,4,5
1604,1165,4,5
1605,574,4,9
1606,536,4,9
1607,656,4,2
1608,41,4,3
1609,289,4,5
1610,447,4,8
1611,709,4,4
1612,931,4,8
1613,1270,4,10
1614,1243,4,8
1615,1,4,4
1616,218,4,2
1617,278,4,3
1618,375,4,6
1619,250,4,2
1620,96,4,4
1621,42,4,2
1622,498,4,10
1623,645,4,8
1624,689,4,8
1625,434,4,4
1626,688,4,2
1627,761,4,4
1628,1140,4,3
1629,172,4,6
1630,338,4,8
1631,89,4,5
1632,1156,4,2
1633,190,4,2
1634,1088,4,4
1635,106,4,10
1636,194,4,8
1637,873,4,5
1638,928,4,1
1639,1223,4,4
1640,1208,4,9
1641,92,4,4
1642,150,4,1
1643,373,4,2
1644,875,4,5
1645,313,4,3
1646,97,4,5
1647,439,4,10
1648,1164,4,9
1649,392,4,1
1650,1137,4,9
1651,582,4,7
1652,1113,4,4
1653,160,4,10
1654,731,4,6
1655,430,4,7
1656,21,4,8
1657,562,4,2
1658,1251,4,7
1659,1084,4,2
1660,154,4,10
1661,57,4,4
1662,91,4,3
1663,518,4,7
1664,176,4,8
1665,701,4,1
1666,1157,4,6
1667,957,4,5
1668,1147,4,8
1669,1201,4,10
1670,684,4,7
1671,581,4,4
1672,730,4,4
1673,876,4,6
1674,538,4,9
1675,492,4,5
1676,288,4,10
1677,242,4,10
1678,1236,4,4
1679,535,4,9
1680,437,4,8
1681,774,4,6
1682,496,4,9
1683,1170,4,10
1684,945,4,8
1685,974,4,5
1686,180,4,8
1687,166,4,7
1688,371,4,7
1689,214,4,10
1690,669,4,3
1691,55,4,9
1692,241,4,10
1693,380,4,9
1694,758,4,5
1695,204,4,7
1696,357,4,1
1697,752,4,4
1698,256,4,3
1699,237,4,9
1700,1234,4,7
1701,332,4,4
1702,1154,4,9
1703,406,4,2
1704,972,4,7
1705,592,4,3
1706,1191,4,1
1707,1125,4,10
1708,523,4,6
1709,411,4,4
1710,935,4,5
1711,946,4,8
1712,914,4,2
1713,1240,4,2
1714,395,4,2
1715,318,4,4
1716,421,4,6
1717,20,4,1
1718,24,4,8
1719,245,4,4
1720,304,4,4
1721,671,4,9
1722,1233,4,8
1723,846,4,1
1724,557,4,8
1725,102,4,8
1726,297,4,2
1727,35,4,3
1728,209,4,6
1729,1105,4,7
1730,912,4,7
1731,367,4,3
1732,767,4,7
1733,73,4,10
1734,448,4,10
1735,961,4,1
1736,672,4,1
1737,198,4,10
1738,324,4,10
1739,179,4,8
1740,825,4,8
1741,271,4,8
1742,272,4,6
1743,1227,4,8
1744,418,4,6
1745,103,4,1
1746,258,4,6
1747,692,4,3
1748,807,4,6
1749,509,4,2
1750,1130,4,1
1751,253,4,5
1752,320,4,3
1753,251,4,2
1754,216,4,1
1755,953,4,6
1756,1171,4,2
1757,915,4,10
1758,442,4,3
1759,46,4,5
1760,816,4,8
1761,881,4,9
1762,652,4,4
1763,1085,4,1
1764,308,4,10
1765,1198,4,7
1766,436,4,7
1767,500,4,6
1768,664,4,7
1769,704,4,2
1770,366,4,1
1771,405,4,1
1772,100,4,7
1773,225,4,8
1774,387,4,6
1775,578,4,5
1776,165,4,7
1777,412,4,2
1778,220,4,1
1779,653,4,7
1780,940,4,3
1781,451,4,9
1782,270,4,7
1783,265,4,9
1784,1195,4,4
1785,559,4,7
1786,192,4,2
1787,1132,4,3
1788,285,4,9
1789,1126,4,2
1790,1100,4,6
1791,884,4,4
1792,479,4,4
1793,638,4,10
1794,478,4,9
1795,314,4,5
1796,402,4,8
1797,10,4,6
1798,364,4,7
1799,481,4,2
1800,976,4,1
1801,199,4,2
1802,550,4,6
1803,1265,4,2
1804,580,4,3
1805,826,4,9
1806,814,4,5
1807,920,4,10
1808,184,4,4
1809,670,4,3
1810,1095,4,3
1811,941,4,4
1812,612,4,7
1813,423,4,10
1814,1103,4,7
1815,294,4,7
1816,588,4,3
1817,916,4,6
1818,685,4,4
1819,156,4,8
1820,515,4,9
1821,162,4,3
1822,951,4,2
1823,16,4,2
1824,633,4,8
1825,609,4,4
1826,1150,4,7
1827,553,4,3
1828,1176,4,7
1829,854,4,10
1830,282,4,7
1831,1075,4,3
1832,1099,4,6
1833,40,4,7
1834,47,4,10
1835,444,4,2
1836,547,4,7
1837,1217,4,9
1838,105,4,1
1839,195,4,9
1840,296,4,2
1841,1122,4,7
1842,644,4,7
1843,579,4,9
1844,243,4,9
1845,1231,4,7
1846,274,4,10
1847,841,4,1
1848,744,4,3
1849,420,4,6
1850,1092,4,3
1851,1229,4,4
1852,164,4,3
1853,135,4,5
1854,2,4,8
1855,235,4,5
1856,249,4,4
1857,416,4,3
1858,482,4,1
1859,927,4,6
1860,302,4,3
1861,358,4,6
1862,908,4,3
1863,186,4,4
1864,1242,4,8
1865,174,4,10
1866,930,4,4
1867,1239,4,4
1868,1222,4,7
1869,26,4,7
1870,341,4,3
1871,649,4,8
1872,228,4,9
1873,1259,4,6
1874,217,4,3
1875,593,4,8
1876,847,4,9
1877,1162,4,2
1878,181,4,1
1879,457,4,8
1880,435,4,10
1881,635,4,8
1882,815,4,1
1883,819,4,10
1884,827,4,2
1885,858,4,7
1886,906,4,6
1887,1098,4,5
1888,610,4,8
1889,491,4,2
1890,728,4,9
1891,247,4,1
1892,365,4,8
1893,391,4,3
1894,454,4,2
1895,741,4,6
1896,396,4,2
1897,719,4,8
1898,541,4,7
1899,61,4,9
1900,663,4,1
1901,117,4,3
1902,1210,4,1
1903,952,4,9
1904,722,4,7
1905,244,4,9
1906,409,4,2
1907,119,4,8
1908,372,4,6
1909,65,4,1
1910,31,4,1
1911,514,4,4
1912,665,4,1
1913,118,4,8
1914,821,4,8
1915,281,4,2
1916,1116,4,3
1917,575,4,10
1918,299,4,2
1919,1250,4,10
1920,56,4,5
1921,682,4,7
1922,822,4,10
1923,611,4,3
1924,617,4,8
1925,510,4,6
1926,602,4,2
1927,260,4,10
1928,765,4,1
1929,830,4,4
1930,53,4,8
1931,1174,4,5
1932,1180,4,6
1933,1202,4,1
1934,455,4,10
1935,277,4,1
1936,307,4,9
1937,508,4,9
1938,38,4,8
1939,753,4,9
1940,1206,4,3
1941,59,4,7
1942,1173,4,7
1943,956,4,4
1944,248,4,4
1945,393,4,10
1946,157,4,7
1947,772,4,2
1948,240,4,1
1949,1152,4,2
1950,88,4,3
1951,201,4,5
1952,188,4,1
1953,608,4,10
1954,5,4,3
1955,1184,4,9
1956,742,4,8
1957,163,4,1
1958,715,4,6
1959,470,4,3
1960,907,4,7
1961,48,4,3
1962,756,4,10
1963,759,4,4
1964,942,4,6
1965,544,4,3
1966,74,4,3
1967,462,4,6
1968,173,4,9
1969,1141,4,5
1970,852,4,3
1971,511,4,8
1972,1230,4,2
1973,1200,4,10
1974,708,4,10
1975,531,4,7
1976,298,4,5
1977,279,4,9
1978,360,4,7
1979,668,4,6
1980,178,4,4
1981,1238,4,8
1982,177,4,9
1983,230,4,6
1984,664,5,2
1985,1236,5,1
1986,274,5,1
1987,261,5,6
1988,210,5,2
1989,25,5,10
1990,561,5,6
1991,556,5,5
1992,103,5,8
1993,1189,5,1
1994,436,5,1
1995,1144,5,2
1996,1204,5,1
1997,323,5,7
1998,452,5,2
1999,1165,5,5
2000,963,5,4
2001,57,5,9
2002,650,5,8
2003,579,5,7
2004,1205,5,4
2005,534,5,3
2006,756,5,6
2007,1100,5,3
2008,460,5,9
2009,370,5,3
2010,267,5,5
2011,97,5,8
2012,949,5,6
2013,16,5,8
2014,1105,5,2
2015,1195,5,10
2016,395,5,8
2017,243,5,9
2018,511,5,4
2019,457,5,3
2020,652,5,6
2021,635,5,3
2022,560,5,6
2023,277,5,5
2024,488,5,5
2025,529,5,6
2026,429,5,4
2027,93,5,1
2028,1087,5,4
2029,244,5,4
2030,1177,5,8
2031,151,5,9
2032,205,5,3
2033,149,5,8
2034,587,5,10
2035,325,5,3
2036,627,5,10
2037,599,5,4
2038,1176,5,5
2039,643,5,6
2040,1219,5,9
2041,509,5,10
2042,700,5,3
2043,355,5,8
2044,257,5,3
2045,285,5,9
2046,662,5,4
2047,743,5,10
2048,174,5,4
2049,810,5,5
2050,307,5,6
2051,1244,5,2
2052,950,5,6
2053,1096,5,7
2054,104,5,6
2055,731,5,1
2056,293,5,2
2057,134,5,2
2058,314,5,9
2059,1200,5,3
2060,602,5,7
2061,203,5,9
2062,92,5,3
2063,964,5,1
2064,543,5,8
2065,161,5,9
2066,258,5,2
2067,206,5,8
2068,502,5,2
2069,605,5,8
2070,212,5,3
2071,564,5,9
2072,1221,5,3
2073,366,5,2
2074,540,5,3
2075,1111,5,9
2076,289,5,9
2077,1097,5,7
2078,64,5,6
2079,60,5,8
2080,668,5,5
2081,308,5,5
2082,524,5,9
2083,960,5,3
2084,153,5,6
2085,834,5,7
2086,1264,5,5
2087,594,5,6
2088,437,5,6
2089,485,5,2
2090,1094,5,3
2091,775,5,1
2092,111,5,4
2093,542,5,7
2094,1196,5,7
2095,1172,5,4
2096,709,5,8
2097,665,5,4
2098,187,5,3
2099,254,5,5
2100,72,5,8
2101,536,5,1
2102,808,5,5
2103,906,5,10
2104,14,5,3
2105,197,5,2
2106,500,5,4
2107,640,5,9
2108,119,5,10
2109,21,5,4
2110,313,5,7
2111,1233,5,7
2112,79,5,5
2113,42,5,10
2114,171,5,2
2115,32,5,8
2116,486,5,2
2117,1229,5,6
2118,1187,5,5
2119,156,5,8
2120,227,5,4
2121,83,5,2
2122,691,5,8
2123,494,5,1
2124,535,5,2
2125,39,5,5
2126,108,5,6
2127,489,5,4
2128,817,5,1
2129,279,5,9
2130,26,5,5
2131,917,5,6
2132,762,5,3
2133,1137,5,8
2134,242,5,9
2135,774,5,6
2136,248,5,8
2137,1132,5,3
2138,364,5,6
2139,265,5,10
2140,374,5,1
2141,1103,5,5
2142,166,5,8
2143,639,5,1
2144,451,5,8
2145,907,5,9
2146,1232,5,9
2147,836,5,4
2148,326,5,7
2149,240,5,3
2150,1108,5,2
2151,942,5,2
2152,435,5,3
2153,234,5,8
2154,320,5,3
2155,163,5,2
2156,659,5,8
2157,246,5,1
2158,740,5,10
2159,82,5,3
2160,288,5,5
2161,631,5,9
2162,519,5,8
2163,823,5,3
2164,600,5,2
2165,178,5,10
2166,45,5,6
2167,763,5,10
2168,20,5,1
2169,645,5,3
2170,577,5,4
2171,405,5,5
2172,591,5,8
2173,624,5,8
2174,1166,5,10
2175,598,5,7
2176,433,5,7
2177,1224,5,4
2178,613,5,1
2179,941,5,1
2180,679,5,6
2181,378,5,1
2182,856,5,7
2183,23,5,10
2184,695,5,1
2185,1257,5,2
2186,208,5,7
2187,414,5,10
2188,283,5,5
2189,423,5,6
2190,1227,5,10
2191,967,5,3
2192,589,5,3
2193,1142,5,6
2194,663,5,2
2195,658,5,1
2196,692,5,3
2197,554,5,8
2198,683,5,2
2199,956,5,7
2200,1174,5,2
2201,1186,5,5
2202,189,5,8
2203,232,5,8
2204,367,5,7
2205,1163,5,9
2206,46,5,6
2207,249,5,8
2208,1116,5,9
2209,873,5,2
2210,1245,5,4
2211,948,5,10
2212,211,5,7
2213,853,5,3
2214,1182,5,6
2215,1249,5,2
2216,310,5,5
2217,1214,5,10
2218,22,5,3
2219,473,5,10
2220,253,5,7
2221,404,5,3
2222,680,5,10
2223,316,5,6
2224,48,5,6
2225,811,5,9
2226,299,5,6
2227,472,5,5
2228,1109,5,2
2229,1146,5,4
2230,180,5,10
2231,40,5,10
2232,588,5,3
2233,109,5,6
2234,188,5,6
2235,538,5,9
2236,387,5,8
2237,385,5,8
2238,419,5,6
2239,493,5,9
2240,19,5,7
2241,428,5,2
2242,724,5,1
2243,400,5,1
2244,1093,5,9
2245,968,5,2
2246,673,5,10
2247,555,5,9
2248,661,5,5
2249,406,5,9
2250,182,5,2
2251,962,5,4
2252,106,5,9
2253,1117,5,1
2254,255,5,9
2255,553,5,4
2256,12,5,9
2257,375,5,6
2258,675,5,1
2259,351,5,7
2260,172,5,1
2261,332,5,10
2262,352,5,2
2263,844,5,10
2264,3,5,6
2265,533,5,4
2266,1248,5,3
2267,920,5,6
2268,615,5,9
2269,75,5,5
2270,216,5,2
2271,666,5,9
2272,1250,5,7
2273,270,5,10
2274,379,5,9
2275,269,5,5
2276,720,5,5
2277,1240,5,6
2278,221,5,10
2279,444,5,7
2280,797,5,4
2281,480,5,7
2282,714,5,4
2283,95,5,7
2284,372,5,8
2285,66,5,8
2286,660,5,9
2287,217,5,7
2288,328,5,5
2289,397,5,2
2290,699,5,10
2291,1118,5,9
2292,365,5,6
2293,196,5,4
2294,527,5,7
2295,934,5,8
2296,975,5,1
2297,1139,5,8
2298,1167,5,8
2299,1237,5,9
2300,88,5,1
2301,1153,5,4
2302,727,5,1
2303,391,5,1
2304,87,5,6
2305,812,5,6
2306,908,5,9
2307,1259,5,1
2308,1120,5,3
2309,1258,5,8
2310,1173,5,1
2311,157,5,10
2312,953,5,8
2313,1239,5,10
2314,681,5,2
2315,618,5,1
2316,1185,5,1
2317,105,5,7
2318,754,5,8
2319,245,5,5
2320,1241,5,8
2321,470,5,2
2322,247,5,1
2323,1206,5,6
2324,89,5,2
2325,1235,5,4
2326,383,5,1
2327,685,5,5
2328,690,5,8
2329,916,5,2
2330,59,5,1
2331,1123,5,8
2332,17,5,5
2333,918,5,2
2334,938,5,2
2335,638,5,9
2336,492,5,4
2337,687,5,3
2338,1160,5,3
2339,236,5,10
2340,1255,5,7
2341,416,5,2
2342,919,5,9
2343,1085,5,9
2344,271,5,1
2345,417,5,5
2346,179,5,9
2347,1161,5,7
2348,276,5,5
2349,689,5,6
2350,828,5,2
2351,202,5,5
2352,548,5,10
2353,1210,5,6
2354,884,5,1
2355,322,5,2
2356,829,5,3
2357,506,5,4
2358,369,5,1
2359,1168,5,8
2360,53,5,1
2361,464,5,3
2362,1136,5,10
2363,201,5,6
2364,117,5,9
2365,478,5,10
2366,403,5,5
2367,118,5,5
2368,755,5,6
2369,1155,5,9
2370,1098,5,4
2371,965,5,1
2372,338,5,7
2373,1271,5,6
2374,833,5,10
2375,768,5,7
2376,77,5,7
2377,263,5,4
2378,80,5,7
2379,516,5,1
2380,1125,5,9
2381,1159,5,4
2382,875,5,4
2383,522,5,4
2384,27,5,8
2385,734,5,7
2386,278,5,3
2387,191,5,8
2388,162,5,1
2389,38,5,5
2390,850,5,1
2391,531,5,1
2392,677,5,1
2393,905,5,7
2394,1218,5,6
2395,455,5,5
2396,656,5,4
2397,363,5,9
2398,1199,5,6
2399,94,5,10
2400,544,5,7
2401,81,5,7
2402,597,5,3
2403,200,5,8
2404,541,5,5
2405,911,5,6
2406,723,5,1
2407,4,5,4
2408,974,5,4
2409,753,5,3
2410,854,5,9
2411,1133,5,8
2412,546,5,5
2413,110,5,5
2414,595,5,8
2415,34,5,3
2416,228,5,7
2417,112,5,10
2418,495,5,5
2419,262,5,7
2420,1134,5,10
2421,607,5,9
2422,827,5,8
2423,625,5,10
2424,51,5,4
2425,532,5,10
2426,1247,5,4
2427,491,5,3
2428,1242,5,9
2429,769,5,4
2430,612,5,3
2431,54,5,3
2432,1086,5,3
2433,439,5,2
2434,424,5,10
2435,164,5,9
2436,193,5,8
2437,73,5,3
2438,1201,5,10
2439,572,5,4
2440,15,5,2
2441,296,5,5
2442,311,5,6
2443,496,5,9
2444,413,5,6
2445,550,5,1
2446,843,5,7
2447,58,5,7
2448,321,5,6
2449,1106,5,2
2450,610,5,8
2451,559,5,3
2452,431,5,1
2453,686,5,9
2454,432,5,5
2455,764,5,4
2456,10,5,5
2457,730,5,3
2458,294,5,3
2459,356,5,8
2460,382,5,7
2461,972,5,5
2462,250,5,1
2463,596,5,9
2464,609,5,8
2465,1129,5,7
2466,389,5,9
2467,1169,5,1
2468,957,5,10
2469,1149,5,3
2470,728,5,5
2471,678,5,9
2472,584,5,9
2473,84,5,6
2474,220,5,9
2475,1158,5,6
2476,1156,5,2
2477,616,5,9
2478,6,5,8
2479,970,5,8
2480,368,5,5
2481,611,5,2
2482,1131,5,4
2483,1154,5,4
2484,284,5,2
2485,466,5,7
2486,586,5,2
2487,1113,5,5
2488,41,5,2
2489,358,5,7
2490,1251,5,8
2491,927,5,2
2492,18,5,7
2493,1194,5,10
2494,158,5,4
2495,935,5,4
2496,238,5,2
2497,327,5,7
2498,215,5,3
2499,1198,5,6
2500,713,5,1
2501,185,5,7
2502,340,5,8
2503,1213,5,10
2504,726,5,9
2505,930,5,4
2506,408,5,4
2507,213,5,2
2508,1099,5,5
2509,229,5,6
2510,275,5,4
2511,392,5,1
2512,940,5,9
2513,1197,5,8
2514,1145,5,7
2515,305,5,6
2516,1193,5,10
2517,880,5,9
2518,1212,5,5
2519,744,5,7
2520,1256,5,6
2521,1088,5,8
2522,590,5,1
2523,318,5,5
2524,971,5,2
2525,831,5,8
2526,1178,5,3
2527,671,5,9
2528,29,5,5
2529,396,5,7
2530,649,5,5
2531,1147,5,3
2532,757,5,6
2533,481,5,7
2534,237,5,1
2535,99,5,3
2536,1162,5,1
2537,1203,5,4
2538,235,5,2
2539,651,5,4
2540,448,5,8
2541,722,5,5
2542,194,5,4
2543,580,5,1
2544,100,5,10
2545,415,5,9
2546,360,5,10
2547,465,5,1
2548,929,5,5
2549,1138,5,6
2550,1223,5,8
2551,521,5,9
2552,583,5,7
2553,517,5,2
2554,669,5,9
2555,96,5,7
2556,1183,5,3
2557,706,5,1
2558,440,5,3
2559,71,5,6
2560,973,5,5
2561,630,5,6
2562,469,5,7
2563,168,5,10
2564,507,5,3
2565,721,5,1
2566,1080,5,6
2567,1170,5,3
2568,295,5,7
2569,576,5,3
2570,909,5,7
2571,876,5,3
2572,44,5,1
2573,1270,5,10
2574,50,5,8
2575,186,5,6
2576,1208,5,7
2577,642,5,5
2578,315,5,3
2579,490,5,2
2580,487,5,1
2581,765,5,5
2582,694,5,7
2583,954,5,6
2584,300,5,3
2585,552,5,9
2586,849,5,8
2587,67,5,6
2588,410,5,1
2589,508,5,6
2590,637,5,9
2591,581,5,8
2592,2,5,3
2593,939,5,10
2594,1252,5,7
2595,1265,5,5
2596,1175,5,9
2597,498,5,10
2598,626,5,10
2599,819,5,7
2600,1190,5,10
2601,1110,5,4
2602,393,5,9
2603,1217,5,10
2604,520,5,4
2605,796,5,9
2606,966,5,9
2607,759,5,6
2608,442,5,2
2609,1089,5,4
2610,337,5,9
2611,411,5,9
2612,824,5,8
2613,910,5,5
2614,1243,5,5
2615,175,5,7
2616,347,5,3
2617,291,5,2
2618,136,5,3
2619,438,5,2
2620,539,5,4
2621,341,5,8
2622,154,5,7
2623,477,5,7
2624,847,5,4
2625,483,5,10
2626,1130,5,4
2627,150,5,1
2628,585,5,9
2629,346,5,7
2630,858,5,5
2631,91,5,8
2632,312,5,6
2633,85,5,4
2634,818,5,10
2635,562,5,9
2636,1122,5,3
2637,1230,5,2
2638,1253,5,1
2639,977,5,4
2640,264,5,6
2641,684,5,9
2642,952,5,1
2643,306,5,9
2644,1095,5,9
2645,302,5,10
2646,719,5,9
2647,28,5,7
2648,822,5,1
2649,1150,5,6
2650,725,5,5
2651,1140,5,9
2652,501,5,3
2653,68,5,6
2654,268,5,7
2655,1192,5,5
2656,152,5,8
2657,578,5,5
2658,883,5,10
2659,260,5,8
2660,1207,5,3
2661,1114,5,1
2662,708,5,7
2663,513,5,6
2664,928,5,5
2665,915,5,2
2666,826,5,6
2667,1202,5,7
2668,816,5,4
2669,620,5,5
2670,1238,5,8
2671,354,5,5
2672,454,5,4
2673,223,5,10
2674,832,5,6
2675,1141,5,5
2676,1231,5,1
2677,384,5,9
2678,582,5,7
2679,674,5,6
2680,1222,5,10
2681,479,5,9
2682,1263,5,4
2683,1181,5,4
2684,458,5,8
2685,63,5,4
2686,814,5,3
2687,1127,5,4
2688,362,5,10
2689,190,5,6
2690,672,5,4
2691,634,5,10
2692,1135,5,8
2693,333,5,5
2694,319,5,8
2695,795,5,1
2696,732,5,8
2697,857,5,1
2698,409,5,8
2699,515,5,8
2700,447,5,6
2701,401,5,6
2702,614,5,3
2703,344,5,2
2704,339,5,6
2705,1091,5,1
2706,381,5,3
2707,421,5,7
2708,1246,5,5
2709,176,5,7
2710,445,5,3
2711,70,5,1
2712,1215,5,10
2713,752,5,9
2714,303,5,3
2715,8,5,10
2716,282,5,8
2717,402,5,5
2718,425,5,5
2719,55,5,6
2720,670,5,7
2721,655,5,4
2722,209,5,8
2723,192,5,7
2724,761,5,2
2725,503,5,10
2726,334,5,6
2727,218,5,6
2728,5,5,8
2729,239,5,1
2730,24,5,2
2731,946,5,8
2732,932,5,1
2733,453,5,8
2734,497,5,9
2735,647,5,7
2736,904,5,6
2737,1267,5,2
2738,222,5,2
2739,575,5,8
2740,177,5,10
2741,697,5,6
2742,207,5,8
2743,348,5,7
2744,653,5,1
2745,815,5,6
2746,11,5,9
2747,1151,5,9
2748,821,5,8
2749,342,5,10
2750,841,5,4
2751,298,5,8
2752,198,5,5
2753,461,5,10
2754,704,5,2
2755,951,5,4
2756,324,5,8
2757,231,5,1
2758,961,5,7
2759,514,5,9
2760,329,5,3
2761,219,5,4
2762,226,5,1
2763,959,5,3
2764,399,5,9
2765,735,5,5
2766,879,5,3
2767,760,5,4
2768,116,5,5
2769,852,5,2
2770,62,5,10
2771,170,5,6
2772,505,5,4
2773,474,5,9
2774,872,5,3
2775,309,5,6
2776,1171,5,2
2777,573,5,4
2778,1115,5,3
2779,1077,5,5
2780,359,5,6
2781,931,5,4
2782,882,5,5
2783,390,5,9
2784,350,5,3
2785,718,5,5
2786,462,5,9
2787,398,5,1
2788,349,5,4
2789,1266,5,3
2790,1090,5,2
2791,61,5,6
2792,251,5,7
2793,1092,5,7
2794,304,5,2
2795,1216,5,5
2796,547,5,8
2797,1084,5,5
2798,13,5,7
2799,1260,5,7
2800,510,5,3
2801,468,5,9
2802,1128,5,6
2803,1107,5,2
2804,912,5,8
2805,1121,5,10
2806,1278,5,10
2807,733,5,2
2808,1188,5,1
2809,937,5,5
2810,528,5,7
2811,86,5,9
2812,107,5,4
2813,167,5,6
2814,317,5,5
2815,693,5,3
2816,914,5,8
2817,741,5,5
2818,420,5,4
2819,632,5,7
2820,845,5,7
2821,449,5,10
2822,214,5,6
2823,373,5,6
2824,1262,5,9
2825,418,5,1
2826,1225,5,4
2827,49,5,1
2828,563,5,5
2829,233,5,3
2830,78,5,4
2831,851,5,6
2832,33,5,8
2833,945,5,4
2834,1180,5,5
2835,482,5,6
2836,181,5,2
2837,807,5,4
2838,159,5,5
2839,353,5,6
2840,31,5,4
2841,388,5,6
2842,809,5,7
2843,518,5,2
2844,256,5,5
2845,7,5,5
2846,430,5,5
2847,225,5,3
2848,380,5,5
2849,160,5,6
2850,272,5,9
2851,184,5,4
2852,593,5,6
2853,98,5,5
2854,345,5,6
2855,592,5,9
2856,422,5,4
2857,499,5,2
2858,629,5,7
2859,1126,5,8
2860,881,5,7
2861,292,5,5
2862,712,5,10
2863,705,5,7
2864,619,5,5
2865,1152,5,3
2866,281,5,10
2867,443,5,5
2868,1164,5,7
2869,758,5,1
2870,551,5,3
2871,1254,5,9
2872,165,5,1
2873,526,5,9
2874,936,5,4
2875,657,5,2
2876,820,5,4
2877,676,6,9
2878,480,6,7
2879,499,6,3
2880,466,6,10
2881,603,6,7
2882,1172,6,5
2883,1259,6,1
2884,759,6,7
2885,694,6,2
2886,97,6,5
2887,637,6,8
2888,542,6,10
2889,1118,6,5
2890,81,6,3
2891,236,6,7
2892,974,6,9
2893,905,6,4
2894,967,6,3
2895,614,6,3
2896,649,6,8
2897,412,6,4
2898,109,6,7
2899,1198,6,3
2900,697,6,7
2901,1105,6,5
2902,69,6,3
2903,640,6,8
2904,827,6,1
2905,963,6,4
2906,76,6,4
2907,37,6,1
2908,600,6,9
2909,153,6,3
2910,629,6,2
2911,74,6,4
2912,638,6,5
2913,817,6,8
2914,601,6,3
2915,715,6,4
2916,660,6,7
2917,235,6,10
2918,732,6,8
2919,485,6,1
2920,977,6,4
2921,740,6,8
2922,404,6,6
2923,942,6,7
2924,1201,6,10
2925,311,6,5
2926,366,6,7
2927,497,6,5
2928,244,6,7
2929,690,6,6
2930,531,6,6
2931,266,6,10
2932,1092,6,2
2933,167,6,4
2934,1173,6,4
2935,655,6,9
2936,360,6,7
2937,229,6,3
2938,760,6,7
2939,494,6,2
2940,548,6,2
2941,313,6,1
2942,288,6,6
2943,1251,6,6
2944,742,6,4
2945,27,6,6
2946,972,6,9
2947,1,6,6
2948,249,6,7
2949,43,6,1
2950,1130,6,5
2951,345,6,4
2952,344,6,6
2953,1175,6,8
2954,772,6,1
2955,1270,6,4
2956,218,6,3
2957,151,6,2
2958,653,6,5
2959,5,6,6
2960,1143,6,9
2961,1141,6,4
2962,1225,6,9
2963,394,6,8
2964,752,6,2
2965,108,6,3
2966,1232,6,3
2967,1093,6,3
2968,481,6,9
2969,1146,6,1
2970,1204,6,4
2971,496,6,8
2972,705,6,5
2973,279,6,5
2974,370,6,2
2975,321,6,7
2976,331,6,2
2977,1223,6,1
2978,38,6,10
2979,1258,6,7
2980,347,6,3
2981,1228,6,7
2982,1085,6,7
2983,134,6,8
2984,615,6,2
2985,935,6,8
2986,1181,6,9
2987,518,6,2
2988,964,6,4
2989,920,6,10
2990,795,6,10
2991,538,6,9
2992,664,6,6
2993,1129,6,3
2994,180,6,2
2995,446,6,2
2996,110,6,9
2997,512,6,10
2998,471,6,1
2999,858,6,8
3000,280,6,8
3001,737,6,9
3002,255,6,3
3003,1200,6,1
3004,515,6,7
3005,52,6,4
3006,448,6,5
3007,577,6,2
3008,289,6,8
3009,265,6,1
3010,178,6,4
3011,385,6,6
3012,674,6,3
3013,458,6,4
3014,187,6,4
3015,525,6,8
3016,642,6,10
3017,1208,6,3
3018,616,6,5
3019,1243,6,9
3020,478,6,10
3021,354,6,5
3022,945,6,10
3023,103,6,7
3024,849,6,4
3025,654,6,10
3026,369,6,5
3027,319,6,1
3028,1190,6,4
3029,233,6,3
3030,35,6,9
3031,495,6,7
3032,559,6,8
3033,624,6,3
3034,111,6,5
3035,453,6,3
3036,976,6,4
3037,588,6,6
3038,646,6,6
3039,634,6,9
3040,823,6,7
3041,104,6,5
3042,693,6,9
3043,1187,6,6
3044,477,6,8
3045,442,6,7
3046,1264,6,6
3047,576,6,8
3048,584,6,1
3049,668,6,9
3050,328,6,4
3051,94,6,4
3052,181,6,7
3053,409,6,7
3054,608,6,8
3055,927,6,7
3056,604,6,1
3057,355,6,6
3058,150,6,4
3059,1091,6,10
3060,1126,6,6
3061,290,6,7
3062,1195,6,7
3063,225,6,1
3064,1219,6,4
3065,1192,6,5
3066,909,6,4
3067,916,6,2
3068,1145,6,3
3069,443,6,7
3070,440,6,8
3071,514,6,6
3072,965,6,2
3073,1165,6,9
3074,469,6,3
3075,326,6,10
3076,1149,6,6
3077,1213,6,9
3078,670,6,10
3079,1098,6,6
3080,884,6,8
3081,519,6,7
3082,1125,6,10
3083,828,6,10
3084,217,6,3
3085,66,6,10
3086,852,6,7
3087,46,6,7
3088,177,6,2
3089,1278,6,7
3090,194,6,5
3091,591,6,5
3092,1124,6,6
3093,661,6,1
3094,460,6,10
3095,268,6,4
3096,253,6,2
3097,959,6,2
3098,307,6,7
3099,374,6,7
3100,71,6,2
3101,813,6,9
3102,1107,6,3
3103,1267,6,2
3104,535,6,5
3105,489,6,3
3106,59,6,4
3107,675,6,6
3108,523,6,6
3109,402,6,7
3110,454,6,5
3111,686,6,10
3112,1229,6,3
3113,329,6,8
3114,20,6,5
3115,389,6,5
3116,1203,6,5
3117,284,6,5
3118,77,6,6
3119,1196,6,6
3120,433,6,6
3121,199,6,9
3122,598,6,5
3123,170,6,6
3124,72,6,6
3125,807,6,10
3126,100,6,5
3127,424,6,9
3128,1151,6,8
3129,1217,6,3
3130,75,6,5
3131,185,6,5
3132,166,6,8
3133,1263,6,4
3134,683,6,3
3135,682,6,1
3136,625,6,6
3137,727,6,10
3138,206,6,1
3139,510,6,10
3140,162,6,1
3141,673,6,4
3142,257,6,5
3143,534,6,6
3144,1159,6,7
3145,659,6,3
3146,191,6,1
3147,31,6,9
3148,386,6,10
3149,12,6,3
3150,324,6,3
3151,819,6,10
3152,1215,6,8
3153,89,6,9
3154,578,6,1
3155,57,6,5
3156,610,6,9
3157,343,6,7
3158,912,6,9
3159,1109,6,1
3160,873,6,9
3161,70,6,5
3162,271,6,4
3163,353,6,5
3164,1138,6,2
3165,743,6,8
3166,596,6,6
3167,32,6,8
3168,763,6,6
3169,209,6,3
3170,536,6,8
3171,587,6,8
3172,492,6,4
3173,1155,6,3
3174,722,6,1
3175,261,6,10
3176,278,6,7
3177,1142,6,8
3178,98,6,4
3179,1164,6,9
3180,856,6,1
3181,325,6,1
3182,1256,6,9
3183,1194,6,3
3184,179,6,4
3185,513,6,9
3186,652,6,9
3187,294,6,6
3188,689,6,1
3189,1087,6,8
3190,342,6,1
3191,712,6,7
3192,822,6,4
3193,205,6,8
3194,658,6,9
3195,6,6,9
3196,473,6,10
3197,552,6,3
3198,415,6,8
3199,599,6,7
3200,102,6,9
3201,451,6,8
3202,950,6,3
3203,297,6,8
3204,768,6,6
3205,226,6,9
3206,816,6,2
3207,195,6,9
3208,68,6,8
3209,474,6,9
3210,305,6,9
3211,276,6,4
3212,1235,6,2
3213,1099,6,3
3214,256,6,5
3215,744,6,4
3216,818,6,1
3217,264,6,7
3218,1088,6,2
3219,420,6,5
3220,1160,6,3
3221,107,6,5
3222,1114,6,9
3223,1212,6,9
3224,231,6,9
3225,1230,6,7
3226,241,6,5
3227,24,6,10
3228,1269,6,4
3229,914,6,10
3230,238,6,1
3231,607,6,1
3232,230,6,4
3233,432,6,8
3234,1185,6,8
3235,639,6,1
3236,960,6,2
3237,597,6,5
3238,62,6,10
3239,406,6,1
3240,1211,6,1
3241,678,6,3
3242,562,6,6
3243,662,6,1
3244,484,6,5
3245,854,6,2
3246,359,6,10
3247,1186,6,1
3248,214,6,6
3249,834,6,5
3250,656,6,3
3251,605,6,8
3252,157,6,3
3253,491,6,8
3254,812,6,6
3255,245,6,4
3256,754,6,1
3257,1202,6,3
3258,881,6,4
3259,393,6,2
3260,258,6,2
3261,403,6,4
3262,971,6,1
3263,1254,6,2
3264,304,6,5
3265,810,6,7
3266,168,6,9
3267,160,6,1
3268,106,6,10
3269,853,6,6
3270,461,6,10
3271,1207,6,7
3272,287,6,8
3273,188,6,3
3274,708,6,3
3275,240,6,10
3276,423,6,7
3277,1110,6,1
3278,1120,6,4
3279,1148,6,7
3280,203,6,4
3281,25,6,5
3282,216,6,5
3283,365,6,4
3284,1150,6,10
3285,547,6,1
3286,797,6,8
3287,17,6,2
3288,251,6,2
3289,439,6,5
3290,227,6,6
3291,936,6,2
3292,685,6,6
3293,955,6,7
3294,1265,6,7
3295,302,6,3
3296,401,6,6
3297,445,6,1
3298,356,6,5
3299,380,6,1
3300,112,6,3
3301,182,6,4
3302,1197,6,4
3303,734,6,1
3304,340,6,4
3305,970,6,3
3306,425,6,9
3307,937,6,10
3308,1113,6,10
3309,281,6,7
3310,526,6,5
3311,719,6,6
3312,197,6,7
3313,92,6,6
3314,246,6,4
3315,883,6,10
3316,583,6,6
3317,765,6,9
3318,687,6,10
3319,962,6,10
3320,957,6,4
3321,1096,6,9
3322,589,6,10
3323,486,6,7
3324,291,6,6
3325,390,6,10
3326,335,6,10
3327,952,6,8
3328,609,6,9
3329,272,6,3
3330,507,6,1
3331,1260,6,6
3332,939,6,8
3333,882,6,5
3334,1271,6,1
3335,857,6,9
3336,13,6,8
3337,498,6,9
3338,826,6,8
3339,357,6,6
3340,418,6,8
3341,815,6,4
3342,95,6,8
3343,1086,6,7
3344,663,6,7
3345,159,6,7
3346,503,6,9
3347,1214,6,9
3348,516,6,2
3349,847,6,4
3350,721,6,8
3351,831,6,5
3352,774,6,8
3353,1108,6,3
3354,556,6,4
3355,681,6,8
3356,1122,6,6
3357,1137,6,5
3358,55,6,3
3359,672,6,3
3360,21,6,1
3361,934,6,5
3362,47,6,9
3363,572,6,7
3364,407,6,5
3365,938,6,9
3366,416,6,5
3367,56,6,10
3368,1095,6,8
3369,22,6,3
3370,613,6,7
3371,1184,6,2
3372,1174,6,10
3373,28,6,10
3374,695,6,10
3375,219,6,3
3376,482,6,10
3377,908,6,10
3378,488,6,6
3379,292,6,6
3380,208,7,5
3381,336,7,9
3382,30,7,2
3383,952,7,9
3384,312,7,4
3385,51,7,10
3386,655,7,1
3387,25,7,10
3388,326,7,10
3389,173,7,4
3390,1187,7,6
3391,505,7,5
3392,937,7,2
3393,362,7,2
3394,1184,7,9
3395,911,7,2
3396,82,7,10
3397,548,7,7
3398,300,7,7
3399,1126,7,1
3400,267,7,10
3401,380,7,3
3402,496,7,1
3403,741,7,10
3404,1193,7,3
3405,700,7,5
3406,255,7,9
3407,581,7,8
3408,731,7,5
3409,1124,7,3
3410,579,7,7
3411,344,7,6
3412,108,7,8
3413,940,7,3
3414,604,7,8
3415,1255,7,4
3416,699,7,7
3417,1211,7,5
3418,680,7,3
3419,249,7,10
3420,715,7,3
3421,510,7,7
3422,595,7,6
3423,55,7,1
3424,1264,7,7
3425,817,7,8
3426,238,7,8
3427,572,7,3
3428,278,7,5
3429,70,7,1
3430,618,7,1
3431,263,7,6
3432,1227,7,1
3433,1116,7,5
3434,213,7,7
3435,313,7,6
3436,161,7,4
3437,163,7,10
3438,440,7,1
3439,767,7,7
3440,102,7,6
3441,329,7,10
3442,653,7,1
3443,935,7,5
3444,160,7,6
3445,175,7,4
3446,491,7,5
3447,536,7,3
3448,156,7,4
3449,1084,7,9
3450,96,7,6
3451,53,7,1
3452,1138,7,5
3453,619,7,9
3454,1261,7,3
3455,1107,7,9
3456,406,7,4
3457,610,7,9
3458,33,7,8
3459,353,7,8
3460,1191,7,9
3461,918,7,8
3462,704,7,8
3463,723,7,3
3464,1228,7,7
3465,759,7,5
3466,1,7,2
3467,211,7,10
3468,49,7,2
3469,77,7,6
3470,271,7,6
3471,1181,7,9
3472,968,7,4
3473,960,7,5
3474,846,7,7
3475,45,7,4
3476,811,7,10
3477,269,7,3
3478,821,7,1
3479,1130,7,1
3480,448,7,6
3481,617,7,9
3482,155,7,10
3483,1190,7,1
3484,283,7,1
3485,165,7,7
3486,423,7,4
3487,219,7,10
3488,244,7,3
3489,422,7,7
3490,934,7,2
3491,158,7,7
3492,104,7,9
3493,928,7,3
3494,400,7,2
3495,486,7,4
3496,824,7,9
3497,1131,7,3
3498,875,7,1
3499,216,7,1
3500,1182,7,10
3501,1125,7,5
3502,678,7,4
3503,853,7,7
3504,1247,7,4
3505,65,7,4
3506,872,7,5
3507,648,7,4
3508,1267,7,10
3509,709,7,1
3510,79,7,2
3511,1207,7,10
3512,1237,7,6
3513,942,7,1
3514,398,7,8
3515,1178,7,10
3516,857,7,7
3517,256,7,3
3518,202,7,6
3519,98,7,6
3520,1129,7,7
3521,659,7,7
3522,221,7,7
3523,1262,7,8
3524,553,7,7
3525,506,7,9
3526,1144,7,9
3527,1076,7,2
3528,303,7,2
3529,394,7,2
3530,1186,7,3
3531,726,7,9
3532,383,7,6
3533,881,7,6
3534,91,7,8
3535,626,7,2
3536,64,7,9
3537,563,7,7
3538,72,7,2
3539,24,7,1
3540,1278,7,5
3541,573,7,2
3542,773,7,5
3543,299,7,10
3544,1222,7,6
3545,89,7,5
3546,296,7,10
3547,492,7,9
3548,4,7,2
3549,596,7,1
3550,1185,7,7
3551,399,7,2
3552,93,7,5
3553,1210,7,5
3554,305,7,1
3555,234,7,4
3556,327,7,4
3557,669,7,9
3558,1122,7,2
3559,695,7,6
3560,262,7,9
3561,437,7,1
3562,75,7,5
3563,377,7,9
3564,119,7,1
3565,1230,7,7
3566,86,7,9
3567,63,7,3
3568,752,7,2
3569,183,7,2
3570,99,7,2
3571,73,7,7
3572,226,7,8
3573,1097,7,7
3574,421,7,6
3575,539,7,7
3576,656,7,10
3577,535,7,8
3578,276,7,6
3579,478,7,7
3580,645,7,3
3581,1265,7,5
3582,1221,7,10
3583,442,7,4
3584,358,7,8
3585,614,7,10
3586,576,7,5
3587,94,7,10
3588,1094,7,6
3589,592,7,8
3590,172,7,9
3591,586,7,6
3592,1218,7,1
3593,480,7,4
3594,1165,7,4
3595,1203,7,6
3596,482,7,8
3597,643,7,6
3598,389,7,7
3599,1080,7,2
3600,1166,7,2
3601,526,7,3
3602,1250,7,6
3603,652,7,5
3604,322,7,7
3605,541,7,5
3606,552,7,1
3607,1117,7,6
3608,873,7,6
3609,386,7,10
3610,560,7,6
3611,1199,7,8
3612,1089,7,10
3613,854,7,2
3614,810,7,10
3615,136,7,9
3616,660,7,9
3617,753,7,9
3618,419,7,4
3619,367,7,9
3620,392,7,4
3621,381,7,2
3622,730,7,10
3623,116,7,10
3624,497,7,1
3625,1251,7,9
3626,546,7,6
3627,584,7,4
3628,321,7,4
3629,525,7,5
3630,608,7,7
3631,153,7,5
3632,185,7,9
3633,3,7,3
3634,411,7,4
3635,591,7,1
3636,189,7,9
3637,1183,7,5
3638,337,7,8
3639,509,7,10
3640,415,7,6
3641,35,7,7
3642,443,7,4
3643,180,7,5
3644,1137,7,6
3645,451,7,5
3646,970,7,10
3647,681,7,7
3648,44,7,5
3649,241,7,9
3650,599,7,1
3651,542,7,8
3652,434,7,7
3653,97,7,9
3654,357,7,7
3655,529,7,4
3656,258,7,8
3657,210,7,10
3658,373,7,8
3659,19,7,10
3660,338,7,5
3661,517,7,4
3662,351,7,1
3663,1095,7,5
3664,1108,7,7
3665,247,7,7
3666,14,7,8
3667,152,7,10
3668,818,7,7
3669,1170,7,1
3670,936,7,7
3671,37,7,6
3672,350,7,2
3673,633,7,6
3674,246,7,4
3675,589,7,5
3676,39,7,8
3677,580,7,9
3678,393,7,6
3679,1179,7,4
3680,556,7,4
3681,515,7,1
3682,601,7,7
3683,1174,7,2
3684,280,7,1
3685,6,7,3
3686,1158,7,9
3687,397,7,7
3688,356,7,4
3689,28,7,4
3690,409,7,9
3691,199,7,9
3692,950,7,1
3693,168,7,7
3694,118,7,9
3695,915,7,1
3696,738,7,6
3697,938,7,3
3698,1090,7,6
3699,78,7,5
3700,557,7,7
3701,464,7,4
3702,831,7,5
3703,503,7,2
3704,1105,7,8
3705,43,7,6
3706,540,7,7
3707,1096,7,8
3708,493,7,6
3709,812,7,4
3710,201,7,2
3711,235,7,5
3712,1202,7,9
3713,650,7,9
3714,1156,7,2
3715,658,7,9
3716,883,7,7
3717,1153,7,6
3718,1133,7,5
3719,1175,7,8
3720,635,7,2
3721,1168,7,3
3722,1109,7,1
3723,349,7,9
3724,1232,7,7
3725,582,7,5
3726,1195,7,8
3727,48,7,9
3728,105,7,4
3729,684,7,5
3730,532,7,7
3731,585,7,5
3732,22,7,4
3733,495,7,3
3734,385,7,3
3735,233,7,3
3736,375,7,10
3737,257,7,4
3738,905,7,2
3739,1173,7,1
3740,1106,7,9
3741,822,7,3
3742,755,7,9
3743,1098,7,7
3744,1112,7,10
3745,335,7,9
3746,880,7,3
3747,372,7,7
3748,764,7,10
3749,68,7,1
3750,178,7,4
3751,27,7,9
3752,454,7,6
3753,814,7,4
3754,615,7,8
3755,664,7,9
3756,460,7,5
3757,307,7,4
3758,956,7,4
3759,254,7,10
3760,611,7,6
3761,860,7,1
3762,315,7,7
3763,81,7,9
3764,290,7,2
3765,203,7,5
3766,1114,7,10
3767,533,7,4
3768,844,7,3
3769,481,7,6
3770,304,7,2
3771,297,7,7
3772,1091,7,5
3773,605,7,7
3774,309,7,4
3775,274,7,8
3776,23,7,7
3777,743,7,8
3778,545,7,7
3779,52,7,2
3780,685,7,7
3781,1135,7,7
3782,834,7,8
3783,404,7,8
3784,1238,7,1
3785,841,7,1
3786,725,7,8
3787,647,7,6
3788,1100,7,4
3789,12,7,8
3790,760,7,5
3791,765,7,4
3792,499,7,4
3793,17,7,4
3794,190,7,5
3795,149,7,5
3796,916,7,4
3797,1192,7,3
3798,1111,7,8
3799,215,7,7
3800,646,7,1
3801,369,7,9
3802,808,7,10
3803,295,7,1
3804,374,7,6
3805,976,7,6
3806,623,7,3
3807,54,7,1
3808,609,7,7
3809,1208,7,5
3810,930,7,10
3811,797,7,2
3812,742,7,2
3813,849,7,5
3814,1160,7,1
3815,468,7,1
3816,507,7,6
3817,561,7,9
3818,843,7,4
3819,733,7,8
3820,396,7,7
3821,531,7,6
3822,629,7,5
3823,959,7,10
3824,677,7,2
3825,376,7,1
3826,473,7,2
3827,1118,7,1
3828,607,7,2
3829,100,7,5
3830,721,7,5
3831,222,7,6
3832,236,7,8
3833,1161,7,4
3834,16,7,9
3835,640,7,8
3836,420,7,6
3837,1256,7,3
3838,240,7,5
3839,469,7,8
3840,181,7,2
3841,29,7,1
3842,675,7,7
3843,218,7,5
3844,324,7,6
3845,77,8,9
3846,522,8,5
3847,237,8,5
3848,256,8,8
3849,3,8,5
3850,1085,8,7
3851,773,8,6
3852,872,8,8
3853,96,8,8
3854,497,8,5
3855,299,8,1
3856,493,8,5
3857,378,8,7
3858,56,8,10
3859,1157,8,1
3860,312,8,1
3861,953,8,3
3862,438,8,8
3863,173,8,8
3864,610,8,1
3865,938,8,10
3866,105,8,9
3867,228,8,9
3868,1198,8,3
3869,211,8,4
3870,293,8,8
3871,186,8,4
3872,409,8,3
3873,611,8,2
3874,714,8,6
3875,754,8,5
3876,314,8,2
3877,1162,8,1
3878,530,8,4
3879,768,8,7
3880,696,8,3
3881,150,8,9
3882,1181,8,5
3883,367,8,10
3884,1092,8,3
3885,1246,8,1
3886,844,8,8
3887,720,8,6
3888,972,8,10
3889,755,8,7
3890,880,8,1
3891,440,8,5
3892,1170,8,6
3893,212,8,5
3894,820,8,2
3895,955,8,2
3896,1249,8,8
3897,734,8,5
3898,1278,8,2
3899,694,8,9
3900,774,8,9
3901,26,8,1
3902,327,8,7
3903,520,8,3
3904,70,8,7
3905,153,8,8
3906,916,8,3
3907,238,8,8
3908,828,8,1
3909,205,8,6
3910,1176,8,9
3911,197,8,4
3912,1165,8,5
3913,100,8,9
3914,843,8,3
3915,809,8,5
3916,672,8,10
3917,1252,8,9
3918,447,8,4
3919,185,8,3
3920,506,8,9
3921,199,8,4
3922,227,8,10
3923,499,8,10
3924,1227,8,10
3925,245,8,8
3926,1179,8,1
3927,57,8,4
3928,1197,8,5
3929,929,8,6
3930,1215,8,10
3931,1186,8,6
3932,1108,8,7
3933,180,8,8
3934,408,8,8
3935,448,8,7
3936,709,8,4
3937,254,8,2
3938,66,8,5
3939,1122,8,6
3940,1208,8,4
3941,109,8,3
3942,361,8,2
3943,1087,8,5
3944,541,8,1
3945,453,8,9
3946,376,8,8
3947,35,8,6
3948,202,8,5
3949,322,8,9
3950,62,8,2
3951,602,8,3
3952,686,8,1
3953,722,8,10
3954,857,8,8
3955,796,8,10
3956,7,8,10
3957,276,8,4
3958,223,8,5
3959,765,8,2
3960,402,8,6
3961,40,8,8
3962,695,8,4
3963,815,8,2
3964,1238,8,3
3965,503,8,6
3966,297,8,6
3967,535,8,3
3968,635,8,3
3969,614,8,7
3970,431,8,5
3971,317,8,9
3972,28,8,1
3973,465,8,4
3974,362,8,6
3975,701,8,9
3976,613,8,5
3977,274,8,3
3978,690,8,9
3979,685,8,2
3980,336,8,4
3981,1172,8,5
3982,307,8,3
3983,59,8,2
3984,281,8,5
3985,79,8,2
3986,956,8,2
3987,680,8,10
3988,687,8,10
3989,351,8,6
3990,75,8,7
3991,41,8,1
3992,1236,8,3
3993,241,8,6
3994,873,8,6
3995,637,8,9
3996,34,8,2
3997,98,8,9
3998,298,8,10
3999,283,8,9
4000,669,8,4
4001,69,8,2
4002,334,8,6
4003,846,8,7
4004,518,8,10
4005,201,8,8
4006,970,8,4
4007,966,8,1
4008,1205,8,3
4009,759,8,3
4010,1106,8,1
4011,577,8,4
4012,439,8,6
4013,384,8,9
4014,10,8,3
4015,1141,8,6
4016,1099,8,9
4017,111,8,1
4018,86,8,7
4019,1114,8,10
4020,936,8,4
4021,328,8,4
4022,544,8,3
4023,542,8,8
4024,975,8,4
4025,1182,8,8
4026,1207,8,5
4027,1270,8,1
4028,660,8,7
4029,910,8,2
4030,17,8,3
4031,1159,8,2
4032,204,8,6
4033,592,8,8
4034,473,8,5
4035,1244,8,5
4036,262,8,8
4037,810,8,3
4038,67,8,5
4039,347,8,10
4040,190,8,7
4041,721,8,2
4042,640,8,10
4043,1237,8,7
4044,270,8,4
4045,494,8,5
4046,741,8,6
4047,1112,8,4
4048,679,8,5
4049,689,8,1
4050,22,8,9
4051,674,8,5
4052,1255,8,6
4053,808,8,5
4054,1137,8,5
4055,268,8,10
4056,244,8,7
4057,412,8,4
4058,23,8,8
4059,1191,8,9
4060,48,8,2
4061,399,8,10
4062,488,8,10
4063,325,8,5
4064,1088,8,5
4065,905,8,10
4066,498,8,3
4067,1132,8,7
4068,665,8,4
4069,882,8,3
4070,1103,8,10
4071,368,8,3
4072,1128,8,8
4073,1142,8,10
4074,1160,8,5
4075,2,8,3
4076,1123,8,5
4077,918,8,6
4078,88,8,7
4079,424,8,7
4080,1124,8,10
4081,847,8,10
4082,823,8,6
4083,414,8,8
4084,406,8,10
4085,172,8,2
4086,691,8,4
4087,345,8,4
4088,920,8,4
4089,389,8,2
4090,339,8,8
4091,487,8,4
4092,444,8,3
4093,683,8,7
4094,1200,8,7
4095,1271,8,9
4096,939,8,4
4097,969,8,1
4098,531,8,3
4099,693,8,7
4100,340,8,10
4101,24,8,9
4102,551,8,3
4103,536,8,5
4104,949,8,1
4105,623,8,7
4106,1119,8,7
4107,507,8,2
4108,1111,8,10
4109,71,8,4
4110,435,8,6
4111,112,8,1
4112,308,8,8
4113,217,8,6
4114,288,8,10
4115,501,8,10
4116,210,8,10
4117,618,8,6
4118,481,8,7
4119,831,8,5
4120,692,8,4
4121,639,8,6
4122,811,8,7
4123,1228,8,5
4124,380,8,2
4125,849,8,9
4126,416,8,10
4127,1076,8,1
4128,313,8,1
4129,1214,8,6
4130,664,8,2
4131,825,8,4
4132,266,8,4
4133,533,8,2
4134,1152,8,9
4135,764,8,6
4136,547,8,1
4137,682,8,1
4138,931,8,4
4139,528,8,9
4140,84,8,9
4141,356,8,8
4142,1129,8,5
4143,54,8,1
4144,579,8,3
4145,549,8,8
4146,18,8,6
4147,770,8,1
4148,934,8,7
4149,236,8,3
4150,1258,8,1
4151,659,8,4
4152,525,8,1
4153,441,8,7
4154,395,8,4
4155,599,8,10
4156,1266,8,1
4157,1224,8,5
4158,272,8,10
4159,1168,8,1
4160,1104,8,4
4161,1135,8,2
4162,589,8,4
4163,881,8,3
4164,1199,8,3
4165,188,8,5
4166,478,8,7
4167,615,8,3
4168,647,8,10
4169,575,8,5
4170,1171,8,8
4171,373,8,6
4172,94,8,4
4173,65,8,6
4174,961,8,9
4175,189,8,3
4176,458,8,2
4177,117,8,6
4178,318,8,4
4179,1116,8,10
4180,950,8,7
4181,249,8,9
4182,543,8,8
4183,286,8,1
4184,372,8,3
4185,517,8,9
4186,591,8,5
4187,454,8,9
4188,951,8,3
4189,225,8,8
4190,817,8,10
4191,417,8,1
4192,1262,8,9
4193,477,8,9
4194,713,8,1
4195,466,8,9
4196,620,8,2
4197,824,8,3
4198,581,8,5
4199,653,8,6
4200,203,8,2
4201,807,8,9
4202,472,8,2
4203,527,8,10
4204,1225,8,1
4205,250,8,6
4206,21,8,6
4207,960,8,4
4208,858,8,4
4209,1145,8,7
4210,294,8,1
4211,87,8,5
4212,578,8,6
4213,349,8,4
4214,545,8,8
4215,421,8,5
4216,907,8,9
4217,631,8,4
4218,44,8,1
4219,595,8,2
4220,762,8,2
4221,484,8,10
4222,505,8,2
4223,291,8,3
4224,911,8,1
4225,279,8,1
4226,36,8,3
4227,1195,8,4
4228,1118,8,3
4229,967,8,5
4230,684,8,5
4231,184,8,10
4232,9,8,3
4233,350,8,7
4234,471,8,5
4235,332,8,6
4236,464,8,5
4237,1136,8,9
4238,1096,8,4
4239,1156,8,6
4240,1139,8,2
4241,1183,8,6
4242,1235,8,6
4243,403,8,3
4244,1194,8,7
4245,1239,8,5
4246,1109,8,4
4247,413,8,6
4248,697,8,9
4249,247,8,8
4250,854,8,1
4251,118,8,4
4252,574,8,8
4253,209,8,10
4254,364,8,9
4255,1120,8,5
4256,1196,8,10
4257,135,8,9
4258,224,8,10
4259,290,8,8
4260,795,8,8
4261,1117,8,1
4262,390,8,2
4263,374,8,10
4264,1127,8,10
4265,305,8,4
4266,264,8,6
4267,1230,8,10
4268,508,8,3
4269,593,8,5
4270,81,8,8
4271,1105,8,5
4272,253,8,5
4273,74,8,4
4274,744,8,4
4275,102,8,5
4276,80,8,4
4277,106,8,5
4278,370,8,4
4279,167,8,8
4280,375,8,7
4281,552,8,1
4282,1216,8,3
4283,52,8,2
4284,1095,8,9
4285,156,8,5
4286,1222,8,8
4287,928,8,4
4288,480,8,2
4289,1166,8,2
4290,321,8,7
4291,1178,8,9
4292,282,8,4
4293,219,8,1
4294,617,8,8
4295,1177,8,5
4296,194,8,4
4297,730,8,7
4298,1229,8,6
4299,564,8,7
4300,198,8,3
4301,1263,8,10
4302,391,8,1
4303,930,8,10
4304,392,8,3
4305,962,8,1
4306,1148,8,3
4307,191,8,2
4308,319,8,2
4309,379,8,5
4310,1140,8,8
4311,504,8,2
4312,1210,8,3
4313,400,8,9
4314,398,8,6
4315,529,8,1
4316,401,8,5
4317,1251,8,10
4318,856,8,9
4319,1189,8,2
4320,850,8,7
4321,388,8,8
4322,1075,8,5
4323,648,8,6
4324,534,8,6
4325,645,8,9
4326,1090,8,10
4327,176,8,7
4328,1209,8,2
4329,1150,8,10
4330,912,8,8
4331,357,8,9
4332,149,8,7
4333,678,8,3
4334,1093,8,4
4335,213,8,10
4336,341,8,10
4337,723,8,4
4338,261,8,10
4339,942,8,6
4340,715,8,2
4341,420,8,10
4342,965,8,5
4343,1091,8,6
4344,411,8,2
4345,1107,8,8
4346,1143,8,2
4347,598,8,6
4348,1115,8,1
4349,486,8,5
4350,182,8,5
4351,510,8,10
4352,95,8,7
4353,103,8,10
4354,906,8,10
4355,492,8,1
4356,976,8,10
4357,359,8,8
4358,1190,8,6
4359,516,8,4
4360,671,8,6
4361,460,8,10
4362,753,8,3
4363,170,8,5
4364,563,8,10
4365,419,8,4
4366,231,8,7
4367,1193,8,9
4368,1134,8,9
4369,673,8,10
4370,33,8,3
4371,430,8,8
4372,222,8,6
4373,937,8,10
4374,385,8,8
4375,151,8,4
4376,875,8,2
4377,269,8,10
4378,513,8,5
4379,1221,8,9
4380,708,8,7
4381,797,8,1
4382,455,8,9
4383,1241,8,9
4384,514,8,7
4385,1201,8,9
4386,580,8,4
4387,582,8,9
4388,394,8,10
4389,442,8,5
4390,93,8,10
4391,258,8,5
4392,712,8,8
4393,451,8,5
4394,919,8,6
4395,61,8,4
4396,289,8,2
4397,1164,8,7
4398,165,8,9
4399,876,8,9
4400,89,8,7
4401,1154,8,1
4402,633,8,1
4403,29,8,2
4404,358,8,7
4405,608,8,6
4406,82,8,10
4407,668,8,1
4408,657,8,5
4409,1243,8,4
4410,667,8,1
4411,654,8,3
4412,275,8,8
4413,629,8,8
4414,560,8,3
4415,546,8,7
4416,309,8,7
4417,152,8,6
4418,588,8,9
4419,354,8,10
4420,1234,8,1
4421,187,8,9
4422,836,8,8
4423,1257,8,1
4424,164,8,9
4425,161,8,6
4426,78,8,4
4427,495,8,10
4428,732,8,9
4429,179,8,7
4430,845,8,9
4431,1267,8,9
4432,242,8,5
4433,1213,8,7
4434,155,8,4
4435,1155,8,1
4436,330,8,4
4437,559,8,1
4438,511,8,5
4439,329,8,5
4440,834,8,3
4441,604,8,5
4442,585,8,7
4443,14,8,9
4444,136,8,5
4445,946,8,8
4446,760,8,6
4447,908,8,3
4448,301,8,1
4449,1231,8,3
4450,769,8,7
4451,554,8,1
4452,941,8,10
4453,913,8,7
4454,737,8,6
4455,719,8,6
4456,963,8,8
4457,46,8,4
4458,235,8,4
4459,915,8,3
4460,296,8,6
4461,822,8,7
4462,216,8,9
4463,945,8,5
4464,670,8,9
4465,1098,8,1
4466,1146,8,5
4467,381,8,4
4468,841,8,2
4469,735,8,2
4470,974,8,10
4471,348,8,2
4472,1,8,8
4473,1232,8,1
4474,1126,8,9
4475,1212,8,6
4476,761,8,6
4477,519,8,4
4478,255,8,9
4479,1253,8,2
4480,651,8,8
4481,1113,8,2
4482,1131,8,8
4483,626,8,2
4484,171,8,2
4485,538,8,7
4486,195,8,8
4487,860,8,3
4488,404,8,4
4489,47,8,7
4490,277,8,6
4491,605,8,2
4492,677,8,5
4493,397,8,7
4494,20,8,4
4495,661,8,8
4496,32,8,9
4497,1184,8,4
4498,433,8,9
4499,655,8,3
4500,1169,8,1
4501,443,8,9
4502,1133,8,5
4503,968,8,8
4504,958,8,7
4505,243,8,6
4506,630,8,3
4507,644,8,2
4508,183,8,10
4509,436,8,8
4510,343,8,1
4511,260,8,10
4512,656,8,10
4513,246,8,2
4514,523,8,8
4515,521,8,7
4516,587,8,1
4517,482,8,5
4518,267,8,8
4519,812,8,1
4520,285,8,1
4521,53,8,4
4522,909,8,1
4523,5,8,1
4524,1151,8,2
4525,1240,8,6
4526,1180,8,1
4527,181,8,5
4528,407,8,1
4529,92,8,9
4530,649,8,9
4531,72,8,9
4532,369,8,4
4533,1125,8,1
4534,97,8,9
4535,323,8,5
4536,502,8,1
4537,971,8,3
4538,940,8,4
4539,310,8,4
4540,257,8,7
4541,1254,8,7
4542,490,8,7
4543,232,8,2
4544,284,8,1
4545,832,8,2
4546,727,8,5
4547,540,8,3
4548,758,8,10
4549,1242,8,6
4550,315,8,5
4551,652,8,5
4552,1130,8,6
4553,539,8,2
4554,675,8,9
4555,917,8,2
4556,76,8,10
4557,959,8,5
4558,819,8,2
4559,1211,8,6
4560,338,8,7
4561,1084,8,9
4562,230,8,3
4563,295,8,1
4564,557,8,2
4565,1247,8,9
4566,500,8,5
4567,818,8,3
4568,383,8,9
4569,1188,8,2
4570,526,8,7
4571,43,8,4
4572,642,8,8
4573,1163,8,6
4574,39,8,3
4575,973,8,6
4576,316,8,7
4577,1264,8,8
4578,1204,8,7
4579,562,8,10
4580,813,8,1
4581,726,8,2
4582,731,8,2
4583,829,8,1
4584,624,8,10
4585,55,8,1
4586,935,8,3
4587,437,8,2
4588,1245,8,3
4589,833,8,7
4590,446,8,4
4591,663,8,10
4592,830,8,4
4593,524,8,3
4594,699,8,8
4595,827,8,6
4596,58,8,2
4597,1174,8,9
4598,1185,8,4
4599,445,8,2
4600,31,8,7
4601,767,8,8
4602,177,8,7
4603,688,8,6
4604,612,8,7
4605,248,8,6
4606,449,8,1
4607,483,8,4
4608,239,8,10
4609,396,8,8
4610,38,8,8
4611,382,8,7
4612,320,8,6
4613,814,8,8
4614,273,8,1
4615,884,8,1
4616,756,8,1
4617,914,8,2
4618,757,8,6
4619,158,8,8
4620,163,8,6
4621,49,8,10
4622,300,8,5
4623,718,8,3
4624,206,8,5
4625,1147,8,9
4626,1173,8,6
4627,410,8,7
4628,425,8,2
4629,515,8,10
4630,576,8,2
4631,977,8,7
4632,1175,8,2
4633,11,8,8
4634,110,8,8
4635,584,8,4
4636,1256,8,7
4637,263,8,2
4638,6,8,9
4639,932,8,9
4640,326,8,5
4641,904,8,8
4642,646,8,7
4643,927,8,9
4644,324,8,1
4645,609,8,2
4646,331,8,4
4647,342,8,7
4648,73,8,1
4649,415,8,1
4650,208,8,7
4651,85,8,8
4652,226,8,6
4653,821,8,8
4654,292,8,10
4655,8,8,4
4656,1250,8,9
4657,337,8,1
4658,64,8,5
4659,1077,8,2
4660,393,8,9
4661,616,8,3
4662,215,8,3
4663,851,8,10
4664,1223,8,7
4665,775,8,9
4666,60,8,6
4667,650,8,9
4668,91,8,7
4669,706,8,1
4670,583,8,2
4671,662,8,1
4672,15,8,4
4673,752,8,5
4674,83,8,2
4675,302,8,2
4676,1138,8,2
4677,157,8,10
4678,271,8,6
4679,625,8,4
4680,1158,8,5
4681,740,8,4
4682,1202,8,2
4683,1261,8,4
4684,733,8,1
4685,603,8,6
4686,1217,8,8
4687,434,8,7
4688,27,8,2
4689,1121,8,7
4690,457,8,10
4691,550,8,9
4692,333,8,4
4693,468,8,1
4694,25,8,6
4695,4,8,2
4696,192,8,6
4697,355,8,5
4698,304,8,10
4699,738,8,4
4700,13,8,5
4701,1086,8,3
4702,154,8,5
4703,561,8,2
4704,474,8,5
4705,681,8,8
4706,607,8,4
4707,548,8,8
4708,168,8,3
4709,365,8,8
4710,952,8,9
4711,178,8,2
4712,470,8,2
4713,386,8,5
4714,485,8,3
4715,1089,8,5
4716,816,8,2
4717,1161,8,8
4718,725,8,8
4719,1100,8,10
4720,234,8,10
4721,1259,8,7
4722,220,8,5
4723,1220,8,1
4724,619,8,10
4725,200,8,1
4726,743,8,6
4727,948,8,6
4728,491,8,8
4729,1269,8,7
4730,596,8,4
4731,1203,8,8
4732,1192,8,1
4733,634,8,8
4734,346,8,1
4735,632,8,10
4736,405,8,6
4737,352,8,4
4738,214,8,2
4739,428,8,3
4740,1144,8,5
4741,532,8,7
4742,658,8,7
4743,855,8,10
4744,16,8,10
4745,555,8,10
4746,63,8,9
4747,422,8,5
4748,1206,8,10
4749,594,8,9
4750,68,8,9
4751,643,8,6
4752,432,8,1
4753,462,8,5
4754,1080,8,6
4755,50,8,7
4756,1153,8,2
4757,512,8,5
4758,363,8,1
4759,233,8,10
4760,221,8,10
4761,353,8,5
4762,90,8,10
4763,553,8,4
4764,193,8,3
4765,418,8,10
4766,265,8,8
4767,119,8,1
4768,1218,8,10
4769,116,8,10
4770,597,8,9
4771,461,8,1
4772,207,8,5
4773,360,8,9
4774,964,8,6
4775,280,8,3
4776,175,8,2
4777,496,8,7
4778,1167,8,10
4779,99,8,1
4780,278,8,7
4781,30,8,8
4782,666,8,8
4783,1219,8,4
4784,196,8,3
4785,572,8,8
4786,229,8,1
4787,12,8,9
4788,377,8,7
4789,366,8,2
4790,489,8,2
4791,1110,8,3
4792,728,8,2
4793,45,8,10
4794,335,8,5
4795,573,8,8
4796,1265,8,7
4797,162,8,3
4798,387,8,5
4799,1097,8,9
4800,160,8,4
4801,704,8,10
4802,590,8,6
4803,1248,8,6
4804,311,8,8
4805,705,8,6
4806,51,8,10
4807,586,8,3
4808,452,8,10
4809,240,8,5
4810,1187,8,5
4811,826,8,9
4812,627,8,4
4813,306,8,7
4814,763,8,6
4815,371,8,9
4816,344,8,7
4817,303,8,2
4818,509,8,7
4819,134,8,4
4820,772,8,10
4821,957,8,2
4822,218,8,7
4823,107,8,6
4824,1233,8,6
4825,108,8,3
4826,479,8,8
4827,676,8,8
4828,159,8,4
4829,883,8,2
4830,556,8,9
4831,251,8,6
4832,600,8,8
4833,724,8,6
4834,954,8,4
4835,742,8,1
4836,1094,8,2
4837,1260,8,3
4838,429,8,6
4839,1149,8,10
4840,469,8,6
4841,638,8,4
4842,104,8,7
4843,853,8,10
4844,42,8,9
4845,700,8,3
4846,287,8,2
4847,174,8,2
4848,430,9,4
4849,230,9,1
4850,1252,9,10
4851,474,9,9
4852,434,9,10
4853,1244,9,2
4854,521,9,1
4855,810,9,2
4856,237,9,9
4857,712,9,10
4858,437,9,3
4859,383,9,8
4860,580,9,7
4861,704,9,5
4862,293,9,4
4863,578,9,4
4864,83,9,2
4865,332,9,9
4866,1139,9,7
4867,1153,9,4
4868,1278,9,7
4869,445,9,2
4870,685,9,2
4871,452,9,1
4872,738,9,4
4873,382,9,6
4874,538,9,8
4875,602,9,1
4876,818,9,9
4877,108,9,10
4878,572,9,1
4879,825,9,3
4880,73,9,5
4881,753,9,1
4882,1175,9,7
4883,1104,9,3
4884,151,9,9
4885,1080,9,8
4886,423,9,8
4887,937,9,4
4888,296,9,1
4889,1134,9,7
4890,309,9,7
4891,1115,9,3
4892,50,9,7
4893,31,9,4
4894,211,9,5
4895,607,9,8
4896,1141,9,7
4897,315,9,8
4898,235,9,5
4899,1238,9,9
4900,479,9,1
4901,697,9,3
4902,367,9,3
4903,174,9,9
4904,615,9,8
4905,300,9,6
4906,539,9,6
4907,812,9,1
4908,355,9,8
4909,232,9,9
4910,214,9,6
4911,649,9,8
4912,1088,9,8
4913,33,9,5
4914,593,9,2
4915,917,9,2
4916,819,9,1
4917,598,9,6
4918,1144,9,10
4919,454,9,2
4920,343,9,4
4921,270,9,6
4922,66,9,4
4923,714,9,10
4924,643,9,8
4925,346,9,3
4926,688,9,6
4927,43,9,10
4928,65,9,8
4929,528,9,7
4930,395,9,10
4931,460,9,10
4932,757,9,3
4933,1157,9,8
4934,275,9,10
4935,1215,9,10
4936,936,9,1
4937,518,9,7
4938,1203,9,9
4939,829,9,5
4940,724,9,7
4941,59,9,3
4942,525,9,8
4943,61,9,7
4944,728,9,3
4945,734,9,6
4946,1124,9,8
4947,1196,9,4
4948,941,9,6
4949,37,9,8
4950,267,9,7
4951,841,9,7
4952,817,9,4
4953,1178,9,6
4954,212,9,2
4955,691,9,6
4956,68,9,1
4957,1185,9,8
4958,1092,9,5
4959,909,9,6
4960,48,9,7
4961,768,9,8
4962,76,9,1
4963,91,9,3
4964,1163,9,1
4965,75,9,6
4966,228,9,5
4967,973,9,9
4968,272,9,1
4969,364,9,6
4970,150,9,5
4971,585,9,8
4972,166,9,4
4973,175,9,3
4974,508,9,10
4975,596,9,10
4976,253,9,8
4977,715,9,6
4978,920,9,5
4979,225,9,2
4980,701,9,1
4981,725,9,4
4982,730,9,8
4983,737,9,7
4984,191,9,4
4985,217,9,1
4986,611,9,1
4987,313,9,2
4988,589,9,7
4989,595,9,5
4990,1267,9,6
4991,740,9,2
4992,620,9,6
4993,650,9,5
4994,743,9,3
4995,907,9,8
4996,439,9,3
4997,497,9,8
4998,409,9,10
4999,1155,9,8
5000,312,9,3
5001,384,9,9
5002,853,9,3
5003,511,9,2
5004,808,9,8
5005,171,9,3
5006,371,9,6
5007,970,9,5
5008,700,9,3
5009,92,9,1
5010,45,9,10
5011,269,9,2
5012,1173,9,1
5013,470,9,2
5014,556,9,1
5015,564,9,7
5016,105,9,5
5017,1188,9,9
5018,338,9,6
5019,484,9,9
5020,1262,9,5
5021,932,9,10
5022,1170,9,4
5023,604,9,3
5024,1221,9,1
5025,562,9,5
5026,633,9,10
5027,449,9,4
5028,322,9,9
5029,635,9,3
5030,722,9,9
5031,1109,9,1
5032,626,9,9
5033,763,9,2
5034,58,9,2
5035,1099,9,2
5036,535,9,6
5037,373,9,9
5038,1106,9,4
5039,1207,9,9
5040,918,9,1
5041,88,9,6
5042,575,9,8
5043,1257,9,4
5044,362,9,5
5045,953,9,5
5046,62,9,6
5047,1228,9,2
5048,1159,9,4
5049,411,9,4
5050,221,9,9
5051,316,9,4
5052,875,9,3
5053,519,9,2
5054,1171,9,1
5055,1096,9,4
5056,576,9,2
5057,588,9,7
5058,1265,9,1
5059,684,9,10
5060,1231,9,2
5061,324,9,7
5062,1151,9,4
5063,662,9,5
5064,574,9,2
5065,404,9,4
5066,266,9,4
5067,377,9,1
5068,365,9,7
5069,348,9,8
5070,46,9,6
5071,72,9,10
5072,444,9,6
5073,752,9,3
5074,1077,9,6
5075,882,9,8
5076,1182,9,9
5077,957,9,9
5078,323,9,4
5079,1108,9,1
5080,1095,9,2
5081,708,9,6
5082,733,9,1
5083,1090,9,2
5084,299,9,2
5085,106,9,8
5086,331,9,6
5087,1204,9,9
5088,308,9,3
5089,288,9,10
5090,1147,9,4
5091,872,9,1
5092,1242,9,3
5093,499,9,2
5094,176,9,9
5095,366,9,1
5096,398,9,7
5097,557,9,6
5098,417,9,4
5099,713,9,3
5100,380,9,7
5101,678,9,4
5102,208,9,9
5103,1213,9,7
5104,1093,9,2
5105,732,9,1
5106,397,9,3
5107,1100,9,10
5108,199,9,1
5109,706,9,10
5110,845,9,4
5111,160,9,9
5112,828,9,10
5113,931,9,10
5114,552,9,7
5115,14,9,9
5116,531,9,6
5117,1216,9,4
5118,261,9,10
5119,443,9,7
5120,821,9,2
5121,1194,9,1
5122,204,9,1
5123,466,9,9
5124,1142,9,5
5125,25,9,2
5126,1181,9,4
5127,723,9,5
5128,251,9,5
5129,948,9,5
5130,400,9,7
5131,759,9,9
5132,403,9,1
5133,1129,9,3
5134,583,9,7
5135,773,9,1
5136,549,9,10
5137,769,9,2
5138,1165,9,3
5139,795,9,8
5140,12,9,8
5141,67,9,3
5142,506,9,8
5143,1137,9,7
5144,721,9,7
5145,1214,9,5
5146,586,9,8
5147,665,9,9
5148,94,9,10
5149,336,9,5
5150,89,9,6
5151,1254,9,10
5152,74,9,2
5153,394,9,8
5154,860,9,5
5155,530,9,2
5156,262,9,1
5157,849,9,4
5158,940,9,5
5159,831,9,6
5160,279,9,7
5161,1230,9,6
5162,213,9,9
5163,956,9,6
5164,520,9,5
5165,514,9,6
5166,1251,9,6
5167,4,9,2
5168,271,9,5
5169,418,9,4
5170,1206,9,10
5171,935,9,10
5172,951,9,1
5173,116,9,7
5174,958,9,10
5175,640,9,5
5176,765,9,4
5177,22,9,10
5178,203,9,10
5179,96,9,8
5180,612,9,8
5181,52,9,2
5182,491,9,3
5183,624,9,4
5184,1210,9,5
5185,424,9,10
5186,884,9,8
5187,693,9,5
5188,1177,9,9
5189,1143,9,8
5190,49,9,9
5191,1113,9,1
5192,1154,9,2
5193,1164,9,5
5194,231,9,10
5195,659,9,4
5196,26,9,4
5197,216,9,9
5198,334,9,9
5199,438,9,3
5200,1158,9,9
5201,464,9,9
5202,317,9,3
5203,451,9,6
5204,532,9,2
5205,718,9,5
5206,359,9,8
5207,319,9,4
5208,163,9,6
5209,916,9,6
5210,104,9,3
5211,601,9,1
5212,873,9,4
5213,241,9,1
5214,274,9,9
5215,414,9,5
5216,674,9,4
5217,238,9,7
5218,469,9,2
5219,543,9,1
5220,1161,9,9
5221,516,9,9
5222,292,9,8
5223,79,9,4
5224,179,9,2
5225,453,9,3
5226,493,9,7
5227,1264,9,5
5228,134,9,2
5229,911,9,1
5230,441,9,4
5231,159,9,6
5232,294,9,1
5233,465,9,4
5234,202,9,8
5235,447,9,3
5236,13,9,7
5237,34,9,5
5238,215,9,9
5239,561,9,4
5240,412,9,4
5241,735,9,6
5242,410,9,3
5243,222,9,2
5244,335,9,10
5245,1184,9,5
5246,158,9,1
5247,188,9,9
5248,946,9,2
5249,56,9,4
5250,485,9,9
5251,32,9,10
5252,950,9,5
5253,339,9,5
5254,657,9,9
5255,24,9,10
5256,613,9,3
5257,1105,9,5
5258,504,9,10
5259,51,9,8
5260,526,9,6
5261,209,9,1
5262,21,9,4
5263,581,9,8
5264,847,9,9
5265,762,9,2
5266,1224,9,1
5267,200,9,8
5268,1103,9,9
5269,86,9,9
5270,2,9,1
5271,542,9,1
5272,157,9,5
5273,156,9,3
5274,458,9,1
5275,387,9,1
5276,482,9,1
5277,599,9,10
5278,656,9,2
5279,285,9,1
5280,436,9,10
5281,914,9,9
5282,1176,9,5
5283,1126,9,8
5284,187,9,9
5285,619,9,7
5286,673,9,8
5287,478,9,3
5288,273,9,10
5289,284,9,3
5290,401,9,7
5291,523,9,5
5292,93,9,7
5293,824,9,6
5294,416,9,8
5295,1258,9,1
5296,341,9,1
5297,1232,9,4
5298,603,9,6
5299,830,9,7
5300,905,9,9
5301,906,9,2
5302,815,9,3
5303,554,9,6
5304,276,9,8
5305,843,9,6
5306,505,9,10
5307,553,9,6
5308,965,9,7
5309,117,9,5
5310,560,9,6
5311,39,9,9
5312,207,9,4
5313,1180,9,6
5314,962,9,6
5315,1219,9,2
5316,55,9,1
5317,413,9,2
5318,248,9,6
5319,53,9,3
5320,813,9,1
5321,577,9,2
5322,406,9,4
5323,638,9,6
5324,705,9,1
5325,592,9,10
5326,1192,9,7
5327,325,9,9
5328,446,9,7
5329,876,9,9
5330,1125,9,4
5331,502,9,3
5332,81,9,4
5333,1189,9,1
5334,833,9,2
5335,964,9,8
5336,405,9,3
5337,1148,9,4
5338,95,9,8
5339,1246,9,8
5340,70,9,10
5341,250,9,9
5342,605,9,10
5343,961,9,3
5344,80,9,10
5345,1250,9,3
5346,183,9,5
5347,358,9,3
5348,486,9,1
5349,448,9,8
5350,435,9,4
5351,770,9,1
5352,1135,9,10
5353,618,9,5
5354,1112,9,3
5355,161,9,8
5356,111,9,5
5357,929,9,1
5358,1127,9,7
5359,314,9,6
5360,851,9,6
5361,1249,9,8
5362,1248,9,6
5363,283,9,5
5364,265,9,5
5365,35,9,5
5366,170,9,8
5367,669,9,6
5368,440,9,8
5369,816,9,4
5370,883,9,5
5371,1179,9,1
5372,955,9,1
5373,428,9,6
5374,501,9,2
5375,1172,9,8
5376,462,9,6
5377,971,9,3
5378,699,9,9
5379,755,9,9
5380,834,9,10
5381,368,9,2
5382,429,9,7
5383,1256,9,1
5384,652,9,8
5385,846,9,2
5386,1084,9,1
5387,189,9,6
5388,623,9,6
5389,744,9,5
5390,881,9,9
5391,1122,9,10
5392,107,9,2
5393,545,9,1
5394,220,9,3
5395,168,9,4
5396,1118,9,4
5397,822,9,4
5398,162,9,2
5399,1241,9,3
5400,954,9,3
5401,239,9,4
5402,546,9,6
5403,64,9,7
5404,268,9,7
5405,477,9,7
5406,378,9,3
5407,855,9,9
5408,240,9,2
5409,977,9,5
5410,41,9,4
5411,329,9,4
5412,297,9,5
5413,77,9,10
5414,690,9,1
5415,205,9,8
5416,356,9,8
5417,512,9,10
5418,694,9,5
5419,1212,9,8
5420,391,9,5
5421,591,9,4
5422,689,9,10
5423,353,9,8
5424,967,9,8
5425,672,9,8
5426,797,9,2
5427,153,9,4
5428,1193,9,8
5429,666,9,1
5430,1222,9,4
5431,119,9,3
5432,1208,9,1
5433,223,9,3
5434,945,9,1
5435,154,9,5
5436,807,9,1
5437,40,9,7
5438,731,9,5
5439,667,9,2
5440,663,9,1
5441,1166,9,3
5442,680,9,8
5443,1190,9,3
5444,934,9,3
5445,1117,9,8
5446,527,9,9
5447,152,9,4
5448,681,9,2
5449,118,9,4
5450,590,9,8
5451,226,9,8
5452,1121,9,1
5453,258,9,3
5454,856,9,10
5455,340,9,6
5456,1245,9,6
5457,1201,9,9
5458,182,9,5
5459,1150,9,3
5460,337,9,4
5461,503,9,4
5462,541,9,7
5463,646,9,9
5464,185,9,3
5465,42,9,6
5466,774,9,1
5467,290,9,2
5468,820,9,3
5469,455,9,10
5470,616,9,2
5471,97,9,7
5472,301,9,3
5473,764,9,9
5474,392,9,1
5475,510,9,1
5476,644,9,1
5477,1167,9,8
5478,287,9,1
5479,617,9,4
5480,433,9,4
5481,741,9,3
5482,44,9,7
5483,351,9,1
5484,1089,9,6
5485,692,9,6
5486,814,9,9
5487,1200,9,3
5488,136,9,6
5489,385,9,5
5490,197,9,8
5491,1123,9,8
5492,90,9,4
5493,671,9,7
5494,1085,9,4
5495,1217,9,2
5496,370,9,2
5497,927,9,1
5498,178,9,3
5499,919,9,8
5500,461,9,4
5501,36,9,6
5502,1259,9,7
5503,349,9,7
5504,720,9,5
5505,534,9,2
5506,23,9,4
5507,1133,9,9
5508,1119,9,10
5509,224,9,7
5510,286,9,3
5511,98,9,9
5512,100,9,7
5513,1146,9,6
5514,396,9,7
5515,682,9,3
5516,1266,9,5
5517,852,9,6
5518,29,9,1
5519,1198,9,10
5520,1174,9,2
5521,11,9,1
5522,760,9,3
5523,302,9,9
5524,1138,9,4
5525,930,9,1
5526,1086,9,10
5527,758,9,7
5528,653,9,3
5529,952,9,9
5530,850,9,5
5531,38,9,1
5532,536,9,4
5533,1235,9,6
5534,326,9,5
5535,374,9,7
5536,318,9,2
5537,135,9,6
5538,1168,9,9
5539,579,9,8
5540,857,9,4
5541,1075,9,9
5542,695,9,7
5543,1130,9,2
5544,1202,9,2
5545,727,9,2
5546,609,9,5
5547,625,9,6
5548,726,9,8
5549,584,9,4
5550,181,9,10
5551,249,9,7
5552,1107,9,6
5553,28,9,3
5554,198,9,5
5555,1162,9,4
5556,529,9,6
5557,1233,9,6
5558,1199,9,6
5559,660,9,10
5560,1239,9,3
5561,277,9,3
5562,823,9,6
5563,854,9,1
5564,236,9,5
5565,184,9,5
5566,393,9,10
5567,227,9,6
5568,402,9,8
5569,369,9,8
5570,1169,9,2
5571,1120,9,3
5572,1247,9,6
5573,1191,9,4
5574,1114,9,3
5575,1211,9,1
5576,408,9,9
5577,389,9,2
5578,457,9,4
5579,687,9,2
5580,321,9,1
5581,880,9,8
5582,165,9,7
5583,192,9,8
5584,352,9,9
5585,282,9,7
5586,608,9,9
5587,110,9,4
5588,632,9,4
5589,1187,9,10
5590,490,9,3
5591,1229,9,4
5592,645,9,2
5593,963,9,10
5594,524,9,7
5595,109,9,3
5596,256,9,1
5597,975,9,4
5598,432,9,6
5599,683,9,6
5600,938,9,8
5601,1186,9,1
5602,676,9,6
5603,498,9,4
5604,826,9,4
5605,342,9,9
5606,719,9,5
5607,594,9,2
5608,1195,9,7
5609,522,9,7
5610,597,9,3
5611,1076,9,4
5612,942,9,6
5613,600,9,9
5614,379,9,7
5615,431,9,7
5616,772,9,7
5617,20,9,1
5618,8,9,2
5619,563,9,4
5620,912,9,9
5621,481,9,10
5622,180,9,10
5623,634,9,6
5624,492,9,10
5625,63,9,9
5626,1253,9,8
5627,278,9,3
5628,1218,9,7
5629,610,9,7
5630,1098,9,1
5631,263,9,3
5632,968,9,2
5633,517,9,6
5634,360,9,4
5635,103,9,9
5636,551,9,3
5637,167,9,10
5638,320,9,9
5639,811,9,3
5640,515,9,1
5641,78,9,3
5642,289,9,2
5643,69,9,7
5644,550,9,10
5645,959,9,2
5646,420,9,10
5647,513,9,3
5648,303,9,8
5649,1160,9,5
5650,1197,9,10
5651,60,9,5
5652,1243,9,9
5653,614,9,10
5654,3,9,10
5655,82,9,10
5656,1261,9,10
5657,677,9,4
5658,696,9,4
5659,1136,9,2
5660,407,9,3
5661,679,9,6
5662,1223,9,5
5663,172,9,10
5664,388,9,9
5665,333,9,4
5666,84,9,1
5667,30,9,6
5668,15,9,7
5669,629,9,7
5670,582,9,5
5671,844,9,10
5672,1156,9,3
5673,1227,9,10
5674,330,9,10
5675,976,9,7
5676,949,9,7
5677,1220,9,7
5678,547,9,10
5679,254,9,4
5680,112,9,9
5681,1236,9,3
5682,304,9,2
5683,442,9,10
5684,1269,9,3
5685,489,9,8
5686,243,9,2
5687,1091,9,4
5688,540,9,10
5689,57,9,5
5690,298,9,9
5691,972,9,9
5692,495,9,9
5693,311,9,9
5694,639,9,2
5695,1260,9,4
5696,219,9,1
5697,709,9,2
5698,99,9,5
5699,177,9,8
5700,1094,9,8
5701,483,9,2
5702,1111,9,2
5703,1097,9,2
5704,233,9,10
5705,255,9,4
5706,668,9,8
5707,1149,9,4
5708,10,9,4
5709,742,9,3
5710,1234,9,2
5711,1183,9,7
5712,218,9,1
5713,345,9,4
5714,347,9,3
5715,1237,9,6
5716,587,9,3
5717,1240,9,1
5718,630,9,2
5719,637,9,10
5720,1255,9,9
5721,1110,9,2
5722,904,9,2
5723,164,9,8
5724,654,9,6
5725,324,10,7
5726,575,10,5
5727,705,10,9
5728,1250,10,7
5729,268,10,3
5730,666,10,6
5731,228,10,3
5732,442,10,5
5733,195,10,10
5734,503,10,4
5735,1271,10,10
5736,458,10,5
5737,310,10,2
5738,773,10,4
5739,841,10,10
5740,510,10,6
5741,95,10,9
5742,969,10,8
5743,257,10,5
5744,1115,10,5
5745,368,10,1
5746,961,10,5
5747,1131,10,2
5748,15,10,3
5749,948,10,4
5750,1152,10,1
5751,1092,10,10
5752,217,10,6
5753,515,10,8
5754,1260,10,4
5755,876,10,6
5756,579,10,9
5757,227,10,7
5758,253,10,5
5759,858,10,8
5760,929,10,5
5761,448,10,9
5762,824,10,4
5763,845,10,6
5764,438,10,5
5765,470,10,8
5766,873,10,2
5767,910,10,3
5768,197,10,4
5769,1256,10,9
5770,882,10,2
5771,1244,10,8
5772,380,10,6
5773,719,10,6
5774,742,10,1
5775,109,10,10
5776,293,10,10
5777,672,10,4
5778,1185,10,5
5779,425,10,4
5780,502,10,4
5781,1197,10,6
5782,39,10,6
5783,552,10,3
5784,507,10,6
5785,1219,10,6
5786,550,10,2
5787,493,10,6
5788,610,10,1
5789,466,10,1
5790,678,10,5
5791,104,10,10
5792,591,10,6
5793,4,10,5
5794,11,10,5
5795,320,10,4
5796,306,10,3
5797,1080,10,4
5798,1188,10,7
5799,1215,10,3
5800,596,10,10
5801,1228,10,10
5802,957,10,3
5803,931,10,6
5804,327,10,6
5805,323,10,8
5806,817,10,3
5807,50,10,2
5808,1095,10,1
5809,819,10,3
5810,1190,10,4
5811,650,10,9
5812,45,10,6
5813,1172,10,5
5814,369,10,8
5815,20,10,8
5816,855,10,3
5817,615,10,2
5818,367,10,7
5819,487,10,6
5820,583,10,3
5821,968,10,8
5822,420,10,9
5823,913,10,7
5824,953,10,5
5825,592,10,8
5826,697,10,4
5827,1134,10,4
5828,14,10,7
5829,821,10,1
5830,421,10,5
5831,283,10,6
5832,414,10,7
5833,830,10,10
5834,601,10,10
5835,680,10,3
5836,1088,10,8
5837,158,10,9
5838,1269,10,1
5839,1121,10,1
5840,1229,10,4
5841,714,10,7
5842,599,10,4
5843,651,10,5
5844,971,10,2
5845,316,10,9
5846,814,10,5
5847,311,10,2
5848,767,10,10
5849,356,10,10
5850,240,10,2
5851,229,10,10
5852,406,10,10
5853,302,10,7
5854,501,10,10
5855,643,10,8
5856,633,10,2
5857,906,10,7
5858,52,10,1
5859,1234,10,4
5860,725,10,9
5861,607,10,1
5862,1200,10,9
5863,110,10,8
5864,620,10,7
5865,417,10,10
5866,472,10,4
5867,951,10,10
5868,954,10,10
5869,329,10,9
5870,960,10,10
5871,686,10,7
5872,118,10,2
5873,768,10,7
5874,69,10,10
5875,24,10,2
5876,344,10,7
5877,353,10,4
5878,564,10,4
5879,354,10,4
5880,237,10,4
5881,1169,10,9
5882,930,10,8
5883,336,10,1
5884,1225,10,9
5885,333,10,9
5886,881,10,5
5887,602,10,10
5888,937,10,5
5889,238,10,4
5890,1231,10,8
5891,351,10,5
5892,1211,10,6
5893,266,10,4
5894,1181,10,5
5895,16,10,7
5896,395,10,4
5897,506,10,2
5898,289,10,2
5899,549,10,5
5900,581,10,10
5901,152,10,1
5902,383,10,6
5903,1210,10,4
5904,626,10,9
5905,416,10,8
5906,256,10,2
5907,774,10,9
5908,111,10,7
5909,437,10,5
5910,959,10,3
5911,292,10,8
5912,25,10,6
5913,208,10,1
5914,23,10,8
5915,713,10,9
5916,359,10,8
5917,674,10,3
5918,102,10,7
5919,206,10,10
5920,481,10,3
5921,525,10,5
5922,682,10,2
5923,816,10,5
5924,170,10,2
5925,976,10,4
5926,220,10,4
5927,1218,10,7
5928,1108,10,7
5929,665,10,3
5930,335,10,6
5931,1150,10,3
5932,619,10,5
5933,305,10,6
5934,1254,10,4
5935,1224,10,3
5936,37,10,3
5937,1251,10,8
5938,918,10,8
5939,429,10,9
5940,250,10,4
5941,1193,10,3
5942,357,10,3
5943,668,10,4
5944,342,10,1
5945,162,10,9
5946,218,10,4
5947,576,10,1
5948,477,10,3
5949,694,10,5
5950,557,10,1
5951,285,10,3
5952,677,10,1
5953,700,10,6
5954,486,10,6
5955,1173,10,7
5956,1140,10,10
5957,1266,10,7
5958,1191,10,4
5959,654,10,1
5960,872,10,8
5961,629,10,7
5962,1103,10,10
5963,332,10,4
5964,759,10,10
5965,1098,10,5
5966,167,10,2
5967,942,10,7
5968,718,10,8
5969,40,10,5
5970,809,10,9
5971,497,10,9
5972,1132,10,3
5973,1144,10,7
5974,927,10,8
5975,44,10,8
5976,1265,10,5
5977,1184,10,4
5978,58,10,9
5979,6,10,2
5980,528,10,3
5981,760,10,4
5982,371,10,3
5983,1198,10,4
5984,413,10,5
5985,709,10,10
5986,455,10,7
5987,1146,10,10
5988,79,10,6
5989,1186,10,2
5990,363,10,4
5991,536,10,7
5992,706,10,7
5993,200,10,6
5994,382,10,3
5995,1126,10,5
5996,479,10,7
5997,482,10,6
5998,173,10,9
5999,216,10,5
6000,733,10,9
6001,219,10,5
6002,505,10,10
6003,63,10,9
6004,396,10,5
6005,542,10,9
6006,318,10,8
6007,389,10,3
6008,328,10,2
6009,269,10,9
6010,207,10,2
6011,480,10,10
6012,642,10,4
6013,188,10,6
6014,556,10,7
6015,850,10,2
6016,939,10,10
6017,631,10,2
6018,732,10,2
6019,1096,10,1
6020,647,10,7
6021,509,10,2
6022,31,10,5
6023,1087,10,4
6024,977,10,8
6025,214,10,8
6026,958,10,2
6027,407,10,3
6028,32,10,10
6029,313,10,1
6030,1278,10,3
6031,418,10,5
6032,935,10,6
6033,815,10,6
6034,847,10,5
6035,1147,10,9
6036,1142,10,9
6037,522,10,9
6038,35,10,1
6039,738,10,7
6040,523,10,7
6041,492,10,3
6042,424,10,9
6043,1241,10,10
6044,181,10,5
6045,529,10,2
6046,611,10,6
6047,204,10,2
6048,670,10,4
6049,1124,10,3
6050,563,10,6
6051,662,10,1
6052,1217,10,8
6053,818,10,2
6054,341,10,2
6055,593,10,7
6056,973,10,6
6057,1161,10,2
6058,516,10,3
6059,440,10,2
6060,272,10,5
6061,488,10,5
6062,399,10,2
6063,83,10,6
6064,676,10,4
6065,84,10,3
6066,911,10,1
6067,192,10,6
6068,183,10,5
6069,251,10,8
6070,743,10,7
6071,834,10,3
6072,90,10,3
6073,347,10,6
6074,758,10,7
6075,87,10,3
6076,605,10,9
6077,1267,10,2
6078,28,10,9
6079,844,10,7
6080,936,10,3
6081,433,10,2
6082,498,10,2
6083,687,10,7
6084,1235,10,3
6085,62,10,1
6086,106,10,9
6087,657,10,7
6088,75,10,6
6089,578,10,3
6090,453,10,10
6091,491,10,2
6092,402,10,9
6093,68,10,1
6094,355,10,10
6095,1113,10,9
6096,331,10,1
6097,1270,10,7
6098,1145,10,2
6099,119,10,8
6100,645,10,3
6101,309,10,9
6102,585,10,4
6103,860,10,2
6104,255,10,6
6105,1221,10,2
6106,76,10,10
6107,358,10,6
6108,490,10,4
6109,807,10,5
6110,531,10,7
6111,722,10,6
6112,1199,10,1
6113,730,10,2
6114,1155,10,7
6115,9,10,9
6116,511,10,10
6117,29,10,1
6118,364,10,9
6119,508,10,5
6120,38,10,8
6121,1223,10,5
6122,400,10,9
6123,248,10,8
6124,176,10,4
6125,946,10,2
6126,1253,10,7
6127,652,10,9
6128,1099,10,3
6129,408,10,7
6130,1247,10,5
6131,851,10,1
6132,149,10,8
6133,92,10,3
6134,422,10,10
6135,286,10,4
6136,348,10,4
6137,411,10,7
6138,236,10,5
6139,264,10,5
6140,384,10,8
6141,853,10,6
6142,915,10,4
6143,534,10,7
6144,1220,10,4
6145,1248,10,10
6146,693,10,9
6147,634,10,5
6148,441,10,4
6149,499,10,7
6150,692,10,6
6151,484,10,8
6152,96,10,2
6153,543,10,4
6154,949,10,4
6155,562,10,10
6156,108,10,2
6157,1168,10,1
6158,1090,10,1
6159,1157,10,8
6160,378,10,10
6161,376,10,9
6162,86,10,1
6163,74,10,10
6164,1189,10,7
6165,539,10,4
6166,232,10,9
6167,828,10,7
6168,875,10,1
6169,1196,10,5
6170,8,10,6
6171,314,10,1
6172,640,10,8
6173,551,10,10
6174,1176,10,1
6175,573,10,1
6176,7,10,2
6177,1174,10,3
6178,1141,10,10
6179,496,10,4
6180,675,10,3
6181,82,10,10
6182,159,10,7
6183,346,10,1
6184,832,10,8
6185,1104,10,3
6186,1097,10,6
6187,291,10,1
6188,1227,10,8
6189,526,10,8
6190,967,10,2
6191,193,10,5
6192,247,10,8
6193,239,10,2
6194,696,10,7
6195,1137,10,2
6196,1118,10,4
6197,36,10,1
6198,741,10,4
6199,297,10,3
6200,945,10,1
6201,723,10,2
6202,343,10,3
6203,1255,10,5
6204,561,10,2
6205,1165,10,3
6206,339,10,3
6207,737,10,1
6208,180,10,7
6209,614,10,4
6210,1222,10,10
6211,1138,10,6
6212,89,10,3
6213,829,10,4
6214,962,10,8
6215,288,10,10
6216,19,10,1
6217,1230,10,1
6218,812,10,8
6219,856,10,5
6220,1162,10,1
6221,393,10,6
6222,51,10,6
6223,638,10,2
6224,1122,10,6
6225,644,10,10
6226,12,10,5
6227,1164,10,1
6228,731,10,7
6229,764,10,1
6230,813,10,10
6231,955,10,1
6232,547,10,2
6233,919,10,8
6234,775,10,4
6235,763,10,9
6236,577,10,6
6237,151,10,3
6238,10,10,2
6239,246,10,3
6240,584,10,7
6241,627,10,4
6242,67,10,10
6243,230,10,4
6244,517,10,10
6245,72,10,7
6246,727,10,9
6247,242,10,7
6248,405,10,4
6249,59,10,8
6250,156,10,9
6251,512,10,7
6252,715,10,3
6253,153,10,4
6254,2,10,10
6255,298,10,10
6256,41,10,6
6257,184,10,1
6258,797,10,7
6259,469,10,9
6260,135,10,4
6261,1180,10,8
6262,690,10,1
6263,155,10,4
6264,171,10,3
6265,449,10,3
6266,431,10,9
6267,330,10,9
6268,64,10,6
6269,81,10,2
6270,18,10,2
6271,846,10,6
6272,1203,10,4
6273,205,10,8
6274,263,10,2
6275,752,10,10
6276,260,10,10
6277,447,10,7
6278,88,10,9
6279,684,10,8
6280,315,10,2
6281,721,10,4
6282,362,10,3
6283,22,10,10
6284,1201,10,8
6285,820,10,7
6286,235,10,5
6287,415,10,9
6288,1195,10,10
6289,1094,10,9
6290,553,10,3
6291,299,10,3
6292,540,10,10
6293,223,10,6
6294,209,10,7
6295,412,10,4
6296,646,10,8
6297,212,10,4
6298,1166,10,10
6299,47,10,5
6300,445,10,10
6301,1129,10,8
6302,303,10,2
6303,1117,10,5
6304,950,10,9
6305,560,10,8
6306,189,10,3
6307,374,10,9
6308,822,10,6
6309,513,10,5
6310,679,10,2
6311,1204,10,4
6312,17,10,3
6313,60,10,10
6314,938,10,3
6315,3,10,6
6316,241,10,2
6317,590,10,9
6318,194,10,6
6319,966,10,5
6320,667,10,7
6321,956,10,2
6322,267,10,6
6323,699,10,8
6324,623,10,4
6325,33,10,7
6326,753,10,3
6327,478,10,1
6328,1263,10,4
6329,61,10,6
6330,533,10,1
6331,168,10,4
6332,1116,10,10
6333,661,10,4
6334,386,10,2
6335,468,10,10
6336,617,10,6
6337,1156,10,1
6338,673,10,2
6339,1,10,5
6340,734,10,1
6341,270,10,3
6342,1205,10,3
6343,544,10,9
6344,1089,10,5
6345,1261,10,1
6346,71,10,6
6347,689,10,3
6348,1249,10,1
6349,360,10,10
6350,761,10,5
6351,191,10,7
6352,934,10,4
6353,524,10,5
6354,1105,10,8
6355,136,10,9
6356,381,10,7
6357,572,10,2
6358,172,10,8
6359,282,10,3
6360,1125,10,10
6361,312,10,1
6362,559,10,7
6363,1206,10,1
6364,724,10,10
6365,1154,10,7
6366,612,10,8
6367,349,10,8
6368,624,10,4
6369,435,10,5
6370,1075,10,6
6371,231,10,2
6372,66,10,4
6373,1084,10,6
6374,831,10,3
6375,554,10,2
6376,279,10,2
6377,1213,10,5
6378,99,10,7
6379,451,10,8
6380,375,10,4
6381,712,10,7
6382,598,10,7
6383,1216,10,2
6384,1214,10,5
6385,720,10,8
6386,1171,10,2
6387,1077,10,7
6388,1133,10,5
6389,48,10,5
6390,1257,10,3
6391,112,10,9
6392,574,10,6
6393,1100,10,2
6394,504,10,4
6395,825,10,3
6396,377,10,10
6397,1258,10,9
6398,262,10,1
6399,608,10,6
6400,740,10,5
6401,823,10,6
6402,78,10,10
6403,494,10,5
6404,1245,10,6
6405,365,10,2
6406,182,10,9
6407,1238,10,6
6408,373,10,7
6409,275,10,3
6410,5,10,4
6411,669,10,2
6412,904,10,6
6413,1148,10,3
6414,765,10,3
6415,287,10,7
6416,660,10,7
6417,975,10,3
6418,385,10,1
6419,905,10,2
6420,334,10,1
6421,530,10,1
6422,833,10,3
6423,372,10,1
6424,446,10,6
6425,810,10,2
6426,519,10,1
6427,546,10,8
6428,857,10,1
6429,685,10,5
6430,1151,10,7
6431,244,10,5
6432,394,10,4
6433,85,10,5
6434,410,10,1
6435,655,10,9
6436,93,10,2
6437,423,10,5
6438,100,10,10
6439,1112,10,4
6440,489,10,2
6441,338,10,8
6442,649,10,9
6443,796,10,4
6444,514,10,8
6445,1085,10,8
6446,603,10,10
6447,974,10,10
6448,179,10,9
6449,404,10,4
6450,366,10,1
6451,105,10,10
6452,1167,10,2
6453,401,10,4
6454,398,10,2
6455,94,10,10
6456,691,10,5
6457,80,10,5
6458,271,10,4
6459,1123,10,4
6460,225,10,9
6461,843,10,8
6462,419,10,1
6463,319,10,2
6464,963,10,10
6465,464,10,2
6466,1233,10,7
6467,352,10,5
6468,34,10,3
6469,704,10,9
6470,1091,10,4
6471,290,10,7
6472,907,10,1
6473,884,10,7
6474,70,10,1
6475,795,10,4
6476,444,10,6
6477,1093,10,2
6478,178,10,4
6479,462,10,2
6480,695,10,10
6481,1212,10,8
6482,187,10,4
6483,42,10,5
6484,1158,10,8
6485,460,10,10
6486,683,10,9
6487,273,10,8
6488,883,10,7
6489,276,10,5
6490,474,10,9
6491,325,10,3
6492,57,10,10
6493,541,10,3
6494,174,10,2
6495,300,10,3
6496,160,10,9
6497,1262,10,10
6498,582,10,3
6499,430,10,1
6500,439,10,10
6501,254,10,7
6502,932,10,4
6503,762,10,4
6504,1239,10,10
6505,1237,10,7
6506,1179,10,4
6507,728,10,1
6508,604,10,8
6509,1208,10,3
6510,756,10,8
6511,908,10,8
6512,708,10,7
6513,432,10,3
6514,392,10,9
6515,770,10,6
6516,852,10,1
6517,1178,10,6
6518,637,10,7
6519,920,10,1
6520,1119,10,1
6521,545,10,5
6522,808,10,4
6523,849,10,7
6524,1207,10,8
6525,164,10,4
6526,1110,10,8
6527,203,10,7
6528,13,10,2
6529,616,10,7
6530,1160,10,2
6531,914,10,2
6532,744,10,5
6533,521,10,7
6534,55,10,9
6535,555,10,10
6536,639,10,6
6537,471,10,2
6538,826,10,2
6539,443,10,9
6540,1243,10,1
6541,597,10,2
6542,165,10,8
6543,965,10,6
6544,30,10,8
6545,409,10,9
6546,190,10,3
6547,258,10,3
6548,434,10,3
6549,1187,10,2
6550,261,10,1
6551,390,10,2
6552,436,10,3
6553,1264,10,7
6554,1209,10,6
6555,880,10,2
6556,495,10,9
6557,1143,10,5
6558,594,10,4
6559,1163,10,8
6560,473,10,6
6561,388,10,1
6562,46,10,4
6563,916,10,2
6564,1149,10,3
6565,49,10,2
6566,198,10,6
6567,340,10,2
6568,532,10,7
6569,735,10,1
6570,245,10,5
6571,234,10,10
6572,518,10,7
6573,345,10,2
6574,609,10,4
6575,1170,10,5
6576,1192,10,10
6577,595,10,3
6578,972,10,5
6579,280,10,9
6580,274,10,9
6581,757,10,4
6582,1135,10,3
6583,755,10,8
6584,688,10,1
6585,150,10,5
6586,653,10,1
6587,27,10,1
6588,54,10,1
6589,249,10,2
6590,301,10,4
6591,632,10,1
6592,663,10,5
6593,26,10,5
6594,754,10,5
6595,265,10,9
6596,284,10,1
6597,224,10,4
6598,671,10,8
6599,43,10,3
6600,454,10,6
6601,1242,10,10
6602,500,10,4
6603,587,10,7
6604,527,10,6
6605,827,10,1
6606,177,10,3
6607,485,10,7
6608,625,10,10
6609,1086,10,10
6610,278,10,3
6611,403,10,5
6612,166,10,2
6613,535,10,8
6614,296,10,8
6615,107,10,5
6616,91,10,6
6617,226,10,2
6618,350,10,9
6619,630,10,9
6620,98,10,6
6621,387,10,6
6622,185,10,7
6623,1240,10,5
6624,326,10,9
6625,658,10,3
6626,483,10,6
6627,277,10,8
6628,1106,10,4
6629,452,10,7
6630,428,10,9
6631,154,10,7
6632,1252,10,10
6633,1259,10,6
6634,21,10,9
6635,221,10,8
6636,589,10,2
6637,233,10,7
6638,134,10,1
6639,659,10,2
6640,307,10,6
6641,879,10,6
6642,1246,10,2
6643,457,10,4
6644,952,10,6
6645,648,10,7
6646,1114,10,9
6647,370,10,4
6648,600,10,6
6649,1175,10,6
6650,1136,10,2
6651,1183,10,7
6652,1182,10,2
6653,337,10,3
6654,294,10,3
6655,465,10,2
6656,970,10,5
6657,635,10,5
6658,1159,10,1
6659,213,10,2
6660,1202,10,2
6661,618,10,6
6662,664,10,10
6663,726,10,4
6664,222,10,9
6665,321,10,9
6666,1127,10,8
6667,97,10,9
6668,304,10,8
6669,909,10,7
6670,210,10,9
6671,103,10,1
6672,391,10,7
6673,56,10,8
6674,157,10,4
6675,281,10,4
6676,548,10,8
6677,1236,10,10
6678,940,10,3
6679,211,10,3
6680,117,10,10
6681,201,10,4
6682,461,10,3
6683,161,10,9
6684,681,10,7
6685,53,10,7
6686,854,10,5
6687,836,10,4
6688,912,10,9
6689,811,10,10
6690,941,10,6
6691,772,10,5
6692,538,10,9
6693,1120,10,5
6694,1111,10,8
6695,701,10,3
6696,186,10,4
6697,295,10,1
6698,317,10,2
6699,175,10,2
6700,1177,10,4
6701,397,10,8
6702,1139,10,6
6703,308,10,8
6704,243,10,1
6705,77,10,6
6706,1109,10,5
6707,1107,10,2
6708,196,10,7
6709,361,10,1
6710,520,10,5
6711,1194,10,5
6712,1232,10,1
6713,917,10,1
6714,163,10,8
6715,73,10,1
6716,580,10,7
6717,199,10,2
6718,1076,10,4
6719,1128,10,5
6720,588,10,4
6721,1188,11,5
6722,69,11,2
6723,240,11,6
6724,308,11,9
6725,691,11,1
6726,178,11,10
6727,177,11,9
6728,380,11,6
6729,1278,11,3
6730,1209,11,4
6731,681,11,1
6732,882,11,8
6733,580,11,5
6734,1189,11,8
6735,1229,11,10
6736,1077,11,9
6737,884,11,5
6738,519,11,10
6739,505,11,5
6740,1212,11,1
6741,693,11,3
6742,667,11,3
6743,759,11,1
6744,97,11,2
6745,345,11,4
6746,236,11,3
6747,157,11,3
6748,108,11,5
6749,1171,11,2
6750,775,11,7
6751,406,11,4
6752,638,11,8
6753,387,11,3
6754,481,11,4
6755,1271,11,2
6756,87,11,5
6757,813,11,6
6758,1165,11,2
6759,1136,11,1
6760,340,11,3
6761,1242,11,10
6762,366,11,2
6763,286,11,1
6764,1232,11,7
6765,715,11,10
6766,847,11,5
6767,50,11,8
6768,738,11,2
6769,431,11,1
6770,564,11,5
6771,961,11,7
6772,525,11,3
6773,811,11,10
6774,261,11,10
6775,390,11,1
6776,490,11,2
6777,462,11,10
6778,969,11,2
6779,1194,11,7
6780,21,11,4
6781,495,11,4
6782,883,11,10
6783,1106,11,3
6784,663,11,4
6785,857,11,5
6786,796,11,9
6787,73,11,4
6788,188,11,2
6789,727,11,5
6790,363,11,5
6791,1248,11,9
6792,314,11,8
6793,563,11,7
6794,65,11,2
6795,550,11,4
6796,32,11,3
6797,658,11,4
6798,443,11,3
6799,851,11,2
6800,76,11,1
6801,1246,11,8
6802,321,11,2
6803,836,11,2
6804,337,11,5
6805,42,11,3
6806,244,11,10
6807,1219,11,2
6808,238,11,10
6809,1208,11,2
6810,731,11,3
6811,385,11,1
6812,852,11,4
6813,100,11,1
6814,616,11,2
6815,1190,11,4
6816,977,11,6
6817,908,11,1
6818,920,11,9
6819,828,11,7
6820,596,11,9
6821,1158,11,3
6822,916,11,6
6823,171,11,7
6824,1128,11,9
6825,535,11,6
6826,378,11,7
6827,49,11,5
6828,311,11,7
6829,1267,11,4
6830,206,11,9
6831,601,11,9
6832,297,11,10
6833,941,11,9
6834,630,11,8
6835,1169,11,2
6836,430,11,2
6837,524,11,1
6838,109,11,4
6839,726,11,2
6840,1075,11,3
6841,957,11,2
6842,645,11,7
6843,810,11,2
6844,401,11,3
6845,1114,11,1
6846,543,11,7
6847,538,11,5
6848,79,11,9
6849,1170,11,9
6850,95,11,10
6851,283,11,8
6852,262,11,6
6853,819,11,3
6854,553,11,1
6855,1130,11,8
6856,1153,11,8
6857,1249,11,8
6858,11,11,7
6859,439,11,4
6860,415,11,5
6861,678,11,7
6862,674,11,2
6863,706,11,4
6864,483,11,10
6865,170,11,2
6866,98,12,1
6867,510,12,9
6868,6,12,2
6869,478,12,1
6870,681,12,5
6871,1119,12,4
6872,1171,12,1
6873,742,12,3
6874,287,12,10
6875,1176,12,8
6876,455,12,6
6877,1214,12,7
6878,72,12,4
6879,942,12,1
6880,830,12,3
6881,25,12,9
6882,73,12,7
6883,580,12,9
6884,340,12,10
6885,549,12,10
6886,4,12,3
6887,1184,12,7
6888,1257,12,10
6889,743,12,4
6890,161,12,9
6891,1207,12,3
6892,59,12,2
6893,499,12,5
6894,294,12,9
6895,1164,12,5
6896,303,12,4
6897,497,12,3
6898,464,12,10
6899,12,12,1
6900,166,12,3
6901,203,12,9
6902,200,12,10
6903,29,12,3
6904,309,12,9
6905,1104,12,3
6906,79,12,5
6907,563,12,2
6908,647,12,5
6909,375,12,9
6910,398,12,9
6911,296,12,6
6912,718,12,10
6913,328,12,10
6914,181,12,5
6915,251,12,2
6916,1198,12,2
6917,332,12,2
6918,404,12,2
6919,205,12,5
6920,311,12,8
6921,213,12,2
6922,184,12,3
6923,92,12,6
6924,1253,12,4
6925,554,12,8
6926,1222,12,4
6927,339,12,5
6928,704,12,6
6929,679,12,10
6930,667,12,1
6931,241,12,1
6932,380,12,6
6933,1199,12,9
6934,819,12,3
6935,1153,12,9
6936,1169,12,10
6937,927,12,9
6938,611,12,10
6939,295,12,1
6940,831,12,9
6941,623,12,2
6942,677,12,5
6943,514,12,5
6944,759,12,6
6945,471,12,2
6946,304,12,3
6947,299,12,2
6948,351,12,10
6949,167,12,1
6950,1210,12,4
6951,240,12,6
6952,613,12,4
6953,13,12,7
6954,480,12,4
6955,816,12,6
6956,687,12,8
6957,883,12,4
6958,336,12,3
6959,655,12,5
6960,352,12,3
6961,474,12,9
6962,519,12,10
6963,268,12,10
6964,797,12,2
6965,192,12,1
6966,365,12,2
6967,485,12,2
6968,775,12,6
6969,854,12,10
6970,724,12,5
6971,845,12,10
6972,344,12,5
6973,723,12,9
6974,676,12,8
6975,1084,12,9
6976,1242,12,6
6977,740,12,6
6978,1233,12,7
6979,151,12,10
6980,194,12,5
6981,350,12,6
6982,368,12,6
6983,67,12,8
6984,693,12,3
6985,587,12,2
6986,209,12,7
6987,1236,12,10
6988,202,12,4
6989,551,12,8
6990,1142,12,2
6991,696,12,1
6992,326,12,5
6993,1243,12,10
6994,65,12,10
6995,481,12,1
6996,733,12,10
6997,754,12,8
6998,256,12,10
6999,811,12,3
7000,1213,12,6
7001,158,12,5
7002,436,12,6
7003,964,12,5
7004,855,12,3
7005,756,12,2
7006,615,12,1
7007,249,12,5
7008,585,12,5
7009,700,12,9
7010,20,12,2
7011,769,12,4
7012,726,12,7
7013,734,12,10
7014,70,12,4
7015,1076,12,7
7016,511,12,3
7017,91,12,5
7018,846,12,4
7019,310,12,7
7020,1209,12,7
7021,533,12,2
7022,327,12,5
7023,34,12,2
7024,833,12,3
7025,649,12,1
7026,234,12,5
7027,103,12,4
7028,550,12,6
7029,825,12,5
7030,556,12,2
7031,271,12,3
7032,338,12,9
7033,937,12,10
7034,369,12,1
7035,361,12,4
7036,321,12,8
7037,94,12,7
7038,821,12,2
7039,165,12,4
7040,618,12,2
7041,342,12,10
7042,1223,12,2
7043,1112,12,1
7044,186,12,1
7045,945,12,3
7046,24,12,8
7047,245,12,5
7048,705,12,4
7049,1096,12,7
7050,1117,12,1
7051,657,12,2
7052,58,12,2
7053,812,12,2
7054,263,12,8
7055,810,12,10
7056,1246,12,9
7057,572,12,6
7058,71,12,7
7059,198,12,3
7060,377,12,3
7061,424,12,1
7062,815,12,2
7063,75,12,3
7064,457,12,6
7065,248,12,4
7066,172,12,9
7067,512,12,3
7068,504,12,9
7069,973,12,10
7070,1245,12,9
7071,966,12,10
7072,155,12,5
7073,1264,12,1
7074,366,12,3
7075,1125,12,9
7076,1189,12,9
7077,1156,12,6
7078,1186,12,7
7079,462,12,7
7080,595,12,4
7081,364,12,7
7082,317,12,7
7083,795,12,2
7084,1135,12,2
7085,692,12,4
7086,910,12,3
7087,659,12,4
7088,970,12,10
7089,410,12,8
7090,824,12,5
7091,730,12,8
7092,1149,12,6
7093,64,12,1
7094,7,12,5
7095,1217,12,2
7096,818,12,3
7097,233,12,9
7098,68,12,8
7099,539,12,10
7100,1227,12,8
7101,149,12,8
7102,80,12,10
7103,27,12,1
7104,965,12,4
7105,629,12,7
7106,914,12,10
7107,242,12,3
7108,689,12,10
7109,100,12,7
7110,106,12,4
7111,82,12,5
7112,1141,12,2
7113,772,12,2
7114,507,12,6
7115,755,12,6
7116,627,12,6
7117,575,12,8
7118,513,12,10
7119,1089,12,9
7120,81,12,6
7121,168,12,10
7122,1269,12,1
7123,774,12,1
7124,428,12,3
7125,604,12,1
7126,469,12,2
7127,650,12,10
7128,516,12,7
7129,857,12,3
7130,1121,12,9
7131,1080,12,4
7132,226,12,6
7133,517,12,9
7134,680,12,10
7135,1111,12,7
7136,1180,12,9
7137,255,12,9
7138,214,12,2
7139,1154,12,1
7140,640,12,6
7141,185,12,5
7142,89,12,1
7143,1092,12,9
7144,383,12,1
7145,53,12,10
7146,235,12,8
7147,19,12,7
7148,494,12,6
7149,286,12,9
7150,686,12,8
7151,374,12,4
7152,601,12,3
7153,258,12,6
7154,685,12,1
7155,851,12,4
7156,61,12,6
7157,509,12,5
7158,1228,12,7
7159,441,12,1
7160,1114,12,3
7161,1165,12,4
7162,1170,12,10
7163,1266,12,8
7164,974,12,5
7165,99,12,10
7166,955,12,3
7167,399,12,6
7168,968,12,6
7169,694,12,4
7170,31,12,7
7171,946,12,1
7172,229,12,6
7173,353,12,10
7174,958,12,2
7175,520,12,2
7176,1161,12,6
7177,522,12,3
7178,673,12,9
7179,881,12,2
7180,938,12,6
7181,433,12,4
7182,473,12,2
7183,695,12,2
7184,292,12,10
7185,524,12,8
7186,224,12,1
7187,236,12,1
7188,1218,12,2
7189,43,12,8
7190,307,12,2
7191,562,12,9
7192,44,12,4
7193,1202,12,10
7194,906,12,7
7195,283,12,9
7196,1278,12,3
7197,941,12,8
7198,32,12,2
7199,284,12,7
7200,548,12,9
7201,873,12,9
7202,41,12,6
7203,876,12,4
7204,1231,12,4
7205,1178,12,6
7206,449,12,6
7207,757,12,7
7208,564,12,3
7209,372,12,8
7210,208,12,7
7211,413,12,7
7212,176,12,2
7213,813,12,1
7214,171,12,6
7215,11,12,6
7216,808,12,4
7217,492,12,1
7218,626,12,10
7219,576,12,3
7220,1188,12,6
7221,274,12,6
7222,405,12,2
7223,957,12,9
7224,215,12,3
7225,832,12,3
7226,768,12,5
7227,261,12,5
7228,767,12,3
7229,265,12,2
7230,297,12,2
7231,588,12,3
7232,218,12,5
7233,262,12,1
7234,671,12,10
7235,1172,12,6
7236,403,12,6
7237,503,12,9
7238,669,12,10
7239,1249,12,7
7240,690,12,3
7241,603,12,8
7242,329,12,6
7243,635,12,2
7244,85,12,6
7245,872,12,10
7246,1123,12,6
7247,1173,12,3
7248,1195,12,2
7249,1075,12,6
7250,1129,12,2
7251,1263,12,9
7252,538,12,4
7253,1106,12,10
7254,56,12,3
7255,250,12,5
7256,1238,12,6
7257,525,12,6
7258,1197,12,3
7259,1087,12,10
7260,190,12,1
7261,1118,12,8
7262,590,12,9
7263,418,12,1
7264,237,12,9
7265,253,12,3
7266,1116,12,9
7267,678,12,10
7268,50,12,6
7269,389,12,3
7270,223,12,1
7271,135,12,6
7272,1162,12,3
7273,934,12,4
7274,247,12,10
7275,1143,12,5
7276,1239,12,2
7277,597,12,6
7278,648,12,9
7279,381,12,8
7280,182,12,1
7281,770,12,10
7282,324,12,9
7283,1144,12,2
7284,419,12,7
7285,763,12,7
7286,1150,12,6
7287,488,12,7
7288,445,12,2
7289,104,12,1
7290,501,12,10
7291,1,12,6
7292,188,12,6
7293,530,12,2
7294,422,12,5
7295,346,12,6
7296,325,12,10
7297,527,12,6
7298,1107,12,6
7299,963,12,8
7300,1230,12,10
7301,644,12,3
7302,109,12,4
7303,434,12,5
7304,498,12,9
7305,952,12,10
7306,315,12,2
7307,935,12,9
7308,1110,12,8
7309,243,12,6
7310,843,12,7
7311,45,12,2
7312,583,12,6
7313,39,12,9
7314,360,12,6
7315,967,12,8
7316,1077,12,7
7317,8,12,7
7318,904,12,9
7319,625,12,10
7320,1145,12,8
7321,179,12,8
7322,1147,12,5
7323,183,12,4
7324,316,12,2
7325,744,12,2
7326,490,12,7
7327,1099,12,5
7328,764,12,5
7329,552,12,1
7330,651,12,7
7331,807,12,5
7332,305,12,2
7333,370,12,3
7334,593,12,4
7335,69,12,4
7336,668,12,8
7337,1260,12,9
7338,553,12,6
7339,331,12,10
7340,108,12,9
7341,86,12,9
7342,452,12,2
7343,76,12,4
7344,216,12,6
7345,753,12,4
7346,948,12,10
7347,285,12,8
7348,1133,12,9
7349,809,12,3
7350,461,12,3
7351,1146,12,3
7352,193,12,9
7353,77,12,9
7354,1255,12,3
7355,954,12,4
7356,111,12,2
7357,722,12,6
7358,523,12,7
7359,401,12,9
7360,180,12,4
7361,312,12,4
7362,683,12,9
7363,260,12,6
7364,162,12,6
7365,153,12,10
7366,386,12,1
7367,160,12,3
7368,269,12,8
7369,814,12,3
7370,956,12,10
7371,581,12,8
7372,301,12,9
7373,579,13,9
7374,1257,13,6
7375,604,13,7
7376,1179,13,5
7377,1165,13,5
7378,528,13,6
7379,672,13,4
7380,1112,13,6
7381,430,13,9
7382,373,13,4
7383,642,13,2
7384,1164,13,9
7385,1170,13,2
7386,575,13,8
7387,226,13,8
7388,743,13,6
7389,529,13,5
7390,437,13,2
7391,6,13,3
7392,69,13,7
7393,44,13,8
7394,580,13,1
7395,412,13,8
7396,291,13,4
7397,75,13,7
7398,183,13,8
7399,1134,13,10
7400,283,13,6
7401,19,13,8
7402,856,13,7
7403,357,13,7
7404,973,13,4
7405,499,13,5
7406,500,13,3
7407,721,13,8
7408,288,13,9
7409,42,13,2
7410,692,13,10
7411,455,13,1
7412,648,13,5
7413,371,13,2
7414,1249,13,4
7415,170,13,7
7416,168,13,10
7417,629,13,6
7418,102,13,5
7419,1090,13,9
7420,1120,13,6
7421,276,13,10
7422,1106,13,9
7423,662,13,7
7424,424,13,5
7425,266,13,10
7426,1097,13,4
7427,1192,13,4
7428,513,13,9
7429,466,13,3
7430,1107,13,4
7431,432,13,5
7432,1258,13,8
7433,1255,13,6
7434,166,13,2
7435,974,13,5
7436,83,13,2
7437,731,13,2
7438,1237,13,3
7439,509,13,3
7440,336,13,7
7441,201,13,2
7442,77,13,3
7443,105,13,9
7444,852,13,1
7445,1225,13,7
7446,155,13,3
7447,195,13,2
7448,366,13,6
7449,420,13,2
7450,1212,13,3
7451,89,13,1
7452,326,13,4
7453,207,13,3
7454,810,13,7
7455,1197,13,9
7456,1171,13,4
7457,645,13,3
7458,773,13,4
7459,603,13,2
7460,28,13,1
7461,193,13,8
7462,620,13,9
7463,1140,13,3
7464,487,13,3
7465,280,13,8
7466,444,13,6
7467,236,13,6
7468,564,13,3
7469,380,13,9
7470,1142,13,9
7471,1198,13,1
7472,705,13,8
7473,938,13,6
7474,194,13,8
7475,1128,13,9
7476,596,13,1
7477,619,13,4
7478,164,13,7
7479,695,13,3
7480,30,13,2
7481,515,13,10
7482,261,13,1
7483,764,13,2
7484,557,13,9
7485,285,13,8
7486,440,13,3
7487,594,13,8
7488,760,13,9
7489,1096,13,5
7490,457,13,5
7491,914,13,3
7492,244,13,6
7493,1076,13,8
7494,546,13,7
7495,964,13,3
7496,14,13,8
7497,325,13,4
7498,264,13,3
7499,552,13,5
7500,1224,13,1
7501,350,13,3
7502,503,13,8
7503,931,13,7
7504,171,13,1
7505,409,13,2
7506,9,13,8
7507,554,13,4
7508,495,13,4
7509,237,13,9
7510,595,13,1
7511,637,13,4
7512,465,13,3
7513,273,13,2
7514,504,13,9
7515,819,13,3
7516,1109,13,5
7517,609,13,7
7518,384,13,3
7519,67,13,10
7520,1256,13,2
7521,690,13,3
7522,345,13,9
7523,585,13,3
7524,761,13,4
7525,245,13,8
7526,4,13,8
7527,718,13,10
7528,1157,13,7
7529,593,13,10
7530,290,13,10
7531,391,13,9
7532,305,13,4
7533,686,13,9
7534,976,13,6
7535,701,13,5
7536,908,13,10
7537,725,13,9
7538,1093,13,9
7539,664,13,10
7540,24,13,9
7541,1088,13,3
7542,243,13,6
7543,81,13,5
7544,269,13,3
7545,306,13,5
7546,1241,13,4
7547,293,13,9
7548,117,13,6
7549,831,13,9
7550,1123,13,8
7551,1161,13,3
7552,1122,13,1
7553,217,13,7
7554,1205,13,1
7555,167,13,7
7556,331,13,5
7557,821,13,7
7558,691,13,6
7559,282,13,3
7560,492,13,8
7561,728,13,3
7562,514,13,7
7563,212,13,2
7564,258,13,4
7565,216,13,4
7566,644,13,4
7567,263,13,9
7568,586,13,10
7569,1194,13,4
7570,844,13,2
7571,846,13,8
7572,919,13,4
7573,971,13,5
7574,407,13,10
7575,1154,13,4
7576,323,13,3
7577,347,13,5
7578,820,13,3
7579,47,13,4
7580,668,13,9
7581,524,13,9
7582,1203,13,10
7583,1238,13,3
7584,315,13,5
7585,817,13,4
7586,724,13,4
7587,233,13,3
7588,18,13,5
7589,1239,13,3
7590,917,13,9
7591,396,13,5
7592,1233,13,1
7593,665,13,1
7594,21,13,9
7595,547,13,4
7596,262,13,2
7597,726,13,8
7598,333,13,7
7599,108,13,4
7600,545,13,8
7601,975,13,5
7602,229,13,10
7603,358,13,8
7604,34,13,10
7605,38,13,6
7606,70,13,10
7607,935,13,8
7608,708,13,8
7609,1228,13,3
7610,693,13,5
7611,826,13,7
7612,816,13,5
7613,770,13,9
7614,313,13,5
7615,904,13,1
7616,841,13,1
7617,640,13,2
7618,940,13,5
7619,1181,13,4
7620,916,13,4
7621,498,13,6
7622,1261,13,7
7623,1189,13,10
7624,649,13,1
7625,937,13,7
7626,49,13,3
7627,8,13,8
7628,533,13,6
7629,10,13,5
7630,1091,13,10
7631,741,13,10
7632,602,13,6
7633,1211,13,7
7634,939,13,5
7635,319,13,6
7636,639,13,2
7637,685,13,2
7638,712,13,7
7639,191,13,3
7640,370,13,7
7641,337,13,10
7642,520,13,7
7643,617,13,1
7644,548,13,3
7645,942,13,1
7646,52,13,2
7647,37,13,3
7648,253,13,10
7649,177,13,5
7650,1113,13,5
7651,218,13,6
7652,539,13,10
7653,535,13,1
7654,422,13,6
7655,354,13,9
7656,814,13,8
7657,152,13,1
7658,408,13,10
7659,1087,13,2
7660,797,13,6
7661,1155,13,2
7662,1153,13,1
7663,1125,13,7
7664,775,13,6
7665,970,13,9
7666,468,13,4
7667,906,13,8
7668,1202,13,5
7669,175,13,10
7670,97,13,10
7671,654,13,10
7672,961,13,5
7673,451,13,9
7674,404,13,1
7675,687,13,3
7676,1213,13,5
7677,381,13,3
7678,1117,13,5
7679,151,13,8
7680,3,13,8
7681,1169,13,3
7682,310,13,2
7683,100,13,5
7684,287,13,10
7685,268,13,4
7686,1116,13,5
7687,1220,13,9
7688,610,13,10
7689,88,13,9
7690,200,13,2
7691,39,13,3
7692,581,13,2
7693,190,13,8
7694,624,13,4
7695,1159,13,8
7696,1077,13,8
7697,713,13,6
7698,663,13,5
7699,1163,13,6
7700,623,13,9
7701,225,13,7
7702,274,13,6
7703,647,13,5
7704,941,13,4
7705,952,13,2
7706,592,13,3
7707,488,13,5
7708,403,13,5
7709,850,13,10
7710,534,13,10
7711,260,13,3
7712,20,13,2
7713,1269,13,4
7714,704,13,8
7715,298,13,1
7716,45,13,10
7717,1111,13,4
7718,382,13,9
7719,591,13,10
7720,847,13,2
7721,109,13,3
7722,1193,13,8
7723,470,13,1
7724,341,13,6
7725,674,13,8
7726,962,13,8
7727,661,13,7
7728,1148,13,6
7729,13,13,8
7730,1139,13,7
7731,214,13,6
7732,1242,13,6
7733,1250,13,8
7734,907,13,9
7735,556,13,7
7736,329,13,3
7737,425,13,4
7738,774,13,8
7739,353,13,10
7740,410,13,6
7741,872,13,2
7742,71,13,4
7743,1114,13,2
7744,553,13,4
7745,161,13,7
7746,184,13,3
7747,949,13,10
7748,103,13,1
7749,833,13,3
7750,111,13,8
7751,397,13,1
7752,1149,13,10
7753,1144,13,3
7754,818,13,2
7755,174,13,2
7756,85,13,3
7757,508,13,8
7758,1175,13,4
7759,489,13,10
7760,1240,13,6
7761,416,13,6
7762,1208,13,9
7763,646,13,1
7764,735,13,10
7765,436,13,1
7766,228,13,5
7767,1075,13,10
7768,250,13,9
7769,202,13,8
7770,544,13,1
7771,486,13,6
7772,752,13,9
7773,884,13,7
7774,35,13,5
7775,656,13,9
7776,1217,13,4
7777,650,13,10
7778,912,13,7
7779,1196,13,7
7780,525,13,8
7781,157,13,7
7782,415,13,9
7783,1254,13,5
7784,57,13,8
7785,32,13,3
7786,60,13,2
7787,541,13,4
7788,1130,13,9
7789,173,13,1
7790,1105,13,8
7791,858,13,6
7792,860,13,10
7793,1145,13,2
7794,853,13,4
7795,119,13,6
7796,723,13,5
7797,1129,13,8
7798,689,13,5
7799,186,13,5
7800,402,13,10
7801,1216,13,2
7802,1162,13,6
7803,1094,13,6
7804,633,13,1
7805,150,13,10
7806,675,13,4
7807,242,13,3
7808,322,13,7
7809,772,13,7
7810,418,13,5
7811,543,13,7
7812,351,13,3
7813,611,13,8
7814,753,13,4
7815,304,13,3
7816,683,13,3
7817,80,13,9
7818,272,13,7
7819,563,13,1
7820,1190,13,3
7821,414,13,10
7822,946,13,2
7823,681,13,10
7824,680,13,8
7825,562,13,9
7826,769,13,5
7827,447,13,6
7828,107,13,7
7829,530,13,6
7830,905,13,10
7831,159,13,4
7832,977,13,6
7833,587,13,3
7834,480,13,9
7835,178,13,10
7836,181,13,8
7837,812,13,6
7838,526,13,6
7839,950,13,3
7840,2,13,3
7841,673,13,1
7842,1151,13,3
7843,834,13,5
7844,176,13,4
7845,43,13,8
7846,284,13,7
7847,343,13,2
7848,1185,13,3
7849,1100,13,7
7850,759,13,3
7851,59,13,3
7852,1200,13,2
7853,464,13,8
7854,955,13,7
7855,714,13,4
7856,5,13,5
7857,559,13,5
7858,286,13,10
7859,378,13,10
7860,527,13,1
7861,1152,13,4
7862,231,13,2
7863,523,13,4
7864,379,13,7
7865,324,13,10
7866,1221,13,8
7867,823,13,4
7868,153,13,1
7869,48,13,2
7870,1229,13,1
7871,1235,13,6
7872,1183,13,3
7873,429,13,5
7874,538,13,10
7875,843,13,8
7876,367,13,6
7877,652,13,9
7878,1231,13,7
7879,827,13,6
7880,1245,13,1
7881,134,13,8
7882,224,13,4
7883,822,13,7
7884,11,13,2
7885,458,13,7
7886,550,13,8
7887,162,13,1
7888,355,13,1
7889,635,13,7
7890,22,13,2
7891,1267,13,6
7892,1186,13,5
7893,472,13,1
7894,1182,13,1
7895,1,13,8
7896,299,13,10
7897,730,13,10
7898,320,13,2
7899,1191,13,3
7900,208,13,10
7901,279,13,4
7902,433,13,7
7903,613,13,1
7904,446,13,4
7905,809,13,4
7906,963,13,3
7907,727,13,3
7908,1146,13,8
7909,1160,13,4
7910,497,13,2
7911,516,13,5
7912,796,13,10
7913,316,13,8
7914,677,13,4
7915,634,13,10
7916,278,13,8
7917,12,13,3
7918,386,13,8
7919,411,13,7
7920,61,13,5
7921,116,13,6
7922,1230,13,6
7923,78,14,1
7924,639,14,1
7925,906,14,4
7926,158,14,6
7927,325,14,8
7928,5,14,3
7929,949,14,10
7930,159,14,8
7931,282,14,9
7932,106,14,2
7933,556,14,4
7934,588,14,10
7935,563,14,6
7936,1257,14,3
7937,330,14,6
7938,215,14,8
7939,209,14,1
7940,619,14,6
7941,81,14,7
7942,86,14,3
7943,491,14,4
7944,76,14,10
7945,289,14,9
7946,89,14,7
7947,94,14,2
7948,1183,14,1
7949,873,14,1
7950,102,14,1
7951,1238,14,2
7952,150,14,2
7953,908,14,4
7954,1157,14,10
7955,1252,14,5
7956,875,14,3
7957,357,14,9
7958,170,14,10
7959,689,14,8
7960,967,14,8
7961,670,14,6
7962,28,14,5
7963,536,14,8
7964,738,14,4
7965,1122,14,10
7966,744,14,4
7967,676,14,5
7968,157,14,6
7969,1116,14,4
7970,57,14,7
7971,30,14,5
7972,907,14,7
7973,969,14,1
7974,940,14,6
7975,1205,14,6
7976,927,14,3
7977,541,14,3
7978,119,14,6
7979,723,14,1
7980,305,14,3
7981,855,14,5
7982,795,14,8
7983,946,14,6
7984,735,14,9
7985,466,14,7
7986,514,14,5
7987,936,14,9
7988,406,14,9
7989,1087,14,1
7990,193,14,10
7991,1212,14,3
7992,333,14,8
7993,1184,14,7
7994,440,14,2
7995,211,14,8
7996,626,14,4
7997,756,14,1
7998,395,14,7
7999,645,14,2
8000,677,14,6
8001,369,14,4
8002,584,14,7
8003,392,14,9
8004,436,14,2
8005,207,14,9
8006,348,14,1
8007,1269,14,9
8008,497,14,2
8009,847,14,5
8010,614,14,1
8011,402,14,6
8012,652,14,3
8013,297,14,1
8014,708,14,7
8015,1121,14,9
8016,522,14,10
8017,370,14,4
8018,478,14,6
8019,721,14,5
8020,1113,14,9
8021,610,14,1
8022,535,14,1
8023,1097,14,6
8024,16,14,7
8025,593,14,6
8026,624,14,5
8027,638,14,6
8028,295,14,1
8029,683,14,4
8030,108,14,3
8031,1199,14,4
8032,951,14,1
8033,673,14,1
8034,338,14,2
8035,437,14,6
8036,13,14,4
8037,1092,14,10
8038,555,14,3
8039,1103,14,3
8040,364,14,8
8041,160,14,10
8042,235,14,1
8043,724,14,7
8044,261,14,9
8045,1084,14,10
8046,1111,14,8
8047,1090,14,10
8048,152,14,6
8049,586,14,10
8050,273,14,3
8051,84,14,9
8052,27,14,8
8053,19,14,5
8054,1255,14,8
8055,607,14,8
8056,755,14,1
8057,422,14,7
8058,1224,14,10
8059,365,14,8
8060,706,14,10
8061,731,14,4
8062,400,14,5
8063,374,14,10
8064,1155,14,4
8065,153,14,7
8066,583,14,2
8067,512,14,3
8068,1262,14,6
8069,117,14,7
8070,504,14,9
8071,54,14,9
8072,397,14,2
8073,316,14,3
8074,918,14,2
8075,1150,14,10
8076,1245,14,5
8077,664,14,6
8078,1138,14,2
8079,345,14,8
8080,384,14,5
8081,464,14,3
8082,435,14,4
8083,1195,14,10
8084,1130,14,3
8085,29,14,2
8086,231,14,3
8087,93,14,3
8088,428,14,2
8089,387,14,2
8090,762,14,10
8091,1127,14,7
8092,446,14,2
8093,390,14,3
8094,1239,14,1
8095,598,14,10
8096,796,14,4
8097,257,14,4
8098,1261,14,2
8099,47,14,9
8100,1093,14,3
8101,50,14,6
8102,210,14,1
8103,288,14,8
8104,63,14,4
8105,809,14,7
8106,1139,14,5
8107,404,14,2
8108,194,14,1
8109,544,14,9
8110,489,14,9
8111,33,14,4
8112,596,14,10
8113,1123,14,3
8114,67,14,2
8115,844,14,10
8116,1175,14,9
8117,32,14,8
8118,818,14,9
8119,1233,14,10
8120,457,14,2
8121,655,14,5
8122,661,14,9
8123,75,14,4
8124,1146,14,7
8125,111,14,7
8126,581,14,10
8127,757,14,10
8128,228,14,9
8129,212,14,3
8130,451,14,5
8131,880,14,7
8132,1163,14,5
8133,1250,14,8
8134,278,14,3
8135,1237,14,3
8136,379,14,3
8137,1086,14,10
8138,1161,14,1
8139,1132,14,1
8140,391,14,3
8141,202,14,3
8142,136,14,3
8143,230,14,7
8144,224,14,4
8145,154,14,7
8146,905,14,4
8147,714,14,2
8148,546,14,10
8149,2,14,8
8150,580,14,5
8151,52,14,4
8152,486,14,5
8153,1164,14,3
8154,846,14,3
8155,195,14,10
8156,107,14,7
8157,199,14,4
8158,524,14,8
8159,773,14,4
8160,346,14,2
8161,243,14,1
8162,9,14,7
8163,820,14,3
8164,445,14,5
8165,720,14,6
8166,564,14,3
8167,1198,14,7
8168,205,14,1
8169,629,14,9
8170,640,14,2
8171,705,14,3
8172,53,14,2
8173,701,14,3
8174,20,14,8
8175,1216,14,6
8176,351,14,2
8177,974,14,6
8178,236,14,9
8179,91,14,5
8180,394,14,4
8181,347,14,8
8182,1174,14,6
8183,103,14,10
8184,740,14,2
8185,49,14,9
8186,613,14,6
8187,620,14,4
8188,135,14,1
8189,116,14,6
8190,553,14,10
8191,642,14,3
8192,251,14,2
8193,1246,14,5
8194,520,14,3
8195,1249,14,3
8196,623,14,1
8197,1243,14,2
8198,165,14,7
8199,540,14,7
8200,718,14,8
8201,510,14,3
8202,35,14,5
8203,695,14,9
8204,1194,14,2
8205,272,14,7
8206,21,14,4
8207,162,14,8
8208,249,14,8
8209,833,14,7
8210,972,14,9
8211,1176,14,2
8212,22,14,7
8213,1271,14,4
8214,662,14,1
8215,313,14,10
8216,1145,14,6
8217,1105,14,5
8218,975,14,10
8219,576,14,4
8220,60,14,1
8221,69,14,4
8222,299,14,1
8223,961,14,2
8224,1088,14,7
8225,1131,14,4
8226,665,14,8
8227,759,14,1
8228,817,14,1
8229,197,14,3
8230,587,14,3
8231,244,14,5
8232,763,14,10
8233,807,14,7
8234,429,14,8
8235,836,14,6
8236,242,14,6
8237,11,14,1
8238,872,14,9
8239,561,14,3
8240,849,14,8
8241,973,14,6
8242,684,14,10
8243,1140,14,7
8244,1095,14,8
8245,496,14,7
8246,87,14,3
8247,675,14,8
8248,672,14,9
8249,910,14,5
8250,276,14,8
8251,650,14,3
8252,99,14,10
8253,1110,14,7
8254,183,14,7
8255,688,14,7
8256,206,14,8
8257,630,14,8
8258,442,14,6
8259,579,14,7
8260,488,14,10
8261,599,14,1
8262,1190,14,9
8263,1179,14,5
8264,96,14,1
8265,296,14,9
8266,268,14,7
8267,373,14,7
8268,383,14,10
8269,168,14,9
8270,812,14,9
8271,1247,14,2
8272,203,14,10
8273,485,14,1
8274,548,14,7
8275,479,14,6
8276,860,14,4
8277,112,14,6
8278,164,14,9
8279,616,14,5
8280,1180,14,3
8281,361,14,7
8282,916,14,7
8283,378,14,6
8284,1162,14,4
8285,957,14,8
8286,1154,14,3
8287,324,14,6
8288,608,14,5
8289,248,14,8
8290,704,14,4
8291,508,14,8
8292,405,14,9
8293,241,14,9
8294,753,14,7
8295,283,14,9
8296,660,14,7
8297,354,14,8
8298,1200,14,3
8299,680,14,5
8300,578,14,9
8301,419,14,10
8302,646,14,2
8303,34,14,7
8304,654,14,7
8305,937,14,2
8306,258,14,3
8307,386,14,3
8308,603,14,5
8309,414,14,3
8310,389,14,8
8311,1117,14,2
8312,741,14,8
8313,977,14,1
8314,1,14,5
8315,666,14,3
8316,337,14,4
8317,376,14,1
8318,1169,14,1
8319,557,14,6
8320,187,14,9
8321,453,14,9
8322,320,14,7
8323,591,14,4
8324,401,14,2
8325,341,14,1
8326,712,14,4
8327,37,14,9
8328,797,14,3
8329,1098,14,2
8330,841,14,6
8331,931,14,3
8332,942,14,7
8333,481,14,10
8334,487,14,2
8335,678,14,3
8336,24,14,5
8337,959,14,1
8338,336,14,1
8339,326,14,10
8340,648,14,8
8341,585,14,3
8342,71,14,4
8343,339,14,8
8344,1186,14,3
8345,832,14,3
8346,575,14,4
8347,1240,14,3
8348,1258,14,7
8349,434,14,6
8350,208,14,9
8351,697,14,7
8352,314,14,6
8353,845,14,9
8354,1141,14,8
8355,363,14,4
8356,517,14,5
8357,100,14,8
8358,300,14,2
8359,62,14,1
8360,462,14,10
8361,954,14,2
8362,831,14,4
8363,506,14,2
8364,163,14,7
8365,1178,14,7
8366,528,14,7
8367,1125,14,8
8368,828,14,8
8369,552,14,4
8370,1196,14,2
8371,73,14,5
8372,256,14,9
8373,1201,14,2
8374,825,14,2
8375,409,14,2
8376,306,14,6
8377,930,14,7
8378,1119,14,9
8379,919,14,6
8380,538,14,3
8381,321,14,10
8382,965,14,4
8383,692,14,1
8384,55,14,8
8385,151,14,8
8386,204,14,1
8387,600,14,5
8388,635,14,2
8389,560,14,2
8390,411,14,4
8391,769,14,3
8392,539,14,2
8393,682,14,6
8394,455,14,6
8395,382,14,7
8396,829,14,10
8397,104,14,9
8398,590,14,8
8399,280,14,9
8400,166,14,9
8401,177,14,2
8402,500,14,4
8403,853,14,2
8404,1236,14,7
8405,36,14,8
8406,189,14,6
8407,725,14,6
8408,761,14,7
8409,4,14,4
8410,945,14,10
8411,380,14,6
8412,1221,14,3
8413,1142,14,4
8414,605,14,6
8415,1241,14,6
8416,255,14,10
8417,816,14,7
8418,1085,14,6
8419,393,14,1
8420,653,14,7
8421,830,14,3
8422,433,14,1
8423,1256,14,9
8424,410,14,8
8425,477,14,5
8426,625,14,1
8427,939,14,7
8428,850,14,5
8429,221,14,8
8430,963,14,9
8431,452,14,4
8432,594,14,1
8433,882,14,5
8434,70,14,7
8435,1209,14,10
8436,649,14,1
8437,1096,14,6
8438,253,14,4
8439,399,14,5
8440,174,14,6
8441,1235,14,7
8442,595,14,2
8443,350,14,10
8444,1219,14,2
8445,765,14,1
8446,473,14,4
8447,461,14,10
8448,821,14,4
8449,1189,14,7
8450,294,14,4
8451,929,14,8
8452,418,14,5
8453,1265,14,7
8454,663,14,7
8455,826,14,4
8456,1206,14,6
8457,254,14,2
8458,356,14,9
8459,527,14,6
8460,1229,14,8
8461,95,14,4
8462,1107,14,10
8463,810,14,4
8464,1197,14,3
8465,185,14,1
8466,246,14,4
8467,98,14,2
8468,344,14,1
8469,851,14,5
8470,955,14,9
8471,732,14,4
8472,644,14,6
8473,1165,14,4
8474,438,14,5
8475,727,14,8
8476,743,14,6
8477,403,14,9
8478,431,14,3
8479,190,14,2
8480,8,14,9
8481,525,14,5
8482,266,14,1
8483,968,14,8
8484,1227,14,6
8485,310,14,6
8486,687,14,2
8487,1168,14,1
8488,852,14,2
8489,65,14,5
8490,516,14,2
8491,559,14,2
8492,643,14,10
8493,815,14,1
8494,367,14,6
8495,430,14,3
8496,883,14,2
8497,279,14,5
8498,44,14,9
8499,808,14,10
8500,1080,14,9
8501,582,14,2
8502,1267,14,6
8503,92,14,2
8504,938,14,6
8505,633,14,7
8506,1104,14,1
8507,220,14,2
8508,1266,14,9
8509,719,14,5
8510,118,14,4
8511,216,14,7
8512,1124,14,8
8513,602,14,8
8514,671,14,4
8515,609,14,1
8516,472,14,5
8517,181,14,10
8518,948,14,1
8519,233,14,6
8520,827,14,6
8521,222,14,5
8522,715,14,9
8523,362,14,8
8524,502,14,5
8525,444,14,6
8526,186,14,2
8527,423,14,4
8528,225,14,1
8529,542,14,4
8530,483,14,4
8531,416,14,9
8532,742,14,10
8533,417,14,9
8534,726,14,1
8535,935,14,3
8536,303,14,9
8537,82,14,9
8538,260,14,1
8539,83,14,4
8540,667,14,2
8541,530,14,3
8542,328,14,5
8543,412,14,5
8544,267,14,9
8545,286,14,4
8546,1232,14,6
8547,1187,14,6
8548,656,14,10
8549,772,14,7
8550,589,14,6
8551,51,14,6
8552,1173,14,2
8553,3,14,6
8554,1159,14,9
8555,38,14,8
8556,813,14,5
8557,529,14,7
8558,23,14,10
8559,498,14,8
8560,155,14,4
8561,1075,14,7
8562,494,14,1
8563,109,14,9
8564,439,14,1
8565,237,14,5
8566,531,14,7
8567,232,14,4
8568,1231,14,5
8569,1278,14,7
8570,343,14,4
8571,1089,14,8
8572,884,14,4
8573,1215,14,8
8574,287,14,7
8575,495,14,7
8576,549,14,3
8577,597,14,9
8578,396,14,6
8579,1217,14,10
8580,332,14,5
8581,1077,14,10
8582,323,14,5
8583,904,14,6
8584,88,14,8
8585,1133,14,9
8586,25,14,8
8587,501,14,7
8588,421,14,8
8589,774,14,6
8590,149,14,6
8591,913,14,3
8592,1128,14,10
8593,458,14,1
8594,493,14,6
8595,1144,14,8
8596,480,14,6
8597,263,14,2
8598,970,14,1
8599,521,14,3
8600,385,14,2
8601,1193,14,10
8602,15,14,10
8603,360,14,8
8604,7,14,5
8605,543,14,7
8606,775,14,1
8607,381,14,5
8608,934,14,7
8609,618,14,2
8610,371,14,6
8611,425,14,2
8612,342,14,5
8613,247,14,2
8614,318,14,7
8615,1234,14,3
8616,448,14,2
8617,377,14,7
8618,10,14,8
8619,752,14,1
8620,1106,14,4
8621,349,14,8
8622,490,14,8
8623,61,14,3
8624,167,14,5
8625,315,14,8
8626,1214,14,3
8627,932,14,1
8628,172,14,7
8629,156,14,4
8630,733,14,2
8631,1270,14,1
8632,271,14,4
8633,674,14,8
8634,1136,14,2
8635,334,14,5
8636,217,14,6
8637,819,14,1
8638,647,14,5
8639,1218,14,4
8640,681,14,2
8641,179,14,5
8642,1166,14,4
8643,1207,14,9
8644,1259,14,8
8645,952,14,6
8646,679,14,7
8647,1076,14,10
8648,1210,14,6
8649,964,14,8
8650,17,14,9
8651,659,14,4
8652,858,14,3
8653,1213,14,8
8654,420,14,4
8655,48,14,9
8656,290,14,9
8657,182,14,6
8658,46,14,6
8659,966,14,5
8660,74,14,9
8661,1182,14,8
8662,173,14,6
8663,668,14,7
8664,1112,14,2
8665,470,14,6
8666,1177,14,6
8667,545,14,3
8668,917,14,3
8669,976,14,10
8670,285,14,8
8671,1208,14,10
8672,482,14,4
8673,696,14,5
8674,358,14,3
8675,856,14,8
8676,161,14,9
8677,43,14,1
8678,484,14,10
8679,592,14,7
8680,685,14,9
8681,229,14,5
8682,914,14,1
8683,1220,14,5
8684,1185,14,7
8685,1115,14,4
8686,612,14,4
8687,1228,14,10
8688,245,14,5
8689,319,14,5
8690,238,14,10
8691,768,14,2
8692,554,14,5
8693,519,14,3
8694,730,14,8
8695,1126,14,8
8696,1264,14,8
8697,728,14,5
8698,1148,14,4
8699,340,14,9
8700,281,14,2
8701,577,14,2
8702,292,14,3
8703,960,14,9
8704,6,14,10
8705,958,14,1
8706,754,14,4
8707,301,14,8
8708,737,14,5
8709,1202,14,10
8710,1248,14,9
8711,876,14,1
8712,881,14,8
8713,928,14,1
8714,1242,14,9
8715,1135,14,5
8716,474,14,6
8717,1223,14,3
8718,1225,14,1
8719,293,14,5
8720,443,14,3
8721,97,14,9
8722,388,14,2
8723,1191,14,9
8724,80,14,4
8725,14,14,3
8726,823,14,1
8727,615,14,9
8728,1153,14,4
8729,770,14,4
8730,700,14,8
8731,824,14,6
8732,1114,14,8
8733,471,14,9
8734,760,14,10
8735,176,14,2
8736,547,14,2
8737,1156,14,10
8738,658,14,8
8739,1222,14,3
8740,693,14,5
8741,956,14,2
8742,857,14,1
8743,632,14,8
8744,407,14,3
8745,184,14,6
8746,950,14,4
8747,308,14,6
8748,713,14,10
8749,953,14,8
8750,219,14,3
8751,196,14,2
8752,329,14,5
8753,45,14,4
8754,690,14,8
8755,465,14,6
8756,110,14,2
8757,1143,14,5
8758,834,14,5
8759,469,14,2
8760,105,14,5
8761,269,14,9
8762,1091,14,7
8763,962,14,7
8764,171,14,5
8765,1147,14,5
8766,515,14,8
8767,198,14,5
8768,264,14,7
8769,240,14,10
8770,634,14,4
8771,134,14,2
8772,1254,14,2
8773,1151,14,9
8774,915,14,1
8775,42,14,5
8776,499,14,1
8777,1129,14,9
8778,449,14,9
8779,767,14,2
8780,18,14,10
8781,66,14,3
8782,226,14,1
8783,68,14,1
8784,1170,14,9
8785,758,14,4
8786,72,14,5
8787,200,14,1
8788,192,14,8
8789,31,14,4
8790,631,14,1
8791,909,14,1
8792,509,14,4
8793,811,14,10
8794,534,14,5
8795,657,14,8
8796,368,14,5
8797,814,14,9
8798,175,14,2
8799,601,14,6
8800,12,14,7
8801,262,14,7
8802,77,14,8
8803,617,14,8
8804,454,14,5
8805,353,14,9
8806,505,14,5
8807,511,14,6
8808,573,14,9
8809,1100,14,9
8810,1137,14,9
8811,460,14,7
8812,1094,14,9
8813,464,15,3
8814,62,15,9
8815,291,15,1
8816,1163,15,8
8817,1097,15,5
8818,221,15,6
8819,367,15,8
8820,708,15,3
8821,957,15,1
8822,1164,15,3
8823,377,15,1
8824,626,15,7
8825,65,15,6
8826,743,15,7
8827,1105,15,6
8828,958,15,10
8829,770,15,2
8830,818,15,10
8831,575,15,7
8832,824,15,4
8833,11,15,2
8834,767,15,4
8835,32,15,6
8836,223,15,1
8837,293,15,8
8838,953,15,2
8839,380,15,4
8840,181,15,7
8841,165,15,4
8842,938,15,4
8843,282,15,3
8844,170,15,9
8845,413,15,2
8846,693,15,8
8847,1186,15,10
8848,757,15,6
8849,1255,15,10
8850,163,15,10
8851,1257,15,2
8852,1190,15,6
8853,19,15,6
8854,304,15,8
8855,35,15,3
8856,366,15,3
8857,1201,15,10
8858,238,15,1
8859,6,15,8
8860,697,15,3
8861,161,15,1
8862,753,15,8
8863,1160,15,9
8864,683,15,5
8865,822,15,1
8866,460,15,3
8867,592,15,5
8868,43,15,6
8869,185,15,6
8870,706,15,7
8871,876,15,1
8872,227,15,2
8873,501,15,3
8874,337,15,3
8875,604,15,7
8876,847,15,4
8877,1111,15,9
8878,640,15,7
8879,489,15,2
8880,624,15,3
8881,21,15,6
8882,183,15,3
8883,879,15,4
8884,576,15,5
8885,752,15,8
8886,410,15,6
8887,1234,15,2
8888,95,15,10
8889,769,15,10
8890,373,15,3
8891,846,15,8
8892,1225,15,4
8893,672,15,10
8894,554,15,8
8895,845,15,10
8896,384,15,9
8897,1198,15,3
8898,1213,15,6
8899,71,15,2
8900,174,15,2
8901,24,15,4
8902,522,15,5
8903,263,15,5
8904,1195,15,8
8905,882,15,3
8906,928,15,10
8907,950,15,1
8908,378,15,7
8909,1201,16,9
8910,1157,16,10
8911,652,16,7
8912,522,16,6
8913,399,16,10
8914,1263,16,3
8915,52,16,1
8916,91,16,1
8917,428,16,2
8918,71,16,8
8919,479,16,3
8920,26,16,7
8921,858,16,2
8922,318,16,2
8923,615,16,3
8924,1247,16,5
8925,678,16,7
8926,513,16,6
8927,708,16,2
8928,852,16,10
8929,772,16,8
8930,268,16,2
8931,1269,16,3
8932,1192,16,2
8933,1267,16,2
8934,444,16,8
8935,882,16,8
8936,195,16,2
8937,599,16,7
8938,269,16,1
8939,390,16,6
8940,89,16,7
8941,23,16,7
8942,15,16,6
8943,197,16,4
8944,153,16,1
8945,1234,16,8
8946,501,16,7
8947,592,16,3
8948,304,16,1
8949,1250,16,1
8950,820,16,7
8951,358,16,6
8952,373,16,4
8953,651,16,8
8954,968,16,10
8955,1204,16,4
8956,422,16,1
8957,308,16,2
8958,623,16,7
8959,1205,16,2
8960,1094,16,3
8961,519,16,7
8962,394,16,2
8963,1129,16,2
8964,811,16,9
8965,22,16,5
8966,687,16,1
8967,257,16,4
8968,431,16,2
8969,280,16,6
8970,1190,16,4
8971,317,16,6
8972,1178,16,10
8973,1179,16,8
8974,1108,16,2
8975,470,16,2
8976,314,16,7
8977,371,16,10
8978,410,16,3
8979,34,16,4
8980,397,16,7
8981,554,16,4
8982,11,16,10
8983,560,16,5
8984,663,16,4
8985,953,16,5
8986,359,16,8
8987,30,16,6
8988,248,16,3
8989,281,16,7
8990,218,16,8
8991,958,16,1
8992,379,16,5
8993,416,16,2
8994,374,16,10
8995,1254,16,5
8996,674,16,7
8997,834,16,3
8998,21,16,3
8999,329,16,2
9000,625,16,1
9001,1278,16,10
9002,1221,16,3
9003,1220,16,5
9004,946,16,1
9005,162,16,10
9006,1246,16,1
9007,108,16,6
9008,184,16,9
9009,649,16,2
9010,449,16,8
9011,55,16,6
9012,1089,16,4
9013,1249,16,4
9014,712,16,8
9015,689,16,6
9016,1213,16,3
9017,438,16,4
9018,461,16,4
9019,73,16,5
9020,976,16,10
9021,725,16,7
9022,1160,16,5
9023,1183,16,5
9024,677,16,3
9025,37,16,1
9026,679,16,6
9027,548,16,7
9028,441,16,9
9029,1223,16,10
9030,307,16,10
9031,724,16,3
9032,507,16,3
9033,525,16,1
9034,632,16,10
9035,385,16,3
9036,962,16,2
9037,212,16,7
9038,1262,16,9
9039,398,16,6
9040,1182,16,7
9041,601,16,1
9042,199,16,1
9043,13,16,8
9044,1184,16,6
9045,471,16,2
9046,860,16,1
9047,1175,16,3
9048,39,16,6
9049,1119,16,10
9050,400,16,6
9051,733,16,4
9052,1236,16,5
9053,487,16,9
9054,59,16,3
9055,727,16,9
9056,807,16,2
9057,32,16,10
9058,383,16,1
9059,1143,16,1
9060,62,16,4
9061,660,16,1
9062,1224,16,5
9063,616,16,9
9064,658,16,3
9065,915,16,2
9066,1187,16,10
9067,84,16,6
9068,1098,16,1
9069,1215,16,7
9070,497,16,6
9071,770,16,9
9072,279,16,8
9073,208,16,9
9074,407,16,7
9075,1137,16,5
9076,297,16,10
9077,503,16,6
9078,812,16,6
9079,56,16,9
9080,1265,16,8
9081,236,16,8
9082,673,16,6
9083,315,16,10
9084,406,16,5
9085,367,16,3
9086,688,16,5
9087,223,16,9
9088,526,16,7
9089,293,16,6
9090,928,16,5
9091,1245,16,7
9092,74,16,4
9093,285,16,9
9094,1084,16,6
9095,630,16,3
9096,949,16,4
9097,1174,16,1
9098,543,16,8
9099,598,16,7
9100,249,16,1
9101,322,16,6
9102,19,16,4
9103,174,16,3
9104,8,16,8
9105,5,16,7
9106,1104,16,1
9107,134,16,6
9108,938,16,5
9109,584,16,4
9110,370,16,1
9111,447,16,9
9112,480,16,5
9113,602,16,2
9114,1118,16,10
9115,490,16,7
9116,518,16,3
9117,166,16,10
9118,1111,16,9
9119,917,16,2
9120,183,16,6
9121,1180,16,5
9122,1150,16,3
9123,775,16,10
9124,531,16,4
9125,975,16,9
9126,758,16,9
9127,437,16,2
9128,54,16,4
9129,378,16,5
9130,273,16,10
9131,261,16,8
9132,196,16,6
9133,1131,16,6
9134,1227,16,5
9135,4,16,3
9136,742,16,10
9137,366,16,2
9138,328,16,5
9139,423,16,7
9140,591,16,2
9141,67,16,7
9142,1109,16,9
9143,1095,16,9
9144,774,16,7
9145,159,16,8
9146,831,16,7
9147,520,16,4
9148,412,16,10
9149,392,16,10
9150,581,16,2
9151,238,16,6
9152,907,16,10
9153,808,16,3
9154,668,16,6
9155,1198,16,6
9156,311,16,1
9157,638,16,4
9158,2,16,10
9159,881,16,4
9160,36,16,9
9161,82,16,6
9162,203,16,9
9163,683,16,2
9164,33,16,10
9165,1225,16,8
9166,542,16,4
9167,154,16,9
9168,29,16,8
9169,283,16,6
9170,296,16,6
9171,207,16,1
9172,930,16,8
9173,1231,16,1
9174,79,16,5
9175,452,16,7
9176,675,16,4
9177,1076,16,7
9178,464,16,8
9179,72,16,3
9180,829,16,4
9181,241,16,2
9182,927,16,7
9183,904,16,6
9184,721,16,1
9185,563,16,2
9186,1162,16,8
9187,1163,16,1
9188,344,16,2
9189,25,16,9
9190,1146,16,5
9191,178,16,6
9192,258,16,7
9193,474,16,7
9194,1195,16,2
9195,415,16,7
9196,597,16,2
9197,310,16,5
9198,408,16,3
9199,220,16,6
9200,1242,16,8
9201,769,16,7
9202,355,16,7
9203,306,16,9
9204,349,16,1
9205,157,16,8
9206,637,16,5
9207,381,16,2
9208,1126,16,6
9209,1203,16,8
9210,1177,16,9
9211,175,16,1
9212,230,16,5
9213,234,16,8
9214,964,16,10
9215,656,16,6
9216,722,16,10
9217,1202,16,2
9218,225,16,2
9219,277,16,7
9220,190,16,3
9221,1237,16,4
9222,305,16,4
9223,171,16,10
9224,561,16,5
9225,1107,16,10
9226,1200,16,7
9227,505,16,2
9228,369,16,10
9229,821,16,2
9230,340,16,4
9231,810,16,2
9232,20,16,6
9233,1133,16,4
9234,690,16,2
9235,916,16,6
9236,504,16,7
9237,726,16,4
9238,31,16,9
9239,875,16,5
9240,202,16,1
9241,611,16,3
9242,492,16,4
9243,35,17,5
9244,730,17,8
9245,1193,17,5
9246,612,17,7
9247,755,17,2
9248,110,17,6
9249,1212,17,5
9250,1141,17,6
9251,920,17,7
9252,336,17,3
9253,525,17,8
9254,1182,17,6
9255,209,17,3
9256,737,17,6
9257,348,17,4
9258,530,17,3
9259,724,17,7
9260,429,17,2
9261,688,17,3
9262,239,17,8
9263,208,17,9
9264,937,17,4
9265,152,17,9
9266,975,17,4
9267,625,17,10
9268,1238,17,10
9269,753,17,3
9270,1251,17,7
9271,405,17,4
9272,488,17,9
9273,500,17,5
9274,1121,17,3
9275,502,17,4
9276,634,17,9
9277,1140,17,5
9278,519,17,10
9279,574,17,8
9280,272,17,3
9281,368,17,1
9282,42,17,10
9283,1247,17,1
9284,339,17,5
9285,149,17,7
9286,103,17,4
9287,505,17,2
9288,815,17,2
9289,451,17,3
9290,286,17,4
9291,829,17,1
9292,497,17,1
9293,563,17,8
9294,769,17,5
9295,390,17,6
9296,1257,17,5
9297,826,17,4
9298,278,17,9
9299,454,17,10
9300,391,17,4
9301,564,17,3
9302,828,17,8
9303,257,17,8
9304,280,17,3
9305,473,17,4
9306,61,17,5
9307,821,17,3
9308,493,17,8
9309,1162,17,2
9310,216,17,2
9311,972,17,6
9312,545,17,5
9313,55,17,2
9314,250,17,1
9315,509,17,9
9316,732,17,9
9317,629,17,2
9318,304,17,8
9319,178,17,6
9320,387,17,7
9321,973,17,10
9322,758,17,3
9323,578,17,1
9324,60,17,6
9325,733,17,1
9326,309,17,6
9327,469,17,8
9328,743,17,5
9329,631,17,6
9330,345,17,3
9331,207,17,8
9332,236,17,10
9333,1171,17,4
9334,767,17,6
9335,284,17,6
9336,194,17,9
9337,237,17,8
9338,269,17,3
9339,1100,17,6
9340,352,17,8
9341,90,17,4
9342,1095,17,7
9343,1203,17,2
9344,709,17,6
9345,254,17,3
9346,247,17,10
9347,1142,17,5
9348,256,17,9
9349,72,17,3
9350,1250,17,8
9351,1190,17,8
9352,242,17,4
9353,1214,17,7
9354,532,17,5
9355,204,17,8
9356,812,17,4
9357,1104,17,2
9358,720,17,10
9359,580,17,5
9360,659,17,2
9361,33,17,5
9362,374,17,6
9363,1208,17,5
9364,506,17,7
9365,291,17,5
9366,539,17,3
9367,1233,17,6
9368,315,17,3
9369,305,17,1
9370,706,17,10
9371,1158,17,7
9372,627,17,6
9373,327,17,4
9374,289,17,2
9375,362,17,5
9376,56,17,9
9377,50,17,2
9378,695,17,8
9379,637,17,7
9380,243,17,3
9381,86,17,5
9382,1278,17,10
9383,226,17,10
9384,592,17,7
9385,683,17,7
9386,562,17,5
9387,47,17,1
9388,763,17,4
9389,79,17,3
9390,915,17,6
9391,462,17,2
9392,965,17,1
9393,453,17,7
9394,241,17,3
9395,1112,17,5
9396,775,17,7
9397,951,17,10
9398,437,17,6
9399,468,17,1
9400,495,17,8
9401,158,17,1
9402,741,17,8
9403,954,17,7
9404,586,17,2
9405,444,17,5
9406,535,17,2
9407,1077,17,10
9408,328,17,7
9409,857,17,6
9410,1188,17,5
9411,1151,17,5
9412,312,17,4
9413,4,17,2
9414,701,17,4
9415,25,17,3
9416,813,17,4
9417,952,17,9
9418,1235,17,7
9419,735,17,2
9420,367,17,2
9421,738,17,10
9422,512,17,5
9423,64,17,3
9424,288,17,9
9425,249,17,5
9426,713,17,1
9427,77,17,7
9428,1236,17,9
9429,211,17,1
9430,768,17,4
9431,310,17,3
9432,1163,17,4
9433,92,17,8
9434,534,17,7
9435,1216,17,5
9436,613,17,10
9437,690,17,1
9438,150,17,6
9439,179,17,9
9440,524,17,1
9441,916,17,2
9442,333,17,6
9443,162,17,1
9444,536,17,9
9445,355,17,3
9446,185,17,1
9447,640,17,4
9448,457,17,10
9449,1202,17,10
9450,1111,17,1
9451,1097,17,6
9452,164,17,2
9453,285,17,7
9454,225,17,3
9455,1108,17,4
9456,1259,17,1
9457,1146,17,6
9458,756,17,9
9459,433,17,7
9460,1086,17,2
9461,824,17,2
9462,1172,17,3
9463,1231,17,8
9464,52,17,2
9465,820,17,7
9466,118,17,4
9467,834,17,5
9468,664,17,7
9469,714,17,4
9470,1205,17,1
9471,21,17,10
9472,246,17,8
9473,1195,17,5
9474,1127,17,3
9475,719,17,8
9476,532,18,10
9477,1193,18,1
9478,484,18,4
9479,319,18,9
9480,808,18,10
9481,361,18,7
9482,976,18,4
9483,740,18,5
9484,561,18,7
9485,305,18,3
9486,342,18,2
9487,873,18,2
9488,770,18,4
9489,1237,18,6
9490,1167,18,8
9491,207,18,5
9492,814,18,3
9493,972,18,6
9494,1190,18,2
9495,237,18,8
9496,14,18,4
9497,1137,18,6
9498,500,18,1
9499,118,18,6
9500,627,18,6
9501,202,18,7
9502,603,18,8
9503,38,18,7
9504,940,18,4
9505,725,18,4
9506,272,18,9
9507,1168,18,6
9508,587,18,5
9509,256,18,7
9510,79,18,10
9511,432,18,4
9512,720,18,7
9513,451,18,3
9514,62,18,7
9515,413,18,5
9516,418,18,2
9517,354,18,8
9518,1182,18,4
9519,411,18,2
9520,165,18,1
9521,819,18,9
9522,657,18,3
9523,183,18,5
9524,1224,18,3
9525,13,18,4
9526,280,18,8
9527,1157,18,5
9528,714,18,9
9529,552,18,5
9530,648,18,4
9531,1178,18,1
9532,420,18,4
9533,658,18,6
9534,918,18,9
9535,389,18,6
9536,1215,18,7
9537,35,18,4
9538,374,18,10
9539,884,18,4
9540,608,18,6
9541,268,18,7
9542,618,18,9
9543,227,18,7
9544,167,18,1
9545,287,18,3
9546,440,18,2
9547,337,18,8
9548,564,18,7
9549,194,18,1
9550,283,18,6
9551,942,18,3
9552,32,18,5
9553,329,18,4
9554,284,18,4
9555,163,18,10
9556,348,18,2
9557,1172,18,2
9558,9,18,3
9559,255,18,1
9560,495,18,6
9561,841,18,10
9562,1260,18,4
9563,1201,18,5
9564,713,18,4
9565,1153,18,6
9566,1208,18,7
9567,510,18,5
9568,829,18,2
9569,373,18,8
9570,1144,18,4
9571,643,18,8
9572,5,18,1
9573,8,18,8
9574,217,18,1
9575,1187,18,5
9576,247,18,3
9577,1119,18,10
9578,317,18,7
9579,334,18,5
9580,299,18,8
9581,233,18,9
9582,675,18,10
9583,190,18,9
9584,920,18,4
9585,973,18,6
9586,43,18,8
9587,253,18,9
9588,54,18,6
9589,57,18,3
9590,401,18,10
9591,1209,18,8
9592,1090,18,10
9593,60,18,9
9594,503,18,6
9595,1244,18,1
9596,938,18,4
9597,1103,18,4
9598,134,18,8
9599,1141,18,3
9600,544,18,3
9601,1084,18,10
9602,301,18,8
9603,822,18,9
9604,437,18,10
9605,29,18,6
9606,306,18,4
9607,595,18,1
9608,853,18,6
9609,961,18,9
9610,1250,18,4
9611,1264,18,10
9612,46,18,6
9613,179,18,3
9614,298,18,10
9615,1108,18,5
9616,485,18,7
9617,314,18,1
9618,270,18,3
9619,673,18,9
9620,589,18,7
9621,152,18,8
9622,150,18,2
9623,847,18,7
9624,491,18,10
9625,483,18,1
9626,351,18,5
9627,904,18,7
9628,852,18,7
9629,444,18,9
9630,182,18,4
9631,1221,18,1
9632,403,18,7
9633,760,18,8
9634,1110,18,7
9635,1169,18,7
9636,1225,18,2
9637,250,18,9
9638,596,18,9
9639,33,18,1
9640,696,18,1
9641,37,18,1
9642,572,18,8
9643,823,18,4
9644,529,18,1
9645,950,18,1
9646,705,18,2
9647,249,18,10
9648,86,18,10
9649,187,18,7
9650,646,18,10
9651,755,18,3
9652,95,18,2
9653,498,18,1
9654,677,18,1
9655,734,18,10
9656,1128,18,10
9657,369,18,3
9658,632,18,10
9659,855,18,3
9660,415,18,9
9661,87,18,4
9662,180,18,7
9663,327,18,2
9664,594,18,7
9665,343,18,3
9666,203,18,10
9667,968,18,7
9668,910,18,9
9669,320,18,5
9670,497,18,3
9671,1117,18,10
9672,1173,18,6
9673,17,18,10
9674,1120,18,4
9675,332,18,1
9676,753,18,1
9677,243,18,6
9678,76,18,1
9679,291,18,8
9680,528,18,1
9681,956,18,3
9682,64,18,1
9683,16,18,1
9684,612,18,1
9685,502,18,10
9686,733,18,1
9687,371,18,3
9688,1231,18,2
9689,407,18,5
9690,752,18,6
9691,71,18,6
9692,623,18,6
9693,276,18,6
9694,464,18,6
9695,23,18,7
9696,1139,18,2
9697,149,18,7
9698,2,18,1
9699,258,18,6
9700,1088,18,2
9701,273,18,9
9702,155,18,3
9703,613,18,4
9704,957,18,10
9705,1122,18,7
9706,826,18,4
9707,1216,18,10
9708,948,18,5
9709,454,18,8
9710,757,18,9
9711,461,18,9
9712,706,18,5
9713,1185,18,4
9714,691,18,3
9715,349,18,7
9716,350,18,8
9717,765,18,2
9718,48,18,6
9719,916,18,7
9720,1223,18,10
9721,563,18,2
9722,824,18,7
9723,617,18,2
9724,73,18,2
9725,419,18,3
9726,1099,18,3
9727,930,18,9
9728,460,18,1
9729,1096,18,4
9730,357,18,5
9731,549,18,3
9732,701,18,1
9733,110,18,5
9734,61,18,3
9735,34,18,5
9736,205,18,8
9737,833,18,8
9738,602,18,5
9739,72,18,10
9740,821,18,5
9741,653,18,10
9742,191,18,1
9743,1256,18,3
9744,1204,18,8
9745,1241,18,1
9746,116,18,9
9747,517,18,10
9748,834,18,1
9749,1152,18,7
9750,277,18,6
9751,876,18,5
9752,508,18,10
9753,737,18,7
9754,1156,18,10
9755,488,18,2
9756,445,18,10
9757,683,18,1
9758,540,18,8
9759,387,18,9
9760,1112,18,2
9761,635,18,4
9762,1163,18,5
9763,157,18,6
9764,465,18,7
9765,559,18,4
9766,275,18,1
9767,1242,18,10
9768,721,18,5
9769,372,18,1
9770,352,18,6
9771,741,18,1
9772,620,18,2
9773,105,18,9
9774,473,18,10
9775,1174,18,5
9776,548,18,8
9777,609,18,7
9778,428,18,9
9779,591,18,2
9780,843,18,2
9781,557,18,3
9782,20,18,3
9783,1248,18,3
9784,160,18,4
9785,19,18,9
9786,551,18,4
9787,269,18,1
9788,201,18,8
9789,827,18,2
9790,477,18,2
9791,593,18,5
9792,173,18,1
9793,762,18,7
9794,694,18,4
9795,534,18,3
9796,98,18,9
9797,580,18,1
9798,367,18,9
9799,619,18,1
9800,554,18,3
9801,324,18,3
9802,356,18,2
9803,830,18,7
9804,652,18,6
9805,1075,18,2
9806,1124,18,7
9807,1186,18,1
9808,100,18,4
9809,795,18,3
9810,164,18,3
9811,907,18,6
9812,1227,18,2
9813,196,18,5
9814,626,18,5
9815,574,18,9
9816,414,18,9
9817,1077,18,8
9818,40,18,5
9819,966,18,5
9820,111,18,1
9821,1198,18,4
9822,1149,18,5
9823,412,18,5
9824,136,18,8
9825,1252,18,10
9826,970,18,7
9827,575,18,2
9828,1093,18,8
9829,222,18,1
9830,775,18,7
9831,282,18,3
9832,94,18,5
9833,466,18,9
9834,1222,18,4
9835,1247,18,10
9836,669,18,2
9837,1263,18,6
9838,386,18,1
9839,318,18,8
9840,66,18,5
9841,811,18,2
9842,399,18,7
9843,331,18,5
9844,478,18,8
9845,525,18,2
9846,952,18,7
9847,39,18,3
9848,321,18,4
9849,405,18,7
9850,731,18,7
9851,836,18,4
9852,156,18,5
9853,512,18,8
9854,236,18,2
9855,424,18,10
9856,718,18,9
9857,67,18,9
9858,315,18,10
9859,360,18,4
9860,511,18,5
9861,295,18,9
9862,744,18,7
9863,953,18,5
9864,581,18,2
9865,340,18,2
9866,697,18,7
9867,634,18,2
9868,509,18,7
9869,927,18,1
9870,1235,18,3
9871,905,18,9
9872,523,18,4
9873,197,18,8
9874,379,18,7
9875,336,18,8
9876,264,18,4
9877,376,18,7
9878,1240,18,3
9879,3,18,8
9880,639,18,9
9881,44,18,3
9882,271,18,5
9883,650,18,2
9884,654,18,3
9885,758,18,5
9886,1118,18,8
9887,975,18,5
9888,109,18,6
9889,304,18,9
9890,68,18,1
9891,344,18,2
9892,262,18,2
9893,104,18,1
9894,934,18,9
9895,174,18,2
9896,1219,18,6
9897,583,18,2
9898,499,18,10
9899,958,18,8
9900,1271,18,9
9901,682,18,4
9902,390,18,10
9903,1091,18,4
9904,223,18,10
9905,496,18,8
9906,1205,18,3
9907,1123,18,2
9908,1146,18,4
9909,518,18,5
9910,457,18,3
9911,176,18,10
9912,238,18,5
9913,578,18,4
9914,908,18,10
9915,311,18,3
9916,881,18,8
9917,326,18,9
9918,308,18,4
9919,297,18,8
9920,879,18,9
9921,431,18,3
9922,763,18,10
9923,81,18,4
9924,820,18,3
9925,441,18,5
9926,1138,18,7
9927,1230,18,9
9928,219,18,7
9929,225,18,2
9930,939,18,6
9931,285,18,9
9932,640,18,3
9933,667,18,9
9934,964,18,7
9935,515,18,7
9936,1218,18,6
9937,1253,18,9
9938,810,18,1
9939,443,18,5
9940,1170,18,8
9941,545,18,7
9942,286,18,3
9943,312,18,10
9944,1197,18,6
9945,715,18,1
9946,547,18,5
9947,764,18,7
9948,1267,18,7
9949,338,18,8
9950,162,18,8
9951,1148,18,3
9952,170,18,2
9953,516,18,10
9954,220,18,7
9955,303,18,3
9956,560,18,10
9957,797,18,5
9958,417,18,5
9959,1239,18,4
9960,274,18,5
9961,425,18,7
9962,1199,18,8
9963,289,18,6
9964,355,18,8
9965,611,18,9
9966,600,18,4
9967,858,18,1
9968,521,18,1
9969,962,18,2
9970,65,18,7
9971,370,18,5
9972,55,18,7
9973,1212,18,9
9974,695,18,9
9975,1161,18,1
9976,211,18,8
9977,614,18,1
9978,645,18,2
9979,1130,18,4
9980,1151,18,7
9981,913,18,8
9982,212,18,9
9983,946,18,1
9984,494,18,5
9985,53,18,2
9986,610,18,3
9987,624,18,8
9988,224,18,10
9989,82,18,5
9990,1214,18,7
9991,1159,18,3
9992,234,18,6
9993,56,18,9
9994,266,18,7
9995,642,18,1
9996,397,18,4
9997,24,18,6
9998,448,18,4
9999,385,18,9
10000,909,18,9
10001,584,18,7
10002,850,18,1
10003,216,18,6
10004,261,18,10
10005,638,18,9
10006,828,18,2
10007,99,18,4
10008,468,18,9
10009,550,18,5
10010,941,18,5
10011,206,18,5
10012,88,18,6
10013,1245,18,9
10014,949,18,3
10015,267,18,2
10016,363,18,8
10017,97,18,9
10018,1265,18,7
10019,493,18,7
10020,607,18,2
10021,1266,18,4
10022,6,18,9
10023,151,18,1
10024,767,18,8
10025,687,18,4
10026,218,18,7
10027,392,18,2
10028,1189,18,8
10029,1133,18,4
10030,92,18,6
10031,825,18,7
10032,241,18,6
10033,481,18,9
10034,919,18,5
10035,917,18,10
10036,689,18,7
10037,929,18,5
10038,215,18,10
10039,954,18,4
10040,577,18,7
10041,1176,18,9
10042,882,18,3
10043,52,18,7
10044,1229,18,5
10045,452,18,1
10046,815,18,2
10047,260,18,10
10048,631,18,9
10049,108,18,8
10050,378,18,3
10051,1145,18,3
10052,480,18,1
10053,470,18,3
10054,520,18,5
10055,265,18,5
10056,1135,18,6
10057,542,18,5
10058,175,18,10
10059,89,18,4
10060,1104,18,2
10061,872,18,6
10062,772,18,10
10063,768,18,4
10064,1251,18,7
10065,330,18,5
10066,364,18,9
10067,1160,18,3
10068,883,18,7
10069,381,18,5
10070,522,18,3
10071,15,18,4
10072,423,18,6
10073,153,18,3
10074,505,18,8
10075,625,18,4
10076,668,18,9
10077,77,18,10
10078,831,18,1
10079,28,18,10
10080,912,18,9
10081,78,18,8
10082,637,18,10
10083,302,18,10
10084,743,18,6
10085,936,18,10
10086,341,18,9
10087,228,18,4
10088,204,18,9
10089,213,18,7
10090,362,18,10
10091,83,18,8
10092,615,18,5
10093,506,18,9
10094,198,18,4
10095,398,18,3
10096,726,18,6
10097,659,18,6
10098,728,18,8
10099,239,18,5
10100,90,18,3
10101,1085,18,8
10102,590,18,6
10103,562,18,6
10104,849,18,7
10105,231,18,4
10106,487,18,1
10107,394,18,6
10108,1255,18,3
10109,36,18,8
10110,1166,18,6
10111,660,18,2
10112,1262,18,5
10113,857,18,8
10114,107,18,10
10115,678,18,10
10116,377,18,6
10117,382,18,3
10118,59,18,4
10119,533,18,5
10120,1238,18,10
10121,230,18,4
10122,154,18,9
10123,242,18,3
10124,969,18,3
10125,210,18,10
10126,708,18,9
10127,599,18,8
10128,479,18,10
10129,679,18,1
10130,74,18,8
10131,1126,18,10
10132,246,18,8
10133,693,18,6
10134,507,18,9
10135,844,18,10
10136,93,18,8
10137,188,18,5
10138,709,18,5
10139,200,18,4
10140,1200,18,3
10141,235,18,8
10142,671,18,9
10143,759,18,2
10144,1115,18,8
10145,1258,18,9
10146,47,18,10
10147,406,18,8
10148,1113,18,6
10149,50,18,1
10150,1140,18,10
10151,325,18,9
10152,117,18,8
10153,365,18,9
10154,967,18,1
10155,649,18,8
10156,232,18,5
10157,434,18,8
10158,388,18,4
10159,1217,18,7
10160,1259,18,8
10161,856,18,4
10162,555,18,8
10163,70,18,10
10164,171,18,3
10165,633,18,7
10166,651,18,5
10167,605,18,9
10168,1254,18,5
10169,375,18,5
10170,832,18,8
10171,462,18,9
10172,977,18,8
10173,1213,18,8
10174,177,18,9
10175,438,18,4
10176,400,18,4
10177,248,18,6
10178,672,18,10
10179,12,18,10
10180,1164,18,8
10181,323,18,1
10182,1175,18,9
10183,911,18,1
10184,576,18,2
10185,1155,18,3
10186,1188,18,3
10187,656,18,1
10188,644,18,1
10189,1270,18,1
10190,404,18,9
10191,1192,18,10
10192,310,18,3
10193,22,18,1
10194,416,18,2
10195,906,18,8
10196,244,18,7
10197,195,18,1
10198,102,18,8
10199,1202,18,8
10200,396,18,3
10201,447,18,6
10202,719,18,9
10203,1249,18,2
10204,75,18,6
10205,240,18,2
10206,915,18,2
10207,1134,18,1
10208,722,18,3
10209,1183,18,1
10210,296,18,5
10211,796,18,10
10212,692,18,10
10213,629,18,3
10214,42,18,1
10215,1243,18,2
10216,245,18,6
10217,192,18,6
10218,816,18,10
10219,1105,18,2
10220,430,18,8
10221,51,18,5
10222,761,18,3
10223,666,18,5
10224,1111,18,5
10225,686,18,3
10226,1269,18,5
10227,1092,18,2
10228,597,18,6
10229,333,18,7
10230,358,18,10
10231,585,18,5
10232,1147,18,3
10233,756,18,10
10234,442,18,2
10235,158,18,8
10236,214,18,10
10237,189,18,8
10238,676,18,2
10239,393,18,10
10240,1233,18,5
10241,616,18,7
10242,439,18,2
10243,553,18,9
10244,41,18,2
10245,1257,18,4
10246,300,18,8
10247,199,18,5
10248,482,18,10
10249,471,18,4
10250,172,18,9
10251,339,18,5
10252,579,18,4
10253,1095,18,7
10254,96,18,8
10255,959,18,3
10256,91,18,9
10257,1234,18,4
10258,292,18,5
10259,84,18,5
10260,536,18,10
10261,738,18,10
10262,257,18,5
10263,10,18,1
10264,1196,18,4
10265,1220,18,7
10266,293,18,8
10267,809,18,4
10268,504,18,9
10269,26,18,6
10270,1195,18,9
10271,1129,18,8
10272,263,18,1
10273,380,18,8
10274,727,18,6
10275,1132,18,4
10276,278,18,8
10277,359,18,1
10278,184,18,7
10279,1177,18,7
10280,322,18,6
10281,106,18,10
10282,489,18,5
10283,27,18,1
10284,664,18,7
10285,769,18,2
10286,309,18,4
10287,1211,18,1
10288,209,18,1
10289,313,18,9
10290,661,18,6
10291,193,18,1
10292,541,18,1
10293,395,18,9
10294,963,18,9
10295,328,18,9
10296,49,18,4
10297,4,18,6
10298,31,18,7
10299,712,18,6
10300,860,18,3
10301,455,18,1
10302,914,18,10
10303,526,18,3
10304,1194,18,3
10305,251,18,7
10306,704,18,2
10307,514,18,4
10308,1086,18,7
10309,699,18,4
10310,1165,18,10
10311,135,18,4
10312,433,18,7
10313,63,18,1
10314,1246,18,5
10315,185,18,1
10316,422,18,5
10317,384,18,10
10318,58,18,10
10319,7,18,4
10320,186,18,8
10321,1162,18,9
10322,429,18,8
10323,851,18,8
10324,1203,18,1
10325,229,18,9
10326,1206,19,4
10327,400,19,3
10328,86,19,8
10329,1085,19,1
10330,308,19,4
10331,246,19,2
10332,387,19,6
10333,916,19,7
10334,774,19,1
10335,300,19,10
10336,1159,19,10
10337,950,19,2
10338,1192,19,10
10339,239,19,8
10340,738,19,1
10341,91,19,1
10342,55,19,9
10343,915,19,4
10344,369,19,3
10345,253,19,4
10346,554,19,2
10347,630,19,6
10348,1225,19,5
10349,320,19,4
10350,539,19,2
10351,430,19,7
10352,1228,19,2
10353,1232,19,4
10354,964,19,5
10355,205,19,9
10356,814,19,1
10357,402,19,1
10358,403,19,9
10359,1115,19,5
10360,1259,19,6
10361,401,19,1
10362,379,19,7
10363,584,19,6
10364,1263,19,9
10365,1196,19,3
10366,452,19,3
10367,929,19,10
10368,256,19,5
10369,547,19,9
10370,1194,19,4
10371,578,19,4
10372,1114,19,1
10373,14,19,9
10374,968,19,8
10375,355,19,8
10376,422,19,7
10377,466,19,2
10378,645,19,2
10379,1189,19,6
10380,342,19,9
10381,650,19,1
10382,818,19,1
10383,408,19,7
10384,165,19,1
10385,172,19,7
10386,724,19,5
10387,543,19,4
10388,458,19,10
10389,580,19,10
10390,283,19,6
10391,112,19,6
10392,484,19,1
10393,380,19,3
10394,856,19,7
10395,588,19,1
10396,480,19,5
10397,932,19,8
10398,41,19,4
10399,639,19,1
10400,404,19,2
10401,611,19,3
10402,617,19,10
10403,396,19,5
10404,344,19,4
10405,1179,19,3
10406,289,19,9
10407,757,19,10
10408,1146,19,5
10409,596,19,7
10410,234,19,10
10411,624,19,2
10412,514,19,3
10413,721,19,3
10414,250,19,2
10415,741,19,5
10416,934,19,5
10417,185,19,1
10418,370,19,10
10419,696,19,2
10420,538,19,8
10421,333,19,6
10422,937,19,8
10423,71,19,10
10424,346,19,8
10425,1251,19,7
10426,1150,19,4
10427,975,19,8
10428,25,19,4
10429,178,19,1
10430,1199,19,10
10431,305,19,2
10432,455,19,1
10433,490,19,2
10434,674,19,3
10435,883,19,2
10436,1238,19,1
10437,13,19,1
10438,449,19,10
10439,357,19,1
10440,68,19,6
10441,1104,19,6
10442,906,19,7
10443,59,19,3
10444,1221,19,7
10445,846,19,8
10446,533,19,10
10447,637,19,2
10448,373,19,1
10449,1127,19,7
10450,235,19,9
10451,394,19,3
10452,1250,19,8
10453,579,19,4
10454,260,19,7
10455,32,19,5
10456,347,19,2
10457,827,19,1
10458,605,19,1
10459,658,19,3
10460,699,19,4
10461,509,19,6
10462,709,19,6
10463,695,19,3
10464,267,19,5
10465,643,19,10
10466,1091,19,10
10467,174,19,6
10468,685,19,8
10469,1156,19,8
10470,1166,19,3
10471,655,19,2
10472,671,19,1
10473,182,19,10
10474,1224,19,4
10475,479,19,3
10476,21,19,8
10477,392,19,7
10478,196,19,8
10479,764,19,9
10480,873,19,10
10481,217,19,2
10482,599,19,5
10483,173,19,6
10484,445,19,5
10485,1094,19,5
10486,510,19,4
10487,1137,19,1
10488,203,19,4
10489,37,19,5
10490,1113,19,9
10491,15,19,1
10492,228,19,9
10493,823,19,10
10494,314,19,7
10495,1174,19,7
10496,248,19,6
10497,829,19,7
10498,1231,19,3
10499,407,19,7
10500,390,19,1
10501,608,19,3
10502,1100,19,6
10503,850,19,8
10504,153,19,8
10505,1218,19,3
10506,1175,19,4
10507,1256,19,6
10508,44,19,7
10509,1080,19,7
10510,812,19,6
10511,266,19,4
10512,528,19,5
10513,444,19,7
10514,318,19,7
10515,648,19,9
10516,635,19,7
10517,435,19,5
10518,832,19,8
10519,770,19,9
10520,1219,19,9
10521,841,19,2
10522,551,19,4
10523,564,19,8
10524,442,19,5
10525,353,19,6
10526,46,19,7
10527,230,19,3
10528,99,19,10
10529,572,19,5
10530,562,19,3
10531,548,19,10
10532,1235,19,1
10533,237,19,1
10534,79,19,1
10535,1123,19,4
10536,418,19,9
10537,761,19,5
10538,1243,19,9
10539,1,19,5
10540,1117,19,2
10541,338,19,10
10542,482,19,4
10543,1198,19,4
10544,844,19,3
10545,34,19,1
10546,831,19,10
10547,324,19,3
10548,26,19,3
10549,594,19,6
10550,290,19,5
10551,363,19,5
10552,1140,19,2
10553,462,19,5
10554,1254,19,1
10555,1241,19,7
10556,326,19,3
10557,378,19,6
10558,651,19,1
10559,487,19,8
10560,1158,19,4
10561,72,19,5
10562,78,19,6
10563,236,19,6
10564,1209,19,4
10565,1133,19,3
10566,486,19,4
10567,159,19,5
10568,609,19,6
10569,213,19,6
10570,582,19,3
10571,1163,19,7
10572,557,19,7
10573,876,19,2
10574,1075,19,7
10575,94,19,4
10576,1169,19,4
10577,701,19,5
10578,623,19,4
10579,257,19,8
10580,105,19,8
10581,515,19,1
10582,481,19,10
10583,946,19,5
10584,949,19,4
10585,281,19,1
10586,111,19,8
10587,306,19,5
10588,1183,19,8
10589,262,19,9
10590,1168,19,4
10591,212,19,2
10592,1210,19,8
10593,45,19,1
10594,527,19,2
10595,251,19,10
10596,930,19,8
10597,705,19,7
10598,1188,19,4
10599,552,19,6
10600,439,19,8
10601,577,19,7
10602,880,19,1
10603,69,19,10
10604,1176,19,3
10605,595,19,7
10606,666,19,10
10607,53,19,9
10608,375,19,2
10609,279,19,6
10610,8,19,5
10611,669,19,3
10612,775,19,8
10613,744,19,5
10614,491,19,10
10615,241,19,6
10616,730,19,6
10617,769,19,5
10618,953,19,10
10619,1249,19,5
10620,286,19,3
10621,1098,19,6
10622,96,19,6
10623,151,19,1
10624,102,19,9
10625,454,19,7
10626,851,19,4
10627,1118,19,10
10628,1190,19,5
10629,419,19,6
10630,327,19,10
10631,356,19,8
10632,715,19,7
10633,62,19,1
10634,219,19,9
10635,176,19,4
10636,1229,19,1
10637,809,19,6
10638,307,19,8
10639,386,19,10
10640,494,19,1
10641,3,19,7
10642,1119,19,6
10643,1162,19,8
10644,1077,19,9
10645,469,19,10
10646,478,19,6
10647,638,19,2
10648,1252,19,2
10649,63,19,4
10650,134,19,9
10651,969,19,1
10652,66,19,1
10653,740,19,5
10654,425,19,9
10655,95,19,8
10656,1246,19,2
10657,817,19,5
10658,545,19,1
10659,1087,19,5
10660,381,19,4
10661,1167,19,7
10662,525,19,3
10663,175,19,1
10664,271,19,4
10665,1184,19,7
10666,1178,19,2
10667,348,19,4
10668,1154,19,10
10669,852,19,7
10670,815,19,4
10671,167,19,4
10672,80,19,6
10673,492,19,5
10674,1191,19,8
10675,1181,19,2
10676,1106,19,7
10677,1111,19,3
10678,184,19,3
10679,610,19,6
10680,416,19,4
10681,413,19,6
10682,604,19,8
10683,1262,19,6
10684,330,19,4
10685,819,19,4
10686,35,19,8
10687,689,19,10
10688,1247,19,9
10689,198,19,5
10690,1205,19,9
10691,535,19,9
10692,233,19,6
10693,912,19,7
10694,529,19,7
10695,507,19,7
10696,340,19,5
10697,457,19,4
10698,181,19,7
10699,374,19,1
10700,1138,19,5
10701,493,19,5
10702,287,19,7
10703,1171,19,4
10704,297,19,5
10705,821,19,10
10706,754,19,10
10707,204,19,4
10708,395,19,4
10709,884,19,1
10710,592,19,3
10711,765,19,10
10712,712,19,4
10713,328,19,4
10714,397,19,3
10715,945,19,1
10716,188,19,7
10717,446,19,5
10718,957,19,9
10719,542,19,2
10720,382,19,2
10721,268,19,3
10722,51,19,7
10723,351,19,3
10724,501,19,8
10725,319,19,1
10726,735,19,10
10727,928,19,5
10728,553,19,3
10729,164,19,9
10730,214,19,6
10731,428,19,10
10732,29,19,6
10733,498,19,9
10734,600,19,5
10735,210,19,3
10736,661,19,7
10737,881,19,6
10738,488,19,3
10739,294,19,1
10740,1253,19,6
10741,282,19,5
10742,161,19,10
10743,399,19,5
10744,343,19,10
10745,299,19,8
10746,1260,19,3
10747,368,19,3
10748,620,19,6
10749,73,19,7
10750,258,19,6
10751,186,19,6
10752,473,19,2
10753,202,19,2
10754,109,19,2
10755,12,19,6
10756,4,19,5
10757,755,19,5
10758,179,19,4
10759,85,19,6
10760,284,19,6
10761,546,19,9
10762,687,19,2
10763,9,19,1
10764,285,19,8
10765,1139,19,10
10766,366,19,4
10767,361,19,10
10768,448,19,9
10769,195,19,8
10770,57,19,2
10771,1161,19,4
10772,967,19,1
10773,938,19,2
10774,607,19,7
10775,526,19,5
10776,323,19,3
10777,1155,19,3
10778,472,19,6
10779,58,19,6
10780,39,19,3
10781,682,19,1
10782,935,19,2
10783,192,19,3
10784,118,19,9
10785,1202,19,9
10786,292,19,7
10787,415,19,1
10788,304,19,9
10789,1170,19,10
10790,155,19,8
10791,226,19,1
10792,575,19,8
10793,311,19,6
10794,211,19,4
10795,278,19,5
10796,613,19,2
10797,1086,19,5
10798,496,19,10
10799,1234,19,5
10800,644,19,6
10801,1201,19,2
10802,563,19,2
10803,909,19,5
10804,431,19,1
10805,737,19,3
10806,1214,19,2
10807,108,19,9
10808,223,19,10
10809,40,19,3
10810,519,19,9
10811,587,19,5
10812,440,19,3
10813,1187,19,7
10814,773,19,6
10815,742,19,6
10816,1129,19,10
10817,441,19,3
10818,849,19,7
10819,1076,19,1
10820,429,19,5
10821,847,19,1
10822,1258,19,10
10823,359,19,1
10824,207,19,8
10825,1233,19,2
10826,23,19,2
10827,540,19,5
10828,758,19,6
10829,833,19,7
10830,352,19,2
10831,1122,19,5
10832,50,19,9
10833,618,19,3
10834,367,19,5
10835,1242,19,1
10836,365,19,2
10837,421,19,4
10838,1092,19,10
10839,468,19,2
10840,948,19,2
10841,706,19,3
10842,106,19,4
10843,679,19,4
10844,220,19,7
10845,77,19,2
10846,43,19,6
10847,1216,19,5
10848,30,19,6
10849,221,19,1
10850,1109,19,5
10851,506,19,7
10852,1107,19,8
10853,296,19,5
10854,110,19,5
10855,383,19,2
10856,438,19,5
10857,640,19,8
10858,1124,19,6
10859,940,19,8
10860,504,19,7
10861,681,19,8
10862,424,19,1
10863,218,19,5
10864,1213,19,10
10865,194,19,5
10866,1125,19,9
10867,417,19,8
10868,317,19,3
10869,5,19,6
10870,505,19,7
10871,16,19,4
10872,170,19,6
10873,762,19,9
10874,336,19,2
10875,942,19,2
10876,410,19,2
10877,451,19,3
10878,222,19,7
10879,335,19,7
10880,733,19,9
10881,1220,19,5
10882,364,19,5
10883,598,19,4
10884,520,19,7
10885,822,19,9
10886,834,19,9
10887,657,19,10
10888,917,19,5
10889,708,19,7
10890,857,19,10
10891,1195,19,5
10892,1116,19,4
10893,680,19,9
10894,24,19,7
10895,662,19,7
10896,683,19,5
10897,19,19,4
10898,797,19,2
10899,826,19,7
10900,362,19,4
10901,384,19,2
10902,97,19,5
10903,54,19,9
10904,524,19,6
10905,875,19,7
10906,242,19,3
10907,1244,19,9
10908,489,19,1
10909,654,19,8
10910,485,19,8
10911,406,19,1
10912,93,19,2
10913,667,19,2
10914,807,19,4
10915,1093,19,3
10916,652,19,4
10917,461,19,9
10918,693,19,5
10919,854,19,6
10920,927,19,5
10921,104,19,4
10922,1193,19,1
10923,158,19,4
10924,1173,19,6
10925,11,19,2
10926,1239,19,9
10927,971,19,10
10928,453,19,4
10929,1264,19,3
10930,224,19,10
10931,7,19,2
10932,61,19,10
10933,1164,19,7
10934,646,19,9
10935,550,19,5
10936,245,19,7
10937,393,19,6
10938,914,19,9
10939,83,19,1
10940,603,19,6
10941,1120,19,3
10942,521,19,9
10943,591,19,10
10944,1103,19,3
10945,100,19,7
10946,293,19,7
10947,470,19,3
10948,629,19,3
10949,135,19,9
10950,1211,19,3
10951,1151,19,7
10952,1141,19,1
10953,719,19,5
10954,302,19,4
10955,495,19,7
10956,116,19,3
10957,193,19,3
10958,530,19,7
10959,1223,19,2
10960,503,19,8
10961,49,19,1
10962,1237,19,8
10963,341,19,8
10964,238,19,8
10965,22,19,4
10966,936,19,6
10967,713,19,2
10968,752,19,1
10969,631,19,5
10970,483,19,5
10971,434,19,4
10972,512,19,2
10973,1143,19,2
10974,10,19,5
10975,163,19,10
10976,726,19,5
10977,398,19,2
10978,759,19,5
10979,272,19,6
10980,977,19,1
10981,677,19,6
10982,28,19,3
10983,939,19,10
10984,952,19,1
10985,760,19,7
10986,199,19,6
10987,1099,19,5
10988,601,19,2
10989,232,19,6
10990,52,19,8
10991,763,19,2
10992,976,19,3
10993,544,19,9
10994,1132,19,3
10995,619,19,2
10996,471,19,8
10997,42,19,9
10998,753,19,2
10999,1134,19,5
11000,697,19,4
11001,700,19,4
11002,1110,19,2
11003,371,19,5
11004,350,19,2
11005,1278,19,3
11006,602,19,5
11007,523,19,2
11008,1271,19,10
11009,499,19,5
11010,1248,19,3
11011,972,19,1
11012,183,19,1
11013,534,19,5
11014,36,19,10
11015,497,19,9
11016,190,19,6
11017,872,19,10
11018,965,19,9
11019,325,19,1
11020,312,19,8
11021,585,19,1
11022,1153,19,1
11023,17,19,10
11024,201,19,4
11025,845,19,3
11026,1130,19,1
11027,313,19,7
11028,154,19,3
11029,38,19,1
11030,767,19,1
11031,632,19,3
11032,88,19,1
11033,796,19,8
11034,339,19,1
11035,694,19,2
11036,966,19,3
11037,206,19,2
11038,1135,19,9
11039,273,19,6
11040,84,19,7
11041,672,19,4
11042,615,19,1
11043,1157,19,8
11044,656,19,6
11045,81,19,4
11046,263,19,4
11047,191,19,10
11048,853,19,3
11049,688,19,2
11050,593,19,5
11051,1204,19,5
11052,1136,19,7
11053,1144,19,1
11054,811,19,10
11055,329,19,7
11056,589,19,1
11057,690,19,3
11058,1095,19,1
11059,1261,19,7
11060,65,19,9
11061,555,19,4
11062,1208,19,3
11063,1217,19,2
11064,436,19,5
11065,249,19,8
11066,1255,19,10
11067,208,19,9
11068,177,19,7
11069,561,19,3
11070,1269,19,3
11071,291,19,5
11072,879,19,4
11073,1152,19,6
11074,1105,19,10
11075,663,19,1
11076,74,19,5
11077,420,19,2
11078,625,19,4
11079,668,19,5
11080,649,19,10
11081,20,19,8
11082,574,19,5
11083,908,19,9
11084,825,19,1
11085,345,19,3
11086,288,19,2
11087,6,19,5
11088,1126,19,5
11089,389,19,7
11090,941,19,5
11091,720,19,1
11092,254,19,6
11093,412,19,8
11094,573,19,10
11095,732,19,5
11096,907,19,2
11097,673,19,6
11098,150,19,7
11099,33,19,5
11100,858,19,6
11101,1182,19,8
11102,931,19,1
11103,1222,19,8
11104,692,19,8
11105,659,19,8
11106,541,19,2
11107,816,19,2
11108,244,19,2
11109,160,19,9
11110,824,19,4
11111,559,19,3
11112,691,19,6
11113,298,19,5
11114,723,19,2
11115,634,19,8
11116,187,19,4
11117,1185,19,3
11118,349,19,8
11119,627,19,3
11120,830,19,4
11121,409,19,4
11122,464,19,10
11123,166,19,3
11124,180,19,6
11125,1236,19,2
11126,301,19,2
11127,280,19,9
11128,197,19,6
11129,1245,19,9
11130,904,19,4
11131,616,19,1
11132,675,19,1
11133,772,19,3
11134,1197,19,4
11135,768,19,8
11136,959,19,6
11137,955,19,2
11138,722,19,2
11139,1207,19,9
11140,270,19,10
11141,517,19,5
11142,502,19,3
11143,70,19,9
11144,474,19,5
11145,423,19,5
11146,1131,19,4
11147,276,19,5
11148,157,19,5
11149,614,19,5
11150,855,19,3
11151,243,19,6
11152,89,19,8
11153,513,19,5
11154,189,19,4
11155,295,19,1
11156,405,19,2
11157,310,19,7
11158,460,19,4
11159,477,19,10
11160,1186,19,2
11161,714,19,6
11162,264,19,7
11163,1108,19,8
11164,734,19,10
11165,511,19,1
11166,437,19,10
11167,828,19,5
11168,48,19,4
11169,727,19,4
11170,215,19,3
11171,414,19,3
11172,1265,19,9
11173,704,19,6
11174,385,19,10
11175,316,19,7
11176,247,19,10
11177,970,19,10
11178,107,19,8
11179,1257,19,6
11180,725,19,5
11181,1240,19,2
11182,1148,19,3
11183,354,19,4
11184,322,19,10
11185,75,19,3
11186,1090,19,4
11187,376,19,9
11188,119,19,10
11189,642,19,2
11190,860,19,7
11191,103,19,8
11192,813,19,4
11193,583,19,5
11194,309,19,3
11195,1112,19,9
11196,665,19,9
11197,225,19,4
11198,98,19,6
11199,795,19,5
11200,910,19,9
11201,961,19,5
11202,269,19,5
11203,275,19,10
11204,756,19,2
11205,660,19,9
11206,1084,19,2
11207,676,19,2
11208,60,19,2
11209,576,19,8
11210,303,19,2
11211,913,19,9
11212,117,19,2
11213,277,19,6
11214,331,19,2
11215,1172,19,2
11216,808,19,7
11217,586,19,9
11218,337,19,2
11219,47,19,1
11220,82,19,8
11221,433,19,9
11222,64,19,10
11223,432,19,4
11224,447,19,8
11225,1267,19,4
11226,377,19,5
11227,156,19,3
11228,1270,19,7
11229,274,19,10
11230,958,19,8
11231,956,19,4
11232,560,19,9
11233,882,19,3
11234,87,19,8
11235,168,19,10
11236,171,19,8
11237,149,19,6
11238,332,19,9
11239,391,19,8
11240,411,19,4
11241,227,19,5
11242,200,19,4
11243,1096,19,10
11244,255,19,8
11245,728,19,10
11246,1215,19,8
11247,686,19,4
11248,1128,19,4
11249,633,19,10
11250,315,19,2
11251,532,19,9
11252,162,19,3
11253,1177,19,7
11254,1145,19,1
11255,810,19,3
11256,516,19,4
11257,2,19,3
11258,1203,19,4
11259,743,19,1
11260,670,19,6
11261,508,19,10
11262,56,19,10
11263,240,19,3
11264,718,19,10
11265,684,19,6
11266,265,19,6
11267,843,19,6
11268,647,19,1
11269,612,19,2
11270,1160,19,3
11271,1142,19,3
11272,360,19,6
11273,1149,19,7
11274,590,19,2
11275,90,19,4
11276,549,19,6
11277,954,19,9
11278,209,19,10
11279,626,19,7
11280,820,19,4
11281,518,19,4
11282,963,19,9
11283,920,19,9
11284,664,19,3
11285,962,19,2
11286,973,19,5
11287,1212,19,1
11288,1089,19,8
11289,1230,19,8
11290,500,19,5
11291,92,19,5
11292,905,19,1
11293,388,19,7
11294,1227,19,6
11295,951,19,4
11296,556,19,3
11297,531,19,1
11298,27,19,7
11299,152,19,5
11300,18,19,7
11301,911,19,7
11302,465,19,2
11303,1147,19,1
11304,1088,19,2
11305,1097,19,3
11306,153,20,2
11307,528,20,7
11308,1178,20,10
11309,949,20,5
11310,241,20,5
11311,732,20,5
11312,938,20,3
11313,504,20,7
11314,301,20,5
11315,655,20,7
11316,1112,20,2
11317,424,20,5
11318,235,20,9
11319,340,20,9
11320,237,20,6
11321,351,20,1
11322,945,20,9
11323,453,20,4
11324,1188,20,4
11325,1205,20,9
11326,1195,20,5
11327,959,20,10
11328,446,20,6
11329,734,20,10
11330,950,20,10
11331,14,20,2
11332,1260,20,8
11333,320,20,7
11334,63,20,7
11335,818,20,5
11336,326,20,8
11337,649,20,7
11338,1123,20,8
11339,409,20,2
11340,159,20,5
11341,346,20,2
11342,647,20,9
11343,932,20,7
11344,638,20,3
11345,752,20,9
11346,1114,20,5
11347,1098,20,1
11348,1145,20,10
11349,274,20,5
11350,827,20,7
11351,156,20,1
11352,1131,20,1
11353,1156,20,3
11354,59,20,1
11355,448,20,3
11356,22,20,9
11357,407,20,5
11358,87,20,6
11359,1130,20,2
11360,1245,20,2
11361,634,20,1
11362,1203,20,8
11363,13,20,3
11364,312,20,9
11365,496,20,3
11366,321,20,4
11367,1209,20,6
11368,364,20,2
11369,49,20,9
11370,488,20,5
11371,619,20,1
11372,33,20,10
11373,500,20,3
11374,410,20,7
11375,1162,20,10
11376,643,20,1
11377,232,20,9
11378,1088,20,8
11379,954,20,3
11380,57,20,8
11381,1221,20,7
11382,555,20,8
11383,960,20,6
11384,1124,20,10
11385,392,20,9
11386,1248,20,10
11387,51,20,3
11388,273,20,9
11389,405,20,10
11390,664,20,1
11391,1208,20,4
11392,856,20,1
11393,1249,20,10
11394,873,20,8
11395,297,20,7
11396,389,20,9
11397,523,20,6
11398,283,20,7
11399,876,20,2
11400,1200,20,8
11401,428,20,1
11402,236,20,10
11403,948,20,3
11404,108,20,6
11405,693,20,3
11406,1255,20,4
11407,359,20,7
11408,811,20,5
11409,1109,20,3
11410,756,20,8
11411,492,20,8
11412,582,20,5
11413,725,20,6
11414,674,20,3
11415,167,20,9
11416,1127,20,10
11417,955,20,1
11418,1151,20,6
11419,499,20,9
11420,2,20,8
11421,1241,20,6
11422,1141,20,10
11423,93,20,4
11424,347,20,10
11425,667,20,4
11426,609,20,8
11427,942,20,6
11428,679,20,10
11429,767,20,5
11430,1122,20,9
11431,315,20,1
11432,1159,20,9
11433,1177,20,2
11434,17,20,4
11435,813,20,7
11436,383,20,6
11437,759,20,7
11438,11,20,2
11439,530,20,3
11440,941,20,7
11441,586,20,5
11442,1,20,8
11443,271,20,8
11444,1227,20,5
11445,508,20,10
11446,357,20,3
11447,642,20,8
11448,366,20,9
11449,324,20,6
11450,612,20,4
11451,1138,20,7
11452,511,20,8
11453,849,20,9
11454,823,20,6
11455,332,20,5
11456,369,20,2
11457,587,20,7
11458,58,20,9
11459,436,20,3
11460,306,20,4
11461,1206,20,1
11462,1258,20,3
11463,72,20,5
11464,1163,20,9
11465,272,20,4
11466,460,20,7
11467,244,20,9
11468,1202,20,10
11469,906,20,10
11470,102,20,1
11471,720,20,8
11472,449,20,7
11473,42,20,4
11474,730,20,1
11475,19,20,3
11476,387,20,3
11477,1256,20,1
11478,135,20,9
11479,445,20,3
11480,919,20,3
11481,817,20,7
11482,103,20,9
11483,952,20,3
11484,76,20,10
11485,847,20,5
11486,542,20,6
11487,1210,20,7
11488,32,20,6
11489,1084,20,6
11490,278,20,7
11491,1197,20,4
11492,472,20,9
11493,773,20,8
11494,723,20,6
11495,518,20,3
11496,1108,20,6
11497,484,20,1
11498,16,20,5
11499,35,20,8
11500,1157,20,3
11501,1097,20,2
11502,1165,20,3
11503,1096,20,8
11504,1204,20,8
11505,601,20,3
11506,911,20,4
11507,281,20,1
11508,362,20,8
11509,573,20,7
11510,260,20,5
11511,288,20,4
11512,230,20,5
11513,1142,20,1
11514,218,20,3
11515,597,20,9
11516,526,20,9
11517,531,20,5
11518,242,20,7
11519,92,20,6
11520,918,20,3
11521,168,20,5
11522,546,20,5
11523,287,20,2
11524,521,20,5
11525,1215,20,6
11526,581,20,4
11527,580,20,7
11528,585,20,7
11529,540,20,2
11530,164,20,3
11531,1128,20,3
11532,1213,20,7
11533,482,20,9
11534,246,20,2
11535,826,20,6
11536,1222,20,6
11537,544,20,7
11538,251,20,2
11539,497,20,6
11540,617,20,8
11541,1228,20,9
11542,45,20,8
11543,217,20,8
11544,809,20,6
11545,973,20,3
11546,1230,20,10
11547,964,20,3
11548,686,20,3
11549,149,20,6
11550,210,20,8
11551,1086,20,7
11552,1229,20,4
11553,431,20,6
11554,539,20,2
11555,44,20,1
11556,687,20,5
11557,1193,20,1
11558,227,20,8
11559,556,20,5
11560,1120,20,9
11561,1113,20,1
11562,1148,20,1
11563,222,20,1
11564,726,20,9
11565,112,20,7
11566,469,20,7
11567,965,20,2
11568,106,20,1
11569,292,20,6
11570,506,20,5
11571,915,20,1
11572,21,20,7
11573,231,20,7
11574,572,20,2
11575,1262,20,7
11576,912,20,10
11577,854,20,9
11578,365,20,9
11579,474,20,9
11580,477,20,4
11581,430,20,8
11582,1189,20,10
11583,1267,20,5
11584,172,20,3
11585,293,20,10
11586,691,20,8
11587,727,20,8
11588,1192,20,9
11589,517,20,5
11590,36,20,5
11591,215,20,10
11592,384,20,4
11593,435,20,4
11594,317,20,10
11595,935,20,9
11596,68,20,3
11597,195,20,3
11598,651,20,5
11599,584,20,6
11600,1169,20,9
11601,397,20,2
11602,598,20,7
11603,825,20,6
11604,853,20,4
11605,563,20,1
11606,201,20,1
11607,161,20,5
11608,1261,20,7
11609,629,20,9
11610,85,20,6
11611,1254,20,2
11612,177,20,8
11613,1219,20,9
11614,285,20,10
11615,512,20,1
11616,685,20,6
11617,50,20,8
11618,20,20,8
11619,212,20,10
11620,336,20,3
11621,40,20,2
11622,1239,20,3
11623,961,20,5
11624,399,20,10
11625,80,20,3
11626,1172,20,7
11627,1176,20,5
11628,415,20,2
11629,300,20,4
11630,559,20,8
11631,330,20,6
11632,1233,20,9
11633,599,20,9
11634,269,20,8
11635,302,20,5
11636,443,20,5
11637,968,20,9
11638,243,20,5
11639,501,20,9
11640,165,20,7
11641,1174,20,10
11642,914,20,6
11643,348,20,6
11644,277,20,10
11645,83,20,4
11646,765,20,6
11647,939,20,7
11648,962,20,1
11649,796,20,1
11650,934,20,1
11651,625,20,7
11652,741,20,7
11653,1117,20,4
11654,216,20,1
11655,493,20,5
11656,208,20,2
11657,155,20,3
11658,173,20,6
11659,683,20,10
11660,533,20,7
11661,27,20,4
11662,615,20,5
11663,527,20,9
11664,465,20,1
11665,708,20,2
11666,69,20,2
11667,757,20,6
11668,402,20,9
11669,574,20,5
11670,1194,20,3
11671,53,20,9
11672,48,20,8
11673,473,20,1
11674,718,20,7
11675,1211,20,2
11676,1238,20,9
11677,466,20,4
11678,812,20,6
11679,577,20,1
11680,253,20,3
11681,233,20,1
11682,661,20,9
11683,829,20,9
11684,291,20,1
11685,1118,20,1
11686,618,20,4
11687,335,20,7
11688,334,20,8
11689,669,20,7
11690,1171,20,10
11691,561,20,5
11692,543,20,6
11693,929,20,10
11694,421,20,9
11695,333,20,8
11696,282,20,7
11697,658,20,1
11698,1167,20,10
11699,486,20,2
11700,34,20,8
11701,880,20,8
11702,763,20,4
11703,185,20,2
11704,860,20,3
11705,447,20,10
11706,179,20,10
11707,1264,20,1
11708,5,20,2
11709,264,20,4
11710,221,20,4
11711,491,20,10
11712,1252,20,3
11713,61,20,6
11714,879,20,10
11715,510,20,6
11716,1105,20,9
11717,363,20,5
11718,202,20,8
11719,490,20,3
11720,591,20,8
11721,349,20,4
11722,452,20,6
11723,9,20,4
11724,372,20,6
11725,596,20,6
11726,1087,20,4
11727,836,20,9
11728,71,20,8
11729,60,20,2
11730,408,20,4
11731,884,20,9
11732,583,20,5
11733,368,20,4
11734,931,20,7
11735,807,20,6
11736,735,20,1
11737,228,20,7
11738,78,20,6
11739,761,20,4
11740,220,20,5
11741,1149,20,7
11742,845,20,1
11743,319,20,8
11744,1240,20,1
11745,1129,20,2
11746,1270,20,2
11747,439,20,4
11748,84,20,4
11749,1225,20,9
11750,38,20,9
11751,665,20,4
11752,547,20,6
11753,905,20,10
11754,316,20,8
11755,79,20,3
11756,305,20,9
11757,18,20,1
11758,1224,20,2
11759,187,20,4
11760,857,20,2
11761,234,20,6
11762,701,20,8
11763,184,20,9
11764,413,20,3
11765,557,20,5
11766,1111,20,8
11767,88,20,3
11768,99,20,7
11769,728,20,2
11770,295,20,4
11771,425,20,2
11772,1247,20,8
11773,416,20,1
11774,74,20,9
11775,396,20,10
11776,676,20,8
11777,1110,20,3
11778,309,20,10
11779,265,20,9
11780,678,20,2
11781,1115,20,5
11782,975,20,4
11783,468,20,4
11784,1253,20,4
11785,675,20,7
11786,706,20,8
11787,100,20,1
11788,70,20,8
11789,611,20,7
11790,494,20,3
11791,331,20,10
11792,816,20,7
11793,254,20,8
11794,907,20,8
11795,1184,20,8
11796,694,20,6
11797,1237,20,10
11798,374,20,8
11799,833,20,7
11800,1250,20,3
11801,75,20,8
11802,344,20,6
11803,795,20,7
11804,434,20,2
11805,192,20,3
11806,437,20,2
11807,820,20,4
11808,1257,20,1
11809,224,20,10
11810,182,20,1
11811,671,20,4
11812,755,20,8
11813,311,20,9
11814,666,20,6
11815,1232,20,5
11816,976,20,5
11817,524,20,3
11818,119,20,4
11819,769,20,7
11820,770,20,8
11821,1137,20,8
11822,1153,20,9
11823,713,20,1
11824,843,20,10
11825,376,20,10
11826,280,20,8
11827,875,20,10
11828,275,20,4
11829,240,20,6
11830,481,20,4
11831,595,20,2
11832,471,20,7
11833,963,20,3
11834,1143,20,9
11835,545,20,7
11836,162,20,10
11837,345,20,1
11838,928,20,5
11839,266,20,9
11840,30,20,9
11841,1234,20,4
11842,588,20,4
11843,908,20,2
11844,1090,20,3
11845,404,20,9
11846,341,20,4
11847,507,20,7
11848,503,20,9
11849,394,20,1
11850,646,20,4
11851,31,20,4
11852,1259,20,4
11853,157,20,7
11854,308,20,5
11855,966,20,4
11856,637,20,2
11857,758,20,10
11858,62,20,8
11859,261,20,6
11860,881,20,1
11861,223,20,6
11862,1126,20,8
11863,1175,20,5
11864,386,20,10
11865,663,20,6
11866,520,20,2
11867,913,20,7
11868,10,20,7
11869,354,20,8
11870,444,20,8
11871,1223,20,10
11872,1134,20,4
11873,117,20,3
11874,1198,20,3
11875,379,20,10
11876,111,20,4
11877,951,20,6
11878,977,20,3
11879,715,20,4
11880,1212,20,5
11881,650,20,8
11882,740,20,1
11883,852,20,1
11884,916,20,8
11885,56,20,6
11886,1150,20,3
11887,418,20,5
11888,590,20,8
11889,549,20,1
11890,209,20,2
11891,7,20,3
11892,535,20,5
11893,822,20,7
11894,592,20,7
11895,593,20,3
11896,483,20,6
11897,639,20,6
11898,73,20,6
11899,96,20,1
11900,672,20,10
11901,154,20,8
11902,846,20,2
11903,940,20,7
11904,361,20,2
11905,255,20,8
11906,1269,20,3
11907,594,20,10
11908,238,20,2
11909,724,20,6
11910,536,20,10
11911,1144,20,10
11912,454,20,7
11913,760,20,10
11914,470,20,10
11915,722,20,10
11916,337,20,1
11917,181,20,4
11918,936,20,10
11919,284,20,5
11920,844,20,9
11921,401,20,10
11922,226,20,1
11923,1214,20,6
11924,657,20,10
11925,656,20,3
11926,640,20,8
11927,82,20,6
11928,479,20,3
11929,509,20,4
11930,1187,20,8
11931,828,20,1
11932,953,20,1
11933,433,20,8
11934,519,20,1
11935,207,20,6
11936,370,20,1
11937,29,20,6
11938,23,20,9
11939,205,20,5
11940,1185,20,5
11941,753,20,1
11942,575,20,10
11943,659,20,2
11944,343,20,6
11945,1135,20,8
11946,721,20,8
11947,1166,20,7
11948,719,20,8
11949,28,20,5
11950,1170,20,7
11951,1263,20,6
11952,1243,20,1
11953,630,20,9
11954,176,20,7
11955,614,20,1
11956,562,20,10
11957,12,20,4
11958,971,20,1
11959,197,20,9
11960,1099,20,1
11961,4,20,2
11962,855,20,10
11963,52,20,1
11964,72,21,10
11965,1240,21,2
11966,83,21,6
11967,1192,21,7
11968,367,21,3
11969,691,21,5
11970,292,21,10
11971,411,21,4
11972,829,21,1
11973,103,21,7
11974,532,21,1
11975,1233,21,6
11976,453,21,6
11977,197,21,5
11978,10,21,8
11979,854,21,10
11980,919,21,2
11981,677,21,7
11982,725,21,6
11983,1136,21,8
11984,1221,21,6
11985,313,21,1
11986,633,21,8
11987,875,21,7
11988,383,21,7
11989,1123,21,9
11990,1158,21,5
11991,493,21,2
11992,1232,21,1
11993,275,21,7
11994,499,21,5
11995,1250,21,6
11996,851,21,3
11997,600,21,10
11998,734,21,10
11999,1206,21,4
12000,678,21,5
12001,928,21,2
12002,1264,21,8
12003,632,21,8
12004,522,21,4
12005,554,21,5
12006,19,21,2
12007,57,21,4
12008,174,21,5
12009,1181,21,4
12010,531,21,1
12011,1126,21,6
12012,399,21,2
12013,7,21,10
12014,699,21,8
12015,816,21,4
12016,1112,21,10
12017,323,21,9
12018,552,21,9
12019,312,21,4
12020,215,21,3
12021,86,21,3
12022,773,21,10
12023,1125,21,2
12024,1271,21,7
12025,33,21,1
12026,672,21,4
12027,173,21,5
12028,331,21,9
12029,384,21,10
12030,100,21,7
12031,938,21,9
12032,653,21,3
12033,939,21,9
12034,378,21,8
12035,41,21,9
12036,154,21,2
12037,828,21,9
12038,959,21,5
12039,395,21,5
12040,520,21,1
12041,276,21,4
12042,637,21,4
12043,1145,21,7
12044,674,21,2
12045,1267,21,3
12046,412,21,6
12047,69,21,9
12048,1207,21,5
12049,311,21,9
12050,553,21,7
12051,884,21,4
12052,774,21,4
12053,743,21,7
12054,136,21,6
12055,1090,21,5
12056,1248,21,4
12057,1085,21,6
12058,525,21,7
12059,623,21,9
12060,624,21,10
12061,40,21,8
12062,911,21,8
12063,1128,21,4
12064,59,21,6
12065,202,21,9
12066,34,21,6
12067,379,21,6
12068,948,21,3
12069,270,21,3
12070,85,21,4
12071,824,21,2
12072,285,21,2
12073,31,21,2
12074,365,21,7
12075,1134,21,1
12076,84,21,1
12077,6,21,1
12078,288,21,6
12079,167,21,2
12080,657,21,4
12081,1185,21,8
12082,58,21,5
12083,1223,21,8
12084,226,21,8
12085,697,21,2
12086,472,21,2
12087,543,21,9
12088,673,21,5
12089,466,21,8
12090,1191,21,4
12091,98,21,3
12092,659,21,3
12093,880,21,6
12094,240,21,1
12095,730,21,8
12096,555,21,2
12097,203,21,8
12098,1203,21,7
12099,1265,21,5
12100,1169,21,9
12101,201,21,5
12102,1194,21,8
12103,320,21,10
12104,233,21,10
12105,337,21,7
12106,726,21,7
12107,916,21,4
12108,1130,21,9
12109,262,21,2
12110,315,21,10
12111,680,21,4
12112,1170,21,5
12113,594,21,3
12114,1241,21,7
12115,1251,21,10
12116,102,21,7
12117,656,21,6
12118,304,21,7
12119,1086,21,9
12120,811,21,6
12121,1100,21,6
12122,1190,21,3
12123,400,21,3
12124,1093,21,6
12125,387,21,9
12126,471,21,2
12127,485,21,8
12128,516,21,4
12129,119,21,3
12130,157,21,10
12131,432,21,7
12132,631,21,3
12133,316,21,3
12134,814,21,4
12135,1249,21,6
12136,618,21,4
12137,1144,21,9
12138,1202,21,3
12139,545,21,10
12140,1157,21,7
12141,449,21,9
12142,825,21,4
12143,254,21,6
12144,645,21,4
12145,290,21,7
12146,94,21,1
12147,1107,21,6
12148,353,21,3
12149,332,21,8
12150,582,21,7
12151,414,21,1
12152,615,21,3
12153,841,21,2
12154,676,21,10
12155,905,21,6
12156,93,21,3
12157,634,21,10
12158,48,21,4
12159,300,21,3
12160,539,21,3
12161,625,21,1
12162,663,21,8
12163,714,21,5
12164,1189,21,2
12165,1137,21,2
12166,727,21,10
12167,913,21,5
12168,66,21,8
12169,1242,21,2
12170,1154,21,5
12171,1220,21,8
12172,61,21,6
12173,357,21,7
12174,47,21,9
12175,328,21,2
12176,245,21,7
12177,396,21,3
12178,106,21,2
12179,934,21,7
12180,908,21,10
12181,964,21,8
12182,389,21,8
12183,588,21,10
12184,216,21,7
12185,1228,21,5
12186,391,21,1
12187,929,21,2
12188,368,21,6
12189,931,21,2
12190,1214,21,10
12191,1174,21,3
12192,1104,21,6
12193,370,21,4
12194,591,21,9
12195,503,21,3
12196,180,21,5
12197,418,21,6
12198,247,21,9
12199,490,21,6
12200,1210,21,4
12201,45,21,5
12202,241,21,7
12203,151,21,2
12204,451,21,6
12205,29,21,6
12206,494,21,4
12207,608,21,9
12208,68,21,10
12209,199,21,5
12210,225,21,10
12211,308,21,8
12212,50,21,7
12213,638,21,3
12214,976,21,7
12215,1152,21,1
12216,470,21,8
12217,1,21,4
12218,296,21,8
12219,402,21,8
12220,883,21,3
12221,25,21,10
12222,685,21,8
12223,381,21,2
12224,1115,21,9
12225,435,21,3
12226,64,21,5
12227,557,21,2
12228,958,21,8
12229,156,21,4
12230,89,21,10
12231,972,21,10
12232,718,21,5
12233,24,21,8
12234,224,21,1
12235,846,21,5
12236,344,21,9
12237,155,21,10
12238,339,21,4
12239,604,21,4
12240,263,21,9
12241,681,21,8
12242,651,21,7
12243,1150,21,9
12244,382,21,6
12245,658,21,8
12246,609,21,9
12247,574,21,6
12248,14,21,4
12249,117,21,3
12250,692,21,6
12251,540,21,1
12252,1143,21,4
12253,1246,21,2
12254,184,21,4
12255,1110,21,3
12256,528,21,5
12257,526,21,6
12258,445,21,1
12259,349,21,9
12260,722,21,7
12261,372,21,2
12262,577,21,10
12263,1237,21,8
12264,1164,21,5
12265,856,21,8
12266,1199,21,1
12267,96,21,9
12268,314,21,10
12269,369,21,2
12270,768,21,9
12271,380,21,9
12272,2,21,3
12273,303,21,4
12274,364,21,4
12275,735,21,4
12276,1132,21,3
12277,918,21,5
12278,529,21,2
12279,696,21,3
12280,1099,21,1
12281,484,21,6
12282,815,21,2
12283,1117,21,3
12284,186,21,4
12285,394,21,2
12286,1212,21,8
12287,1076,21,7
12288,30,21,9
12289,46,21,5
12290,193,21,1
12291,422,21,3
12292,325,21,3
12293,1146,21,5
12294,572,21,7
12295,1098,21,7
12296,627,21,5
12297,416,21,10
12298,701,21,2
12299,977,21,3
12300,1261,21,9
12301,478,21,9
12302,38,21,7
12303,759,21,8
12304,646,21,7
12305,267,21,1
12306,269,21,1
12307,914,21,9
12308,1219,21,9
12309,551,21,2
12310,920,21,1
12311,244,21,5
12312,272,21,4
12313,5,21,8
12314,547,21,4
12315,1140,21,6
12316,1105,21,7
12317,405,21,7
12318,268,21,3
12319,1238,21,10
12320,1172,21,3
12321,849,21,10
12322,79,21,6
12323,584,21,4
12324,306,21,5
12325,974,21,7
12326,879,21,6
12327,1161,21,4
12328,221,21,8
12329,1092,21,3
12330,689,21,5
12331,408,21,8
12332,80,21,8
12333,1168,21,6
12334,70,21,9
12335,385,21,10
12336,812,21,4
12337,204,21,1
12338,1121,21,6
12339,956,21,9
12340,732,21,5
12341,1142,21,1
12342,1256,21,2
12343,421,21,4
12344,822,21,10
12345,1124,21,3
12346,345,21,6
12347,613,21,1
12348,630,21,10
12349,1254,21,1
12350,602,21,8
12351,209,21,8
12352,165,21,4
12353,601,21,6
12354,1231,21,9
12355,110,21,5
12356,273,21,2
12357,218,21,2
12358,51,21,9
12359,1229,21,8
12360,464,21,9
12361,217,21,2
12362,286,21,6
12363,556,21,7
12364,709,21,3
12365,293,21,8
12366,358,21,10
12367,1122,21,10
12368,1216,21,4
12369,1208,21,10
12370,813,21,1
12371,77,21,2
12372,277,21,9
12373,489,21,8
12374,559,21,6
12375,515,21,8
12376,1197,21,1
12377,352,21,7
12378,1217,21,1
12379,585,21,6
12380,161,21,3
12381,82,21,3
12382,497,21,4
12383,13,21,6
12384,882,21,5
12385,832,21,2
12386,278,21,1
12387,363,21,3
12388,284,21,2
12389,873,21,8
12390,819,21,10
12391,754,21,2
12392,420,21,6
12393,527,21,4
12394,455,21,1
12395,858,21,2
12396,1263,21,8
12397,952,21,5
12398,351,21,5
12399,236,21,6
12400,1270,21,8
12401,509,21,2
12402,32,21,3
12403,1080,21,3
12404,667,21,5
12405,620,21,2
12406,563,21,9
12407,795,21,10
12408,505,21,1
12409,534,21,1
12410,310,21,3
12411,386,21,1
12412,88,21,2
12413,1200,21,6
12414,1184,21,1
12415,932,21,1
12416,611,21,10
12417,510,21,1
12418,327,21,9
12419,513,21,3
12420,912,21,5
12421,168,21,2
12422,579,21,6
12423,671,21,4
12424,1151,21,2
12425,274,21,6
12426,909,21,3
12427,721,21,5
12428,662,21,4
12429,970,21,2
12430,946,21,2
12431,1087,21,2
12432,74,21,2
12433,65,21,6
12434,724,21,5
12435,590,21,7
12436,660,21,8
12437,172,21,8
12438,538,21,7
12439,820,21,7
12440,797,21,1
12441,1227,21,1
12442,495,21,3
12443,189,21,7
12444,302,21,1
12445,398,21,3
12446,441,21,4
12447,359,21,4
12448,917,21,4
12449,731,21,1
12450,967,21,9
12451,907,21,10
12452,346,21,2
12453,67,21,9
12454,181,21,1
12455,688,21,4
12456,417,21,7
12457,852,21,4
12458,90,21,6
12459,635,21,10
12460,213,21,1
12461,834,21,9
12462,439,21,5
12463,393,21,4
12464,666,21,9
12465,1173,21,2
12466,21,21,9
12467,682,21,2
12468,319,21,2
12469,18,21,1
12470,374,21,7
12471,1119,21,3
12472,1195,21,3
12473,187,21,9
12474,910,21,10
12475,1160,21,9
12476,1108,21,9
12477,246,21,10
12478,1138,21,6
12479,492,21,10
12480,321,21,5
12481,305,21,5
12482,60,21,2
12483,231,21,3
12484,953,21,8
12485,850,21,3
12486,655,21,7
12487,1095,21,8
12488,42,21,8
12489,230,21,8
12490,97,21,4
12491,326,21,1
12492,679,21,2
12493,1176,21,6
12494,1096,21,7
12495,322,21,10
12496,530,21,1
12497,116,21,7
12498,823,21,2
12499,62,21,6
12500,549,21,3
12501,287,21,2
12502,654,21,8
12503,299,21,6
12504,371,21,6
12505,508,21,6
12506,973,21,1
12507,134,21,3
12508,232,21,5
12509,617,21,4
12510,297,21,5
12511,488,21,2
12512,1163,21,3
12513,753,21,4
12514,91,21,4
12515,629,21,10
12516,481,21,10
12517,826,21,5
12518,596,21,1
12519,775,21,5
12520,162,21,5
12521,112,21,7
12522,78,21,3
12523,562,21,1
12524,1201,21,4
12525,159,21,9
12526,150,21,9
12527,438,21,8
12528,135,21,1
12529,1235,21,8
12530,392,21,2
12531,111,21,7
12532,879,22,1
12533,1198,22,5
12534,975,22,1
12535,346,22,3
12536,573,22,8
12537,1171,22,9
12538,523,22,2
12539,691,22,7
12540,596,22,10
12541,607,22,5
12542,977,22,9
12543,561,22,10
12544,836,22,2
12545,419,22,9
12546,834,22,3
12547,844,22,1
12548,1262,22,8
12549,81,22,3
12550,452,22,2
12551,618,22,8
12552,412,22,6
12553,302,22,6
12554,908,22,3
12555,322,22,1
12556,294,22,3
12557,679,22,5
12558,1157,22,1
12559,472,22,1
12560,205,22,3
12561,397,22,1
12562,974,22,3
12563,306,22,7
12564,371,22,7
12565,391,22,10
12566,291,22,7
12567,727,22,1
12568,796,22,1
12569,904,22,3
12570,700,22,3
12571,45,22,4
12572,473,22,2
12573,363,22,10
12574,196,22,9
12575,1124,22,2
12576,1138,22,9
12577,379,22,7
12578,553,22,6
12579,378,22,3
12580,1218,22,1
12581,241,22,7
12582,385,22,1
12583,59,22,3
12584,587,22,7
12585,376,22,9
12586,538,22,10
12587,626,22,2
12588,1174,22,9
12589,78,22,8
12590,522,22,1
12591,258,22,3
12592,61,22,7
12593,234,22,8
12594,428,22,4
12595,282,22,9
12596,576,22,5
12597,1144,22,4
12598,307,22,8
12599,400,22,2
12600,816,22,6
12601,1165,22,6
12602,62,22,4
12603,811,22,3
12604,415,22,1
12605,1084,22,7
12606,1143,22,6
12607,441,22,1
12608,1188,22,4
12609,795,22,7
12610,849,22,10
12611,762,22,7
12612,945,22,2
12613,92,22,3
12614,650,22,8
12615,173,22,9
12616,1182,22,1
12617,175,22,10
12618,24,22,5
12619,276,22,9
12620,443,22,10
12621,314,22,10
12622,643,22,8
12623,972,22,1
12624,592,22,5
12625,761,22,2
12626,1077,22,9
12627,435,22,9
12628,520,22,2
12629,1201,22,7
12630,680,22,8
12631,589,22,1
12632,1113,22,5
12633,930,22,7
12634,676,22,3
12635,455,22,6
12636,41,22,1
12637,156,22,9
12638,1251,22,9
12639,178,22,6
12640,354,22,6
12641,772,22,3
12642,502,22,4
12643,102,22,5
12644,828,22,3
12645,411,22,1
12646,202,22,8
12647,75,22,1
12648,8,22,6
12649,1212,22,7
12650,439,22,5
12651,497,22,9
12652,325,22,3
12653,1111,22,3
12654,326,22,1
12655,769,22,7
12656,1126,22,1
12657,52,22,7
12658,743,22,6
12659,374,22,8
12660,394,22,9
12661,36,22,7
12662,651,22,5
12663,482,22,8
12664,588,22,4
12665,56,22,9
12666,1161,22,6
12667,916,22,5
12668,511,22,9
12669,880,22,7
12670,387,22,1
12671,1258,22,2
12672,297,22,1
12673,669,22,9
12674,1270,22,8
12675,477,22,5
12676,351,22,5
12677,31,22,8
12678,1150,22,9
12679,293,22,2
12680,968,22,2
12681,377,22,8
12682,623,22,7
12683,277,22,1
12684,662,22,9
12685,857,22,8
12686,918,22,4
12687,434,22,3
12688,1197,22,4
12689,909,22,10
12690,153,22,1
12691,440,22,8
12692,386,22,9
12693,23,22,8
12694,388,22,6
12695,86,22,3
12696,323,22,8
12697,1224,22,4
12698,19,22,7
12699,684,22,5
12700,336,22,6
12701,464,22,2
12702,1164,22,1
12703,1088,22,2
12704,647,22,9
12705,150,22,9
12706,648,22,7
12707,515,22,4
12708,263,22,5
12709,369,22,4
12710,657,22,7
12711,484,22,10
12712,1108,22,2
12713,726,22,6
12714,692,22,8
12715,671,22,10
12716,1094,22,5
12717,906,22,8
12718,1176,22,6
12719,288,22,9
12720,183,22,4
12721,1269,22,10
12722,451,22,4
12723,168,22,4
12724,243,22,6
12725,540,22,6
12726,591,22,2
12727,666,22,10
12728,401,22,4
12729,34,22,1
12730,1096,22,1
12731,249,22,9
12732,685,22,10
12733,284,22,4
12734,1221,22,4
12735,724,22,8
12736,1220,22,7
12737,1140,22,4
12738,170,22,3
12739,334,22,2
12740,16,22,10
12741,292,22,7
12742,763,22,1
12743,88,22,3
12744,360,22,5
12745,1234,22,5
12746,458,22,7
12747,57,22,5
12748,356,22,5
12749,231,22,8
12750,955,22,8
12751,1122,22,10
12752,509,22,3
12753,32,22,6
12754,854,22,6
12755,1133,22,5
12756,513,22,1
12757,195,22,8
12758,313,22,5
12759,71,22,2
12760,1187,22,2
12761,1098,22,6
12762,534,22,2
12763,1239,22,3
12764,687,22,5
12765,770,22,6
12766,1149,22,6
12767,471,22,6
12768,256,22,2
12769,287,22,1
12770,429,22,6
12771,730,22,7
12772,100,22,3
12773,516,22,9
12774,1193,22,5
12775,49,22,6
12776,251,22,4
12777,546,22,5
12778,503,22,1
12779,358,22,3
12780,919,22,10
12781,1245,22,8
12782,1093,22,10
12783,1085,22,5
12784,221,22,4
12785,1115,22,4
12786,555,22,5
12787,1223,22,2
12788,198,22,5
12789,1163,22,2
12790,343,22,5
12791,1129,22,2
12792,1162,22,1
12793,432,22,7
12794,1248,22,5
12795,244,22,9
12796,106,22,6
12797,958,22,2
12798,667,22,6
12799,29,22,5
12800,935,22,9
12801,1087,22,9
12802,54,22,1
12803,948,22,8
12804,372,22,7
12805,223,22,7
12806,224,22,9
12807,929,22,6
12808,962,22,8
12809,494,22,7
12810,206,22,3
12811,66,22,3
12812,611,22,4
12813,58,22,7
12814,237,22,3
12815,4,22,6
12816,1209,22,9
12817,460,22,5
12818,155,22,10
12819,526,22,1
12820,402,22,1
12821,321,22,4
12822,189,22,4
12823,732,22,9
12824,70,22,2
12825,1169,22,2
12826,219,22,9
12827,89,22,10
12828,609,22,5
12829,186,22,2
12830,410,22,2
12831,737,22,9
12832,1235,22,1
12833,577,22,7
12834,421,22,9
12835,222,22,8
12836,774,22,5
12837,392,22,1
12838,913,22,7
12839,461,22,8
12840,512,22,9
12841,498,22,10
12842,246,22,3
12843,960,22,6
12844,449,22,6
12845,646,22,1
12846,272,22,5
12847,396,22,4
12848,653,22,6
12849,583,22,7
12850,738,22,6
12851,316,22,10
12852,963,22,2
12853,6,22,2
12854,1117,22,5
12855,157,22,2
12856,575,22,2
12857,754,22,4
12858,448,22,10
12859,965,22,10
12860,353,22,7
12861,337,22,4
12862,1119,22,2
12863,1180,22,1
12864,465,22,5
12865,348,22,4
12866,508,22,10
12867,209,22,3
12868,535,22,8
12869,612,22,9
12870,942,22,3
12871,1128,22,2
12872,668,22,9
12873,172,22,8
12874,1206,22,5
12875,97,22,9
12876,631,22,1
12877,1158,22,1
12878,959,22,8
12879,107,22,2
12880,768,22,6
12881,260,22,6
12882,1190,22,10
12883,1271,22,5
12884,586,22,3
12885,624,22,3
12886,562,22,7
12887,937,22,8
12888,627,22,10
12889,28,22,8
12890,701,22,2
12891,532,22,7
12892,1241,22,10
12893,528,22,6
12894,406,22,6
12895,625,22,6
12896,470,22,5
12897,722,22,3
12898,767,22,6
12899,264,22,10
12900,366,22,6
12901,759,22,6
12902,2,22,6
12903,549,22,2
12904,1110,22,9
12905,20,22,3
12906,841,22,2
12907,638,22,3
12908,1250,22,4
12909,525,22,10
12910,352,22,3
12911,365,22,3
12912,1154,22,10
12913,853,22,10
12914,1194,22,3
12915,409,22,9
12916,112,22,6
12917,807,22,9
12918,815,22,3
12919,797,22,10
12920,40,22,3
12921,964,22,2
12922,683,22,1
12923,714,22,9
12924,425,22,1
12925,370,22,6
12926,1215,22,4
12927,971,22,7
12928,598,22,7
12929,171,22,9
12930,529,22,9
12931,275,22,7
12932,67,22,5
12933,544,22,2
12934,422,22,5
12935,389,22,7
12936,824,22,1
12937,55,22,3
12938,936,22,3
12939,818,22,1
12940,850,22,4
12941,187,22,10
12942,938,22,3
12943,118,22,4
12944,200,22,9
12945,215,22,9
12946,1204,22,2
12947,368,22,6
12948,593,22,4
12949,83,22,10
12950,920,22,4
12951,672,22,2
12952,414,23,4
12953,243,23,6
12954,918,23,3
12955,241,23,6
12956,46,23,7
12957,268,23,3
12958,963,23,8
12959,948,23,3
12960,1174,23,6
12961,875,23,8
12962,407,23,6
12963,727,23,10
12964,619,23,3
12965,826,23,9
12966,98,23,7
12967,177,23,2
12968,1159,23,4
12969,469,23,8
12970,1077,23,10
12971,1166,23,2
12972,336,23,6
12973,1110,23,3
12974,1195,23,4
12975,488,23,8
12976,188,23,6
12977,200,23,10
12978,504,23,9
12979,1194,23,1
12980,1125,23,10
12981,934,23,8
12982,672,23,9
12983,189,23,4
12984,423,23,5
12985,498,23,10
12986,607,23,2
12987,685,23,1
12988,759,23,5
12989,701,23,8
12990,470,23,7
12991,409,23,3
12992,312,23,4
12993,472,23,10
12994,760,23,10
12995,41,23,8
12996,150,23,10
12997,454,23,2
12998,510,23,8
12999,724,23,4
13000,421,23,7
13001,29,23,1
13002,601,23,5
13003,1106,23,6
13004,196,23,6
13005,1178,23,9
13006,1109,23,8
13007,1185,23,6
13008,508,23,7
13009,1120,23,6
13010,503,23,6
13011,1090,23,5
13012,599,23,2
13013,1236,23,6
13014,91,23,5
13015,818,23,6
13016,811,23,3
13017,815,23,7
13018,547,23,5
13019,94,23,6
13020,908,23,3
13021,17,23,8
13022,695,23,6
13023,1154,23,2
13024,269,23,3
13025,333,23,7
13026,719,23,3
13027,528,23,1
13028,245,23,8
13029,679,23,1
13030,1116,23,7
13031,765,23,2
13032,53,23,7
13033,1232,23,5
13034,617,23,2
13035,663,23,1
13036,1119,23,6
13037,322,23,8
13038,433,23,8
13039,1230,23,4
13040,209,23,5
13041,238,23,9
13042,334,23,1
13043,659,23,10
13044,1200,23,7
13045,1180,23,1
13046,393,23,7
13047,54,23,4
13048,936,23,8
13049,442,23,9
13050,576,23,5
13051,356,23,3
13052,184,23,7
13053,1243,23,3
13054,447,23,4
13055,239,23,1
13056,525,23,3
13057,854,23,9
13058,154,23,10
13059,919,23,6
13060,365,23,5
13061,345,23,5
13062,669,23,2
13063,464,23,3
13064,22,23,3
13065,1098,23,4
13066,942,23,9
13067,1266,23,10
13068,85,23,9
13069,186,23,3
13070,404,23,1
13071,812,23,3
13072,451,23,1
13073,807,23,4
13074,593,23,4
13075,1168,23,6
13076,367,23,9
13077,1254,23,9
13078,1104,23,9
13079,1114,23,7
13080,45,23,8
13081,1224,23,1
13082,437,23,1
13083,955,23,3
13084,971,23,7
13085,821,23,2
13086,100,23,9
13087,522,23,6
13088,237,23,7
13089,264,23,1
13090,352,23,1
13091,650,23,7
13092,1237,23,9
13093,178,23,2
13094,307,23,6
13095,847,23,6
13096,690,23,9
13097,823,23,6
13098,117,23,6
13099,1151,23,2
13100,1260,23,3
13101,413,23,7
13102,905,23,5
13103,174,23,5
13104,403,23,2
13105,808,23,1
13106,71,23,2
13107,79,23,4
13108,411,23,4
13109,715,23,5
13110,1262,23,3
13111,940,23,3
13112,535,23,6
13113,580,23,10
13114,440,23,3
13115,873,23,3
13116,480,23,10
13117,284,23,6
13118,1099,23,7
13119,276,23,10
13120,4,23,2
13121,430,23,4
13122,731,23,8
13123,187,23,6
13124,557,23,8
13125,692,23,3
13126,1164,23,8
13127,452,23,8
13128,1205,23,1
13129,214,23,3
13130,160,23,5
13131,175,23,1
13132,633,23,8
13133,18,23,2
13134,477,23,2
13135,68,23,6
13136,623,23,4
13137,506,23,10
13138,1249,23,10
13139,530,23,7
13140,347,23,10
13141,378,23,6
13142,1184,23,7
13143,1255,23,9
13144,6,23,7
13145,551,23,8
13146,643,23,6
13147,573,23,7
13148,24,23,7
13149,1181,23,8
13150,562,23,4
13151,755,23,10
13152,34,23,7
13153,814,23,6
13154,1105,23,9
13155,479,23,5
13156,234,23,6
13157,290,23,3
13158,323,23,2
13159,876,23,1
13160,586,23,9
13161,937,23,10
13162,492,23,9
13163,335,23,7
13164,228,23,8
13165,656,23,9
13166,661,23,4
13167,822,23,6
13168,5,23,4
13169,402,23,5
13170,242,23,3
13171,973,23,9
13172,769,23,3
13173,831,23,2
13174,1,23,8
13175,673,23,10
13176,1080,23,4
13177,1186,23,7
13178,166,23,8
13179,257,23,3
13180,1134,23,6
13181,1213,23,7
13182,1137,23,1
13183,14,23,4
13184,772,23,9
13185,30,23,8
13186,171,23,5
13187,1135,23,3
13188,76,23,8
13189,283,23,9
13190,218,23,10
13191,757,23,1
13192,350,23,1
13193,1089,23,7
13194,1197,23,4
13195,89,23,3
13196,967,23,1
13197,300,23,6
13198,443,23,7
13199,546,23,2
13200,65,23,2
13201,66,23,5
13202,277,23,2
13203,324,23,10
13204,674,23,5
13205,544,23,10
13206,1171,23,2
13207,366,23,1
13208,344,23,2
13209,1238,23,4
13210,665,23,1
13211,88,23,4
13212,1160,23,3
13213,481,23,10
13214,487,23,10
13215,21,23,10
13216,1231,23,7
13217,315,23,6
13218,301,23,7
13219,600,23,2
13220,651,23,10
13221,538,23,2
13222,1271,23,10
13223,539,23,1
13224,579,23,5
13225,1250,23,1
13226,762,23,8
13227,1122,23,1
13228,523,23,1
13229,1123,23,8
13230,587,23,6
13231,368,23,5
13232,572,23,2
13233,415,23,2
13234,1246,23,5
13235,855,23,4
13236,289,23,1
13237,267,23,1
13238,691,23,6
13239,906,23,8
13240,687,23,3
13241,625,23,10
13242,109,23,4
13243,441,23,6
13244,635,23,4
13245,1076,23,7
13246,733,23,10
13247,614,23,9
13248,340,23,10
13249,631,23,4
13250,1085,23,4
13251,165,23,7
13252,500,23,4
13253,974,23,6
13254,8,23,10
13255,1244,23,8
13256,761,23,3
13257,422,23,10
13258,248,23,10
13259,1093,23,10
13260,1084,23,8
13261,219,23,9
13262,1147,23,8
13263,247,23,1
13264,358,23,8
13265,834,23,10
13266,684,23,9
13267,1201,23,5
13268,155,23,9
13269,718,23,7
13270,585,23,1
13271,167,23,4
13272,96,23,6
13273,383,23,9
13274,361,23,9
13275,282,23,3
13276,201,23,2
13277,418,23,9
13278,594,23,5
13279,119,23,8
13280,642,23,7
13281,156,23,3
13282,1167,23,2
13283,294,23,3
13284,1097,23,9
13285,721,23,3
13286,391,23,10
13287,1129,23,1
13288,911,23,5
13289,461,23,2
13290,261,23,9
13291,181,23,2
13292,193,23,8
13293,380,23,8
13294,191,23,2
13295,153,23,7
13296,932,23,3
13297,28,23,9
13298,660,23,5
13299,637,23,2
13300,31,23,9
13301,655,23,1
13302,157,23,1
13303,298,23,7
13304,75,23,1
13305,62,23,1
13306,678,23,8
13307,208,23,6
13308,956,23,7
13309,1216,23,10
13310,48,23,6
13311,1170,23,9
13312,309,23,2
13313,700,23,3
13314,198,23,5
13315,1241,23,5
13316,928,23,9
13317,1207,23,5
13318,104,23,6
13319,964,23,2
13320,395,23,9
13321,36,23,4
13322,1212,23,6
13323,299,23,2
13324,638,23,10
13325,744,23,10
13326,220,23,3
13327,516,23,7
13328,949,23,6
13329,410,23,9
13330,448,23,9
13331,1188,23,5
13332,291,23,2
13333,16,23,3
13334,232,23,5
13335,204,23,3
13336,689,23,6
13337,860,23,5
13338,796,23,8
13339,408,23,1
13340,1158,23,4
13341,681,23,3
13342,478,23,9
13343,632,23,5
13344,1173,23,3
13345,670,23,2
13346,813,23,1
13347,224,23,4
13348,163,23,8
13349,112,23,8
13350,353,23,1
13351,303,23,9
13352,773,23,8
13353,512,23,4
13354,343,23,3
13355,87,23,3
13356,288,23,3
13357,37,23,8
13358,217,23,10
13359,767,23,4
13360,1145,23,9
13361,858,23,3
13362,1193,23,2
13363,274,23,5
13364,828,23,9
13365,726,23,1
13366,589,23,3
13367,1165,23,6
13368,501,23,3
13369,809,23,8
13370,211,23,8
13371,618,23,9
13372,540,23,5
13373,499,23,8
13374,168,23,2
13375,316,23,5
13376,272,23,5
13377,61,23,10
13378,965,23,4
13379,39,23,5
13380,1278,23,1
13381,80,23,4
13382,1163,23,8
13383,577,23,8
13384,63,23,3
13385,844,23,4
13386,553,23,2
13387,639,23,1
13388,240,23,6
13389,466,23,1
13390,699,23,6
13391,613,23,4
13392,1235,23,1
13393,446,23,10
13394,151,23,2
13395,881,23,3
13396,740,23,1
13397,1095,23,1
13398,502,23,8
13399,405,23,5
13400,51,23,3
13401,676,23,7
13402,371,23,1
13403,95,23,5
13404,1256,23,2
13405,545,23,6
13406,630,23,1
13407,1261,23,10
13408,883,23,9
13409,1192,23,8
13410,49,23,7
13411,387,23,9
13412,735,23,10
13413,526,23,2
13414,706,23,7
13415,388,23,5
13416,280,23,10
13417,317,23,5
13418,797,23,8
13419,32,23,8
13420,346,23,8
13421,561,23,2
13422,362,23,10
13423,399,23,4
13424,432,23,8
13425,359,23,10
13426,953,23,2
13427,833,23,4
13428,319,23,9
13429,1223,23,2
13430,939,23,5
13431,78,23,9
13432,244,23,2
13433,444,23,2
13434,584,23,1
13435,575,23,10
13436,19,23,4
13437,958,23,1
13438,737,23,2
13439,590,23,8
13440,236,23,10
13441,1075,23,2
13442,543,23,8
13443,952,23,4
13444,1118,23,1
13445,1248,23,4
13446,977,23,9
13447,110,23,1
13448,534,23,4
13449,221,23,3
13450,355,23,3
13451,73,23,3
13452,554,23,4
13453,609,23,8
13454,363,23,7
13455,102,23,4
13456,331,23,6
13457,951,23,5
13458,723,23,5
13459,412,23,3
13460,490,23,10
13461,494,23,7
13462,627,23,7
13463,961,23,4
13464,310,23,10
13465,159,23,2
13466,819,23,9
13467,489,23,4
13468,216,23,4
13469,817,23,1
13470,27,23,3
13471,555,23,1
13472,542,23,8
13473,1182,23,1
13474,1265,23,6
13475,524,23,2
13476,645,23,9
13477,136,23,10
13478,182,23,9
13479,253,23,2
13480,611,23,5
13481,1210,23,5
13482,82,23,3
13483,1190,23,2
13484,20,23,9
13485,1211,23,6
13486,1247,23,5
13487,832,23,3
13488,38,23,5
13489,1139,23,7
13490,774,23,3
13491,348,23,1
13492,484,23,5
13493,564,23,5
13494,396,23,8
13495,595,23,10
13496,314,23,10
13497,935,23,6
13498,968,23,6
13499,205,23,5
13500,176,23,10
13501,453,23,4
13502,945,23,1
13503,235,23,9
13504,1133,23,1
13505,400,23,5
13506,1131,23,8
13507,820,23,6
13508,83,23,1
13509,254,23,4
13510,709,23,5
13511,486,23,5
13512,884,23,2
13513,610,23,1
13514,329,23,8
13515,302,23,5
13516,602,23,8
13517,325,23,4
13518,271,23,5
13519,843,23,3
13520,385,23,9
13521,103,23,6
13522,916,23,4
13523,497,23,9
13524,1094,23,8
13525,722,23,4
13526,105,23,1
13527,81,23,4
13528,1177,23,6
13529,713,23,9
13530,270,23,5
13531,742,23,9
13532,419,23,2
13533,664,23,3
13534,552,23,1
13535,1148,23,5
13536,111,23,6
13537,550,23,6
13538,563,23,2
13539,705,23,2
13540,730,23,4
13541,909,23,3
13542,164,23,5
13543,33,23,2
13544,938,23,6
13545,505,23,2
13546,1132,23,10
13547,64,23,5
13548,192,23,10
13549,246,23,9
13550,327,23,8
13551,455,23,8
13552,170,23,6
13553,1233,23,2
13554,626,23,9
13555,304,23,2
13556,1156,23,8
13557,615,23,1
13558,92,23,10
13559,1220,23,9
13560,1150,23,5
13561,84,23,4
13562,929,23,1
13563,533,23,3
13564,330,23,1
13565,1263,23,6
13566,646,23,7
13567,273,23,1
13568,1144,23,2
13569,531,23,3
13570,581,23,2
13571,976,23,10
13572,99,23,6
13573,485,23,10
13574,185,23,10
13575,879,23,6
13576,1191,23,10
13577,1227,23,7
13578,116,23,4
13579,1103,23,9
13580,1209,23,6
13581,58,23,9
13582,836,23,5
13583,229,23,1
13584,338,23,3
13585,108,23,6
13586,578,23,9
13587,285,23,1
13588,483,23,10
13589,311,23,5
13590,1162,23,4
13591,7,23,7
13592,435,23,10
13593,608,23,4
13594,1152,23,5
13595,1218,23,7
13596,458,23,7
13597,950,23,3
13598,275,23,10
13599,856,23,8
13600,3,23,1
13601,465,23,4
13602,438,23,9
13603,134,23,7
13604,69,23,7
13605,397,23,2
13606,686,23,8
13607,97,23,6
13608,532,23,7
13609,1239,23,8
13610,1215,23,6
13611,207,23,9
13612,634,23,1
13613,1242,23,1
13614,382,23,9
13615,667,23,8
13616,913,23,9
13617,1264,23,2
13618,375,23,8
13619,697,23,6
13620,173,23,3
13621,339,23,4
13622,1155,23,6
13623,720,23,9
13624,1176,23,1
13625,1203,23,1
13626,1140,23,4
13627,1234,23,10
13628,851,23,10
13629,297,23,1
13630,521,23,3
13631,753,23,3
13632,1124,23,3
13633,620,23,6
13634,212,23,6
13635,648,23,8
13636,743,23,4
13637,377,23,2
13638,392,23,5
13639,682,23,10
13640,434,23,3
13641,1217,23,6
13642,306,23,4
13643,190,23,6
13644,376,23,5
13645,384,23,3
13646,180,23,9
13647,1229,23,4
13648,1121,23,9
13649,616,23,2
13650,931,23,7
13651,591,23,10
13652,960,23,1
13653,161,23,3
13654,583,23,7
13655,758,23,8
13656,260,23,8
13657,927,23,9
13658,1108,23,6
13659,556,23,2
13660,386,23,7
13661,72,23,7
13662,287,23,8
13663,1112,23,8
13664,293,23,7
13665,318,23,1
13666,605,23,7
13667,841,23,6
13668,449,23,8
13669,462,23,8
13670,74,23,6
13671,251,23,6
13672,56,23,6
13673,574,23,10
13674,47,23,10
13675,529,23,7
13676,390,23,2
13677,354,23,7
13678,693,23,8
13679,846,23,10
13680,59,23,9
13681,1143,23,4
13682,473,23,6
13683,738,23,3
13684,195,23,10
13685,509,23,5
13686,930,23,2
13687,460,23,10
13688,1222,23,9
13689,179,23,3
13690,199,23,7
13691,954,23,4
13692,652,23,7
13693,149,23,6
13694,429,23,1
13695,941,23,7
13696,1096,23,7
13697,416,23,5
13698,588,23,8
13699,203,23,2
13700,612,23,4
13701,55,23,9
13702,286,23,6
13703,666,23,6
13704,677,23,8
13705,708,23,10
13706,474,23,6
13707,1219,23,1
13708,279,23,1
13709,1141,23,3
13710,680,23,9
13711,829,23,9
13712,357,23,3
13713,278,23,4
13714,360,23,5
13715,1269,23,9
13716,675,23,9
13717,1245,23,4
13718,1146,23,1
13719,1128,23,5
13720,511,23,2
13721,162,23,6
13722,1172,23,4
13723,35,23,6
13724,70,23,3
13725,305,23,6
13726,683,23,2
13727,741,23,2
13728,872,23,4
13729,1157,23,2
13730,262,23,1
13731,1187,23,2
13732,824,23,7
13733,206,23,8
13734,425,23,9
13735,342,23,2
13736,107,23,2
13737,226,23,2
13738,60,23,1
13739,493,23,6
13740,1228,23,10
13741,1130,23,8
13742,172,23,9
13743,320,23,1
13744,1086,23,8
13745,436,23,9
13746,194,23,2
13747,527,23,9
13748,381,23,2
13749,341,23,1
13750,1092,23,2
13751,25,23,1
13752,256,23,2
13753,9,23,3
13754,912,23,4
13755,457,23,1
13756,374,23,1
13757,770,23,10
13758,67,23,6
13759,1117,23,6
13760,183,23,5
13761,1175,23,2
13762,959,23,4
13763,1126,23,3
13764,515,23,9
13765,688,23,8
13766,907,23,2
13767,158,23,6
13768,12,23,2
13769,43,23,6
13770,657,23,9
13771,653,23,4
13772,696,23,1
13773,495,23,5
13774,326,23,5
13775,732,23,5
13776,57,23,4
13777,369,23,5
13778,296,23,4
13779,1208,23,1
13780,513,23,4
13781,640,23,8
13782,975,23,1
13783,52,23,10
13784,519,23,7
13785,1087,23,1
13786,215,23,9
13787,223,23,1
13788,258,23,5
13789,379,23,1
13790,507,23,1
13791,15,23,9
13792,482,23,8
13793,431,23,7
13794,850,23,8
13795,491,23,7
13796,559,23,5
13797,972,23,9
13798,1107,23,3
13799,364,23,6
13800,213,23,5
13801,249,23,4
13802,471,23,4
13803,597,23,4
13804,712,23,3
13805,962,23,5
13806,1253,23,7
13807,1111,23,1
13808,845,23,2
13809,26,23,6
13810,1206,23,4
13811,914,23,4
13812,1252,23,8
13813,754,23,5
13814,764,23,2
13815,728,23,10
13816,966,23,1
13817,816,23,7
13818,849,23,2
13819,222,23,9
13820,1214,23,8
13821,694,23,1
13822,882,23,3
13823,514,23,3
13824,853,23,8
13825,560,23,5
13826,752,23,9
13827,1240,23,2
13828,1225,23,5
13829,420,23,6
13830,372,23,7
13831,389,23,6
13832,768,23,8
13833,401,23,10
13834,1270,23,6
13835,1127,23,10
13836,654,23,10
13837,308,23,9
13838,658,23,2
13839,1189,23,1
13840,582,23,8
13841,1138,23,3
13842,250,23,8
13843,295,23,3
13844,152,23,2
13845,946,23,2
13846,40,23,10
13847,827,23,3
13848,227,23,7
13849,756,23,1
13850,106,23,1
13851,1221,23,10
13852,1251,23,10
13853,1115,23,8
13854,10,23,2
13855,1169,23,1
13856,313,23,3
13857,714,23,5
13858,90,23,7
13859,1202,23,7
13860,603,23,7
13861,1257,23,10
13862,598,23,9
13863,468,23,2
13864,77,23,5
13865,1267,23,6
13866,969,23,10
13867,255,23,2
13868,202,23,2
13869,428,23,5
13870,398,23,5
13871,86,23,2
13872,225,23,3
13873,662,23,6
13874,592,23,3
13875,536,23,7
13876,668,23,7
13877,231,23,9
13878,1113,23,2
13879,1199,23,2
13880,11,23,3
13881,118,23,5
13882,337,23,10
13883,370,23,6
13884,1196,23,2
13885,775,23,5
13886,917,23,8
13887,373,23,8
13888,1091,23,10
13889,265,23,4
13890,1204,23,1
13891,1153,23,6
13892,292,23,6
13893,852,23,9
13894,624,23,10
13895,1088,23,6
13896,1259,23,9
13897,825,23,1
13898,604,23,7
13899,197,23,2
13900,42,23,9
13901,50,23,9
13902,321,23,4
13903,644,23,10
13904,915,23,8
13905,763,23,3
13906,210,23,5
13907,880,23,7
13908,957,23,2
13909,725,23,7
13910,671,23,4
13911,970,23,2
13912,349,23,4
13913,810,23,7
13914,233,23,10
13915,135,23,5
13916,93,23,2
13917,904,23,3
13918,1100,24,3
13919,648,24,7
13920,509,24,5
13921,691,24,6
13922,25,24,2
13923,102,24,8
13924,282,24,5
13925,663,24,3
13926,1117,24,4
13927,977,24,7
13928,652,24,8
13929,419,24,8
13930,359,24,8
13931,420,24,10
13932,431,24,3
13933,79,24,5
13934,556,24,7
13935,45,24,8
13936,365,24,5
13937,662,24,5
13938,313,24,9
13939,51,24,9
13940,543,24,8
13941,611,24,10
13942,937,24,7
13943,352,24,8
13944,950,24,5
13945,845,24,6
13946,274,24,3
13947,757,24,1
13948,1206,24,7
13949,809,24,4
13950,333,24,2
13951,679,24,9
13952,624,24,10
13953,495,24,5
13954,1105,24,5
13955,375,24,9
13956,283,24,9
13957,534,24,3
13958,1183,24,6
13959,50,24,1
13960,742,24,6
13961,841,24,3
13962,680,24,10
13963,589,24,9
13964,436,24,10
13965,389,24,1
13966,379,24,10
13967,72,24,1
13968,743,24,4
13969,1185,24,7
13970,1090,24,3
13971,150,24,1
13972,222,24,6
13973,460,24,9
13974,34,24,9
13975,1218,24,5
13976,700,24,9
13977,2,24,4
13978,764,24,6
13979,659,24,5
13980,1110,24,6
13981,884,24,9
13982,1161,24,6
13983,207,24,9
13984,1211,24,1
13985,724,24,6
13986,1213,24,3
13987,644,24,8
13988,286,24,4
13989,164,24,5
13990,523,24,8
13991,855,24,8
13992,488,24,9
13993,670,24,2
13994,310,24,10
13995,104,24,7
13996,245,24,5
13997,653,24,7
13998,1203,24,4
13999,89,24,1
14000,1170,24,5
14001,665,24,2
14002,176,24,9
14003,1172,24,6
14004,731,24,4
14005,948,24,4
14006,343,24,10
14007,939,24,10
14008,392,24,9
14009,561,24,6
14010,484,24,2
14011,879,24,3
14012,210,24,4
14013,1190,24,10
14014,582,24,4
14015,249,24,6
14016,1236,24,9
14017,65,24,9
14018,260,24,3
14019,581,24,6
14020,657,24,6
14021,945,24,9
14022,969,24,1
14023,620,24,6
14024,1209,24,9
14025,824,24,9
14026,277,24,7
14027,47,24,1
14028,1259,24,2
14029,575,24,3
14030,39,24,4
14031,301,24,1
14032,719,24,6
14033,519,24,1
14034,458,24,5
14035,1133,24,9
14036,404,24,6
14037,699,24,2
14038,440,24,10
14039,774,24,1
14040,93,24,4
14041,346,24,9
14042,323,24,10
14043,262,24,10
14044,408,24,6
14045,1220,24,5
14046,1094,24,5
14047,382,24,7
14048,327,24,4
14049,768,24,5
14050,5,24,4
14051,184,24,1
14052,517,24,4
14053,194,24,7
14054,1174,24,5
14055,83,24,2
14056,276,24,10
14057,639,24,8
14058,256,24,5
14059,631,24,7
14060,1239,24,4
14061,37,24,10
14062,345,24,1
14063,1113,24,7
14064,852,24,7
14065,216,24,5
14066,1233,24,6
14067,357,24,10
14068,100,24,9
14069,240,24,6
14070,1085,24,8
14071,497,24,8
14072,524,24,9
14073,941,24,8
14074,1222,24,7
14075,468,24,7
14076,231,24,10
14077,238,24,9
14078,752,24,5
14079,447,24,1
14080,232,24,9
14081,762,24,8
14082,726,24,1
14083,52,24,4
14084,836,24,4
14085,340,24,2
14086,332,24,9
14087,769,24,1
14088,829,24,2
14089,308,24,5
14090,33,24,7
14091,278,24,4
14092,500,24,8
14093,193,24,8
14094,936,24,2
14095,489,24,5
14096,226,24,5
14097,1188,24,3
14098,690,24,3
14099,103,24,7
14100,19,24,9
14101,808,24,9
14102,1258,24,10
14103,773,24,10
14104,234,24,8
14105,1198,24,10
14106,1163,24,4
14107,1247,24,10
14108,860,24,3
14109,669,24,1
14110,372,24,2
14111,208,24,7
14112,1129,24,6
14113,625,24,9
14114,417,24,1
14115,202,24,3
14116,715,24,9
14117,1123,24,10
14118,410,24,10
14119,1157,24,5
14120,629,24,1
14121,56,24,6
14122,881,24,7
14123,354,24,3
14124,167,24,2
14125,905,24,6
14126,118,24,4
14127,772,24,1
14128,425,24,9
14129,398,24,1
14130,1192,24,3
14131,831,24,10
14132,329,24,3
14133,82,24,5
14134,362,24,1
14135,397,24,10
14136,41,24,3
14137,968,24,5
14138,520,24,7
14139,171,24,2
14140,287,24,2
14141,368,24,9
14142,1264,24,6
14143,734,24,1
14144,822,24,4
14145,381,24,2
14146,160,24,3
14147,718,24,10
14148,361,24,10
14149,227,24,10
14150,810,24,1
14151,155,24,5
14152,477,24,1
14153,623,24,6
14154,1167,24,2
14155,492,24,3
14156,507,24,5
14157,708,24,3
14158,229,24,7
14159,448,24,10
14160,721,24,2
14161,851,24,4
14162,574,24,2
14163,875,24,2
14164,671,24,7
14165,312,24,10
14166,689,24,10
14167,254,24,5
14168,385,24,2
14169,627,24,3
14170,26,24,3
14171,165,24,2
14172,813,24,8
14173,1099,24,2
14174,68,24,10
14175,559,24,2
14176,563,24,8
14177,228,24,7
14178,338,24,8
14179,1173,24,7
14180,10,24,10
14181,542,24,4
14182,1186,24,9
14183,40,24,9
14184,678,24,8
14185,36,24,8
14186,152,24,9
14187,395,24,3
14188,1249,24,1
14189,453,24,1
14190,237,24,2
14191,317,24,5
14192,205,24,6
14193,705,24,1
14194,600,24,5
14195,1177,24,8
14196,170,24,4
14197,1223,24,7
14198,550,24,10
14199,738,24,1
14200,78,24,1
14201,414,24,3
14202,961,24,3
14203,469,24,1
14204,1215,24,2
14205,374,24,9
14206,1139,24,8
14207,175,24,3
14208,432,24,3
14209,439,24,6
14210,713,24,8
14211,109,24,6
14212,505,24,7
14213,478,24,7
14214,162,24,3
14215,1194,24,3
14216,1153,24,7
14217,682,24,6
14218,166,24,5
14219,578,24,2
14220,266,24,3
14221,1260,24,4
14222,291,24,4
14223,546,24,6
14224,251,24,5
14225,464,24,4
14226,1148,24,9
14227,174,24,7
14228,1250,24,4
14229,1238,24,5
14230,214,24,1
14231,538,24,3
14232,1184,24,5
14233,598,24,1
14234,486,24,9
14235,62,24,5
14236,1189,24,9
14237,758,24,1
14238,614,24,4
14239,18,24,2
14240,610,24,1
14241,832,24,4
14242,615,24,7
14243,638,24,10
14244,363,24,10
14245,224,24,3
14246,737,24,8
14247,1145,24,7
14248,1168,24,8
14249,163,24,7
14250,1086,24,4
14251,656,24,10
14252,714,24,8
14253,728,24,5
14254,319,24,7
14255,1093,24,9
14256,529,24,4
14257,493,24,2
14258,394,24,3
14259,342,24,9
14260,1106,24,2
14261,976,24,8
14262,583,24,7
14263,828,24,2
14264,1265,24,9
14265,1159,24,10
14266,46,24,10
14267,324,24,2
14268,1130,24,8
14269,284,24,5
14270,733,24,2
14271,735,24,7
14272,1187,24,4
14273,111,24,6
14274,687,24,1
14275,579,24,2
14276,1229,24,5
14277,535,24,7
14278,88,24,4
14279,470,24,10
14280,1088,24,3
14281,955,24,9
14282,1128,24,6
14283,634,24,2
14284,337,24,5
14285,616,24,6
14286,588,24,2
14287,58,24,7
14288,516,24,2
14289,246,24,4
14290,307,24,1
14291,491,24,5
14292,70,24,6
14293,654,24,3
14294,428,24,10
14295,95,24,9
14296,970,24,6
14297,481,24,10
14298,186,24,7
14299,261,24,10
14300,1127,24,1
14301,479,24,10
14302,626,24,8
14303,564,24,6
14304,907,24,9
14305,1077,24,4
14306,536,24,6
14307,185,24,4
14308,846,24,5
14309,289,24,3
14310,434,24,2
14311,966,24,7
14312,704,24,9
14313,661,24,5
14314,1270,24,9
14315,797,24,5
14316,1150,24,7
14317,850,24,10
14318,883,24,5
14319,403,24,5
14320,1244,24,9
14321,418,24,3
14322,946,24,9
14323,962,24,4
14324,454,24,10
14325,531,24,6
14326,1204,24,8
14327,642,24,5
14328,480,24,8
14329,473,24,6
14330,1212,24,3
14331,587,24,2
14332,1097,24,6
14333,1217,24,6
14334,1179,24,4
14335,814,24,9
14336,452,24,7
14337,1144,24,3
14338,311,24,5
14339,557,24,7
14340,971,24,3
14341,236,24,5
14342,13,24,7
14343,504,24,2
14344,956,24,6
14345,370,24,3
14346,200,24,7
14347,684,24,1
14348,32,24,2
14349,681,24,2
14350,660,24,4
14351,817,24,1
14352,1134,24,5
14353,330,24,8
14354,508,24,2
14355,367,24,1
14356,321,24,7
14357,483,24,4
14358,916,24,8
14359,730,24,5
14360,515,24,4
14361,712,24,6
14362,1135,24,5
14363,540,24,6
14364,532,24,8
14365,402,24,9
14366,296,24,10
14367,811,24,6
14368,423,24,2
14369,136,24,8
14370,918,24,4
14371,219,24,10
14372,306,24,5
14373,692,24,8
14374,1207,24,6
14375,465,24,3
14376,1246,24,10
14377,856,24,2
14378,233,24,9
14379,1114,24,10
14380,369,24,1
14381,1109,24,9
14382,767,24,3
14383,927,24,10
14384,149,24,3
14385,438,24,7
14386,107,24,3
14387,1256,24,9
14388,602,24,5
14389,696,24,9
14390,722,24,1
14391,514,24,2
14392,376,24,1
14393,658,24,2
14394,673,24,3
14395,938,24,9
14396,526,24,3
14397,760,24,8
14398,6,24,7
14399,755,24,1
14400,411,24,1
14401,364,24,8
14402,377,24,10
14403,1136,24,2
14404,273,24,7
14405,482,24,6
14406,917,24,3
14407,23,24,9
14408,105,24,8
14409,1108,24,6
14410,80,24,8
14411,218,24,5
14412,599,24,4
14413,674,24,9
14414,1152,24,10
14415,1266,24,4
14416,189,24,7
14417,1232,24,4
14418,309,24,1
14419,1166,24,2
14420,179,24,1
14421,935,24,9
14422,335,24,1
14423,541,24,9
14424,949,24,1
14425,349,24,4
14426,849,24,3
14427,503,24,4
14428,664,24,3
14429,471,24,4
14430,914,24,10
14431,1107,24,9
14432,461,24,6
14433,586,24,3
14434,192,24,3
14435,422,24,8
14436,199,24,3
14437,409,24,6
14438,693,24,5
14439,474,24,6
14440,576,24,10
14441,1266,25,6
14442,390,25,8
14443,652,25,7
14444,24,25,1
14445,630,25,4
14446,106,25,3
14447,447,25,1
14448,435,25,4
14449,820,25,3
14450,61,25,6
14451,408,25,3
14452,226,25,7
14453,374,25,2
14454,1090,25,5
14455,363,25,2
14456,96,25,9
14457,1165,25,5
14458,155,25,9
14459,136,25,2
14460,159,25,9
14461,1269,25,5
14462,904,25,10
14463,396,25,1
14464,516,25,10
14465,935,25,1
14466,242,25,8
14467,4,25,1
14468,187,25,6
14469,452,25,1
14470,940,25,3
14471,276,25,7
14472,50,25,1
14473,223,25,3
14474,547,25,8
14475,260,25,5
14476,212,25,1
14477,632,25,7
14478,755,25,7
14479,487,25,10
14480,350,25,5
14481,545,25,5
14482,834,25,3
14483,295,25,3
14484,495,25,8
14485,341,25,2
14486,402,25,6
14487,975,25,10
14488,108,25,1
14489,501,25,5
14490,509,25,8
14491,535,25,3
14492,598,25,10
14493,313,25,4
14494,70,25,6
14495,1238,25,6
14496,49,25,7
14497,1182,25,9
14498,506,25,2
14499,1229,25,2
14500,1196,25,4
14501,107,25,10
14502,1157,25,2
14503,643,25,7
14504,42,25,3
14505,1271,25,5
14506,245,25,4
14507,629,25,3
14508,36,25,2
14509,225,25,1
14510,830,25,6
14511,66,25,9
14512,480,25,6
14513,471,25,1
14514,464,25,2
14515,809,25,8
14516,433,25,8
14517,677,25,8
14518,405,25,7
14519,700,25,6
14520,1245,25,9
14521,84,25,5
14522,1173,25,5
14523,324,25,5
14524,596,25,9
14525,134,25,3
14526,283,25,5
14527,98,25,1
14528,602,25,8
14529,504,25,4
14530,175,25,6
14531,796,25,9
14532,1214,25,2
14533,413,25,9
14534,327,25,6
14535,694,25,8
14536,231,25,5
14537,57,25,4
14538,1234,25,8
14539,285,25,4
14540,1118,25,4
14541,1085,25,2
14542,380,25,2
14543,913,25,6
14544,472,25,5
14545,685,25,6
14546,420,25,1
14547,186,25,4
14548,207,25,3
14549,393,25,10
14550,333,25,4
14551,171,25,10
14552,201,25,8
14553,552,25,7
14554,1240,25,8
14555,542,25,1
14556,814,25,1
14557,762,25,9
14558,852,25,5
14559,949,25,8
14560,795,25,6
14561,178,25,2
14562,635,25,1
14563,664,25,4
14564,425,25,8
14565,1164,25,5
14566,590,25,5
14567,853,25,7
14568,429,25,8
14569,666,25,4
14570,601,25,4
14571,177,25,3
14572,909,25,7
14573,154,25,3
14574,484,25,9
14575,5,25,4
14576,721,25,8
14577,1100,25,8
14578,28,25,5
14579,18,25,6
14580,1167,25,9
14581,1127,25,3
14582,744,25,3
14583,1094,25,5
14584,950,25,10
14585,33,25,8
14586,338,25,1
14587,1278,25,8
14588,428,25,3
14589,910,25,8
14590,247,25,3
14591,728,25,3
14592,584,25,5
14593,608,25,4
14594,611,25,2
14595,759,25,7
14596,526,25,5
14597,168,25,10
14598,1089,25,7
14599,30,25,5
14600,614,25,3
14601,1096,25,7
14602,731,25,10
14603,527,25,10
14604,582,25,5
14605,1222,25,2
14606,198,25,3
14607,634,25,1
14608,203,25,3
14609,914,25,6
14610,194,25,9
14611,882,25,4
14612,329,25,9
14613,289,25,10
14614,832,25,6
14615,321,25,5
14616,337,25,2
14617,267,25,1
14618,1133,25,2
14619,15,25,9
14620,498,25,1
14621,1076,25,6
14622,505,25,2
14623,1194,25,9
14624,1171,25,3
14625,1221,25,2
14626,1170,25,1
14627,548,25,1
14628,366,25,2
14629,264,25,8
14630,1147,25,6
14631,200,25,8
14632,1111,25,10
14633,59,25,6
14634,334,25,8
14635,521,25,10
14636,1113,25,7
14637,502,25,3
14638,1130,25,7
14639,76,25,5
14640,977,25,3
14641,951,25,4
14642,1236,25,2
14643,683,25,10
14644,166,25,5
14645,915,25,5
14646,235,25,6
14647,1212,25,9
14648,1256,25,1
14649,335,25,5
14650,534,25,5
14651,556,25,4
14652,477,25,2
14653,153,25,5
14654,347,25,4
14655,1141,25,7
14656,1243,25,9
14657,1228,25,4
14658,883,25,1
14659,709,25,7
14660,351,25,2
14661,507,25,2
14662,394,25,9
14663,470,25,5
14664,298,25,9
14665,688,25,1
14666,89,25,6
14667,1144,25,10
14668,616,25,6
14669,813,25,7
14670,1132,25,5
14671,332,25,4
14672,466,25,2
14673,613,25,4
14674,855,25,9
14675,191,25,1
14676,1124,25,7
14677,554,25,2
14678,1219,25,4
14679,675,25,3
14680,99,25,5
14681,21,25,10
14682,508,25,2
14683,468,25,4
14684,449,25,8
14685,686,25,5
14686,920,25,7
14687,550,25,1
14688,829,25,7
14689,41,25,9
14690,263,25,6
14691,246,25,2
14692,71,25,9
14693,948,25,7
14694,828,25,3
14695,300,25,6
14696,164,25,1
14697,1242,25,6
14698,40,25,2
14699,1209,25,5
14700,1103,25,9
14701,91,25,6
14702,1146,25,2
14703,816,25,2
14704,931,25,6
14705,1270,25,9
14706,258,25,3
14707,244,25,4
14708,724,25,6
14709,974,25,7
14710,385,25,6
14711,1237,25,5
14712,356,25,4
14713,109,25,3
14714,815,25,5
14715,588,25,5
14716,1220,25,9
14717,833,25,1
14718,377,25,1
14719,182,25,1
14720,1227,25,6
14721,407,25,9
14722,453,25,3
14723,293,25,8
14724,284,25,10
14725,7,25,1
14726,97,25,9
14727,706,25,8
14728,176,25,7
14729,772,25,4
14730,631,25,10
14731,256,25,8
14732,241,25,5
14733,328,25,2
14734,135,25,3
14735,705,25,6
14736,617,25,6
14737,713,25,3
14738,381,25,3
14739,370,25,9
14740,90,25,5
14741,761,25,9
14742,719,25,7
14743,972,25,7
14744,754,25,5
14745,457,25,5
14746,1248,25,3
14747,202,25,3
14748,1116,25,7
14749,349,25,4
14750,395,25,1
14751,387,25,3
14752,16,25,7
14753,311,25,5
14754,1199,25,7
14755,1148,25,8
14756,962,25,10
14757,880,25,8
14758,701,25,6
14759,1183,25,10
14760,67,25,3
14761,1189,25,5
14762,658,25,3
14763,917,25,10
14764,37,25,4
14765,577,25,10
14766,398,25,6
14767,179,25,8
14768,725,25,6
14769,1161,25,10
14770,461,25,7
14771,237,25,2
14772,255,25,5
14773,20,25,4
14774,875,25,2
14775,1158,25,5
14776,486,25,2
14777,369,25,1
14778,462,25,6
14779,1112,25,5
14780,612,25,5
14781,302,25,5
14782,56,25,9
14783,1262,25,7
14784,511,25,2
14785,455,25,9
14786,216,25,2
14787,250,25,8
14788,270,25,5
14789,309,25,7
14790,530,25,9
14791,26,25,4
14792,232,25,9
14793,87,25,1
14794,383,25,2
14795,104,25,8
14796,384,25,4
14797,343,25,2
14798,600,25,1
14799,77,25,5
14800,454,25,9
14801,157,25,10
14802,490,25,7
14803,540,25,4
14804,275,25,3
14805,827,25,1
14806,181,25,9
14807,906,25,3
14808,1261,25,1
14809,43,25,9
14810,1260,25,5
14811,691,25,10
14812,172,25,8
14813,595,25,10
14814,253,25,7
14815,758,25,1
14816,1181,25,7
14817,735,25,1
14818,358,25,3
14819,1255,25,4
14820,763,25,1
14821,1184,25,6
14822,58,25,10
14823,1203,25,5
14824,11,25,2
14825,473,25,10
14826,64,25,7
14827,551,25,3
14828,818,25,10
14829,368,25,2
14830,692,25,7
14831,1190,25,3
14832,1225,25,6
14833,881,25,8
14834,346,25,2
14835,1134,25,7
14836,310,25,8
14837,416,25,8
14838,737,25,7
14839,185,25,3
14840,966,25,2
14841,528,25,8
14842,95,25,6
14843,491,25,2
14844,308,25,2
14845,1091,25,1
14846,336,25,10
14847,653,25,2
14848,1186,25,5
14849,272,25,1
14850,314,25,1
14851,1258,25,2
14852,562,25,6
14853,404,25,3
14854,1160,25,2
14855,730,25,5
14856,1117,25,2
14857,1120,25,10
14858,326,25,4
14859,1105,25,10
14860,345,25,5
14861,1249,25,7
14862,110,25,4
14863,292,25,9
14864,192,25,6
14865,553,25,7
14866,1169,25,2
14867,233,25,3
14868,941,25,1
14869,858,25,4
14870,438,25,5
14871,391,25,4
14872,1143,25,6
14873,667,25,8
14874,1263,25,10
14875,523,25,8
14876,1177,25,5
14877,165,25,2
14878,151,25,9
14879,946,25,10
14880,574,25,6
14881,638,25,8
14882,1198,25,6
14883,173,25,7
14884,38,25,9
14885,399,25,8
14886,1168,25,6
14887,188,25,3
14888,937,25,3
14889,1138,25,3
14890,1166,25,6
14891,39,25,8
14892,229,25,5
14893,1257,25,5
14894,496,25,6
14895,214,25,7
14896,1195,25,3
14897,938,25,3
14898,22,25,2
14899,382,25,1
14900,1154,25,5
14901,220,25,2
14902,960,25,1
14903,1204,25,4
14904,1179,25,10
14905,222,25,5
14906,1197,25,2
14907,1140,25,8
14908,228,25,8
14909,1251,25,4
14910,279,25,1
14911,742,25,6
14912,215,25,7
14913,1172,25,4
14914,257,25,10
14915,357,25,9
14916,441,25,2
14917,208,25,1
14918,161,25,8
14919,693,25,9
14920,810,25,6
14921,386,25,5
14922,689,25,4
14923,1202,25,3
14924,1084,25,3
14925,954,25,5
14926,764,25,9
14927,929,25,1
14928,340,25,2
14929,533,25,7
14930,661,25,1
14931,1137,25,9
14932,589,25,4
14933,354,25,3
14934,1121,25,8
14935,149,25,1
14936,642,25,10
14937,190,25,10
14938,1162,25,4
14939,942,25,2
14940,625,25,1
14941,79,25,3
14942,1206,25,5
14943,1239,25,1
14944,34,25,8
14945,152,25,1
14946,163,25,5
14947,375,25,4
14948,1231,25,10
14949,663,25,7
14950,53,25,3
14951,262,25,2
14952,291,25,3
14953,720,25,8
14954,808,25,5
14955,196,25,2
14956,718,25,1
14957,62,25,4
14958,29,25,3
14959,669,25,4
14960,217,25,3
14961,74,25,4
14962,81,25,8
14963,541,25,5
14964,912,25,10
14965,261,25,10
14966,52,25,5
14967,884,25,5
14968,1092,25,7
14969,379,25,6
14970,339,25,7
14971,1128,25,1
14972,637,25,7
14973,767,25,5
14974,1254,25,10
14975,727,25,8
14976,952,25,10
14977,774,25,9
14978,644,25,5
14979,1188,25,7
14980,266,25,4
14981,1223,25,2
14982,633,25,7
14983,418,25,10
14984,183,25,10
14985,112,25,6
14986,525,25,8
14987,1174,25,2
14988,68,25,9
14989,843,25,7
14990,93,25,3
14991,448,25,6
14992,294,25,4
14993,489,25,10
14994,1235,25,5
14995,273,25,6
14996,150,25,9
14997,605,25,5
14998,54,25,9
14999,723,25,1
15000,27,25,3
15001,1250,25,10
15002,513,25,3
15003,564,25,1
15004,301,25,5
15005,412,25,10
15006,1108,25,7
15007,916,25,7
15008,158,25,9
15009,961,25,10
15010,967,25,2
15011,510,25,4
15012,660,25,10
15013,857,25,8
15014,102,25,2
15015,227,25,5
15016,704,25,2
15017,411,25,7
15018,254,25,10
15019,847,25,5
15020,740,25,9
15021,615,25,4
15022,1097,25,4
15023,708,25,1
15024,963,25,8
15025,403,25,10
15026,35,25,8
15027,174,25,3
15028,854,25,1
15029,224,25,7
15030,446,25,8
15031,230,25,9
15032,204,25,2
15033,822,25,8
15034,674,25,6
15035,1142,25,7
15036,536,25,9
15037,682,25,3
15038,741,25,6
15039,1136,25,4
15040,482,25,2
15041,1200,25,9
15042,282,25,9
15043,421,25,6
15044,1259,25,8
15045,918,25,8
15046,69,25,1
15047,561,25,5
15048,599,25,3
15049,195,25,4
15050,546,25,4
15051,1187,25,3
15052,281,25,6
15053,773,25,2
15054,756,25,6
15055,65,25,10
15056,607,25,9
15057,1180,25,9
15058,1176,25,10
15059,654,25,4
15060,32,25,10
15061,911,25,1
15062,657,25,10
15063,479,25,4
15064,83,25,4
15065,1122,25,3
15066,928,25,5
15067,8,25,3
15068,268,25,5
15069,401,25,10
15070,318,25,10
15071,80,25,6
15072,738,25,2
15073,539,25,2
15074,581,25,3
15075,439,25,5
15076,116,25,2
15077,679,25,9
15078,580,25,3
15079,797,25,7
15080,957,25,2
15081,594,25,2
15082,277,25,6
15083,971,25,6
15084,514,25,7
15085,331,25,2
15086,524,25,3
15087,82,25,7
15088,460,25,5
15089,342,25,1
15090,481,25,2
15091,627,25,3
15092,94,25,9
15093,610,25,5
15094,1207,25,9
15095,251,25,2
15096,17,25,7
15097,593,25,5
15098,732,25,8
15099,10,25,3
15100,811,25,8
15101,645,25,7
15102,239,25,3
15103,603,25,5
15104,655,25,9
15105,770,25,2
15106,280,25,1
15107,624,25,6
15108,532,25,7
15109,12,25,3
15110,86,25,1
15111,619,25,1
15112,1253,25,8
15113,671,25,9
15114,437,25,9
15115,821,25,7
15116,236,25,9
15117,419,25,6
15118,248,25,4
15119,193,25,4
15120,213,25,5
15121,118,25,4
15122,953,25,10
15123,243,25,8
15124,209,25,1
15125,743,25,2
15126,160,25,6
15127,575,25,10
15128,1264,25,10
15129,265,25,9
15130,831,25,9
15131,964,25,8
15132,312,25,6
15133,1145,25,9
15134,825,25,8
15135,559,25,3
15136,431,25,9
15137,117,25,2
15138,352,25,2
15139,930,25,7
15140,25,25,2
15141,1265,25,10
15142,1247,25,5
15143,765,25,4
15144,959,25,9
15145,1205,25,1
15146,662,25,8
15147,320,25,10
15148,586,25,5
15149,73,25,4
15150,1110,25,4
15151,1267,25,9
15152,409,25,1
15153,1244,25,3
15154,699,25,3
15155,184,25,1
15156,47,25,5
15157,623,25,5
15158,970,25,4
15159,824,25,1
15160,618,25,3
15161,1149,25,1
15162,221,25,1
15163,105,25,3
15164,518,25,7
15165,519,25,1
15166,371,25,4
15167,1106,25,9
15168,945,25,6
15169,63,25,5
15170,1217,25,10
15171,1109,25,1
15172,315,25,6
15173,1175,25,7
15174,956,25,3
15175,768,25,6
15176,445,25,10
15177,485,25,5
15178,274,25,1
15179,367,25,3
15180,846,25,8
15181,823,25,4
15182,206,25,3
15183,1093,25,3
15184,406,25,9
15185,483,25,8
15186,968,25,6
15187,733,25,9
15188,271,25,4
15189,1230,25,8
15190,557,25,3
15191,697,25,4
15192,31,25,8
15193,648,25,8
15194,1077,25,4
15195,529,25,8
15196,199,25,2
15197,639,25,6
15198,365,25,5
15199,378,25,10
15200,955,25,3
15201,410,25,6
15202,1104,25,10
15203,488,25,2
15204,503,25,2
15205,72,25,10
15206,330,25,2
15207,905,25,7
15208,474,25,5
15209,538,25,5
15210,1159,25,8
15211,1192,25,5
15212,432,25,3
15213,269,25,4
15214,249,25,5
15215,278,25,7
15216,388,25,1
15217,397,26,1
15218,1092,26,8
15219,733,26,2
15220,577,26,9
15221,1223,26,2
15222,314,26,5
15223,493,26,8
15224,927,26,6
15225,560,26,9
15226,88,26,1
15227,419,26,8
15228,434,26,3
15229,402,26,2
15230,1088,26,1
15231,451,26,1
15232,237,26,3
15233,539,26,8
15234,52,26,3
15235,1151,26,7
15236,629,26,4
15237,1104,26,10
15238,1215,26,8
15239,45,26,3
15240,1180,26,10
15241,1271,26,9
15242,54,26,6
15243,531,26,7
15244,1125,26,1
15245,773,26,5
15246,1103,26,6
15247,850,26,4
15248,918,26,6
15249,262,26,10
15250,155,26,10
15251,1243,26,6
15252,47,26,8
15253,229,26,7
15254,85,26,2
15255,308,26,1
15256,291,26,5
15257,769,26,1
15258,94,26,2
15259,737,26,10
15260,939,26,9
15261,117,26,8
15262,1170,26,2
15263,512,26,3
15264,920,26,7
15265,443,26,4
15266,82,26,2
15267,370,26,3
15268,104,26,8
15269,952,26,10
15270,330,26,9
15271,580,26,10
15272,1249,26,2
15273,365,26,5
15274,503,26,9
15275,815,26,7
15276,338,26,5
15277,312,26,8
15278,483,26,2
15279,384,26,3
15280,266,26,8
15281,969,26,5
15282,102,26,5
15283,407,26,3
15284,872,26,10
15285,210,26,4
15286,955,26,6
15287,1252,26,5
15288,222,26,1
15289,136,26,3
15290,166,26,1
15291,454,26,2
15292,352,26,4
15293,960,26,1
15294,667,26,7
15295,526,26,7
15296,620,26,9
15297,442,26,1
15298,405,26,8
15299,709,26,4
15300,111,26,8
15301,9,26,9
15302,7,26,4
15303,951,26,3
15304,668,26,5
15305,1269,26,7
15306,576,26,8
15307,240,26,1
15308,294,26,7
15309,100,26,1
15310,916,26,9
15311,521,26,1
15312,385,26,10
15313,92,26,9
15314,1112,26,10
15315,390,26,1
15316,1206,26,1
15317,353,26,3
15318,317,26,6
15319,613,26,10
15320,32,26,8
15321,809,26,7
15322,251,26,3
15323,418,26,4
15324,201,26,9
15325,71,26,7
15326,30,26,2
15327,670,26,4
15328,797,26,9
15329,827,26,3
15330,255,26,4
15331,963,26,3
15332,856,26,5
15333,720,26,3
15334,523,26,7
15335,452,26,5
15336,1173,26,5
15337,630,26,1
15338,497,26,6
15339,644,26,7
15340,1196,26,6
15341,377,26,8
15342,396,26,9
15343,541,26,3
15344,553,26,8
15345,1207,26,9
15346,6,26,5
15347,974,26,6
15348,460,26,7
15349,695,26,8
15350,261,26,10
15351,817,26,4
15352,416,26,8
15353,1075,26,5
15354,250,26,6
15355,559,26,9
15356,439,26,6
15357,1191,26,4
15358,1,26,4
15359,638,26,5
15360,14,26,2
15361,686,26,6
15362,1212,26,9
15363,333,26,7
15364,1142,26,3
15365,919,26,3
15366,1161,26,7
15367,545,26,10
15368,108,26,6
15369,550,26,2
15370,432,26,4
15371,484,26,10
15372,438,26,10
15373,721,26,2
15374,689,26,3
15375,1143,26,3
15376,1230,26,5
15377,1217,26,8
15378,1194,26,7
15379,494,26,4
15380,209,26,5
15381,843,26,4
15382,740,26,1
15383,1239,26,4
15384,150,26,3
15385,394,26,9
15386,942,26,8
15387,373,26,8
15388,956,26,3
15389,329,26,10
15390,1132,26,5
15391,1136,26,7
15392,605,26,5
15393,57,26,9
15394,107,26,9
15395,151,26,4
15396,823,26,3
15397,832,26,7
15398,279,26,5
15399,267,26,3
15400,764,26,1
15401,350,26,10
15402,241,26,9
15403,428,26,8
15404,1187,26,7
15405,499,26,10
15406,1177,26,3
15407,190,26,2
15408,818,26,6
15409,248,26,3
15410,811,26,5
15411,658,26,3
15412,833,26,4
15413,444,26,2
15414,1131,26,8
15415,1107,26,5
15416,486,26,10
15417,681,26,4
15418,855,26,7
15419,46,26,5
15420,380,26,10
15421,19,26,2
15422,236,26,1
15423,264,26,4
15424,834,26,2
15425,220,26,4
15426,431,26,7
15427,441,26,2
15428,704,26,1
15429,1204,26,6
15430,1192,26,1
15431,1265,26,1
15432,182,26,8
15433,230,26,10
15434,116,26,10
15435,191,26,8
15436,770,26,9
15437,1122,26,7
15438,1236,26,6
15439,243,26,10
15440,687,26,7
15441,1138,26,7
15442,119,26,6
15443,345,26,7
15444,218,26,2
15445,828,26,7
15446,413,26,7
15447,1188,26,2
15448,274,26,4
15449,520,26,8
15450,595,26,2
15451,412,26,6
15452,714,26,8
15453,1089,26,1
15454,302,26,7
15455,105,26,1
15456,915,26,7
15457,415,26,1
15458,822,26,10
15459,489,26,3
15460,471,26,3
15461,544,26,10
15462,208,26,1
15463,381,26,9
15464,1154,26,9
15465,964,26,9
15466,1186,26,7
15467,1260,26,6
15468,1123,26,2
15469,633,26,3
15470,473,26,7
15471,164,26,2
15472,118,26,9
15473,1214,26,10
15474,819,26,1
15475,435,26,1
15476,527,26,8
15477,1096,26,6
15478,485,26,5
15479,231,26,2
15480,932,26,10
15481,446,26,9
15482,708,26,5
15483,966,26,7
15484,323,26,2
15485,213,26,3
15486,759,26,3
15487,221,26,10
15488,258,26,2
15489,437,26,6
15490,1091,26,2
15491,318,26,10
15492,184,26,5
15493,715,26,2
15494,914,26,6
15495,675,26,4
15496,1202,26,9
15497,38,26,3
15498,530,26,8
15499,645,26,4
15500,775,26,10
15501,1193,26,8
15502,280,26,4
15503,688,26,10
15504,1155,26,5
15505,319,26,10
15506,205,26,10
15507,627,26,1
15508,429,26,9
15509,601,26,10
15510,585,26,7
15511,604,26,7
15512,194,26,10
15513,680,26,5
15514,619,26,5
15515,196,26,3
15516,637,26,3
15517,646,26,7
15518,322,26,6
15519,1105,26,10
15520,509,26,5
15521,181,26,10
15522,532,26,7
15523,647,26,5
15524,173,26,10
15525,50,26,7
15526,699,26,2
15527,198,26,5
15528,27,26,8
15529,22,26,9
15530,78,26,5
15531,1220,26,5
15532,574,26,6
15533,343,26,4
15534,1235,26,10
15535,1176,26,4
15536,189,26,5
15537,1100,26,8
15538,1111,26,3
15539,347,26,8
15540,326,26,10
15541,683,26,9
15542,477,26,2
15543,64,26,5
15544,253,26,7
15545,929,26,4
15546,1221,26,2
15547,349,26,9
15548,694,26,4
15549,1140,26,5
15550,950,26,10
15551,930,26,2
15552,433,26,5
15553,592,26,10
15554,1108,26,3
15555,727,26,2
15556,152,26,5
15557,468,26,1
15558,612,26,6
15559,74,26,4
15560,635,26,8
15561,884,26,2
15562,909,26,10
15563,472,26,8
15564,524,26,8
15565,374,26,10
15566,946,26,6
15567,324,26,1
15568,625,26,3
15569,1240,26,6
15570,367,26,3
15571,961,26,7
15572,552,26,3
15573,1250,26,7
15574,588,26,5
15575,634,26,3
15576,858,26,1
15577,735,26,10
15578,611,26,5
15579,355,26,9
15580,410,26,2
15581,549,26,3
15582,135,26,5
15583,200,26,10
15584,270,26,7
15585,277,26,4
15586,320,26,10
15587,479,26,7
15588,722,26,10
15589,176,26,8
15590,518,26,10
15591,83,26,2
15592,723,26,2
15593,1195,26,2
15594,293,26,2
15595,656,26,10
15596,724,26,5
15597,420,26,7
15598,563,26,6
15599,616,26,6
15600,403,26,1
15601,21,26,5
15602,765,26,3
15603,34,26,10
15604,1085,26,2
15605,971,26,9
15606,1171,26,2
15607,1157,26,2
15608,276,26,4
15609,762,26,7
15610,172,26,10
15611,263,26,10
15612,378,26,8
15613,507,26,2
15614,278,26,5
15615,603,26,4
15616,48,26,5
15617,572,26,2
15618,852,26,1
15619,134,26,3
15620,334,26,7
15621,68,26,8
15622,275,26,1
15623,700,26,6
15624,1208,26,4
15625,1224,26,7
15626,1203,26,4
15627,10,26,9
15628,597,26,3
15629,958,26,5
15630,1209,26,3
15631,761,26,9
15632,13,26,2
15633,514,26,5
15634,1178,26,1
15635,1179,26,10
15636,272,26,9
15637,617,26,8
15638,967,26,8
15639,90,26,1
15640,80,26,6
15641,227,26,10
15642,159,26,6
15643,212,26,7
15644,1189,26,5
15645,12,26,2
15646,436,26,1
15647,690,26,4
15648,28,26,3
15649,1248,26,10
15650,480,26,8
15651,583,26,7
15652,470,26,5
15653,660,26,1
15654,423,26,7
15655,469,26,1
15656,24,26,4
15657,490,26,5
15658,361,26,2
15659,360,26,5
15660,1095,26,1
15661,1128,26,10
15662,238,26,7
15663,296,26,1
15664,655,26,2
15665,234,26,6
15666,1237,26,4
15667,508,26,3
15668,810,26,3
15669,332,26,2
15670,354,26,7
15671,1139,26,2
15672,672,26,6
15673,447,26,5
15674,295,26,1
15675,1234,26,1
15676,157,26,4
15677,812,26,2
15678,1229,26,4
15679,693,26,5
15680,2,26,3
15681,519,26,8
15682,1199,26,5
15683,392,26,9
15684,1141,26,10
15685,303,26,2
15686,1152,26,3
15687,1156,26,4
15688,1169,26,6
15689,204,26,6
15690,1227,26,10
15691,89,26,7
15692,808,26,5
15693,1197,26,10
15694,1182,26,8
15695,743,26,2
15696,913,26,5
15697,578,26,9
15698,1246,26,4
15699,39,26,5
15700,510,26,6
15701,904,26,1
15702,409,26,9
15703,245,26,2
15704,79,26,9
15705,474,26,6
15706,335,26,8
15707,487,26,2
15708,183,26,5
15709,937,26,3
15710,841,26,7
15711,728,26,6
15712,615,26,7
15713,826,26,8
15714,457,26,3
15715,542,26,4
15716,1244,26,7
15717,538,26,2
15718,1163,26,6
15719,726,26,8
15720,461,26,5
15721,1218,26,1
15722,1175,26,4
15723,297,26,4
15724,623,26,9
15725,445,26,1
15726,600,26,3
15727,678,26,3
15728,226,26,3
15729,37,26,5
15730,755,26,3
15731,23,26,3
15732,912,26,4
15733,103,26,10
15734,813,26,3
15735,388,26,6
15736,168,26,6
15737,594,26,6
15738,696,26,5
15739,63,26,1
15740,199,26,7
15741,917,26,7
15742,875,26,9
15743,575,26,8
15744,1118,26,10
15745,174,26,5
15746,1213,26,2
15747,515,26,4
15748,110,26,4
15749,957,26,1
15750,379,26,2
15751,879,26,7
15752,292,26,9
15753,608,26,2
15754,16,26,7
15755,657,26,7
15756,254,26,6
15757,684,26,2
15758,1148,26,8
15759,316,26,6
15760,389,26,9
15761,632,26,7
15762,42,26,1
15763,931,26,1
15764,618,26,2
15765,697,26,5
15766,1166,26,10
15767,40,26,6
15768,522,26,2
15769,880,26,4
15770,589,26,4
15771,351,26,2
15772,65,26,3
15773,331,26,6
15774,758,26,2
15775,1233,26,7
15776,1201,26,9
15777,1094,26,5
15778,56,26,8
15779,301,26,7
15780,677,26,2
15781,228,26,1
15782,310,26,5
15783,290,26,6
15784,824,26,8
15785,1127,26,6
15786,1093,26,7
15787,1258,26,2
15788,734,26,5
15789,513,26,7
15790,163,26,7
15791,1183,26,9
15792,369,26,1
15793,346,26,3
15794,18,26,7
15795,348,26,1
15796,363,26,2
15797,1130,26,5
15798,195,26,2
15799,768,26,6
15800,846,26,2
15801,488,26,8
15802,968,26,8
15803,1153,26,8
15804,33,26,10
15805,1242,26,8
15806,599,26,9
15807,51,26,9
15808,282,26,1
15809,1129,26,9
15810,1110,26,3
15811,581,26,2
15812,1181,26,3
15813,281,26,1
15814,1109,26,3
15815,516,26,10
15816,1216,26,8
15817,99,26,7
15818,288,26,8
15819,207,26,6
15820,265,26,4
15821,464,26,10
15822,223,26,3
15823,341,26,8
15824,1115,26,7
15825,754,26,1
15826,325,26,5
15827,112,26,1
15828,391,26,9
15829,1267,26,5
15830,1124,26,6
15831,1247,26,6
15832,1164,26,5
15833,36,26,9
15834,67,26,3
15835,273,26,10
15836,934,26,4
15837,321,26,3
15838,406,26,7
15839,587,26,5
15840,1205,26,3
15841,29,26,5
15842,214,26,10
15843,4,26,7
15844,718,26,10
15845,217,26,6
15846,1257,26,7
15847,1263,26,1
15848,1145,26,7
15849,8,26,2
15850,372,26,9
15851,498,26,4
15852,15,26,5
15853,283,26,2
15854,854,26,3
15855,977,26,2
15856,685,26,8
15857,202,26,9
15858,906,26,3
15859,417,26,9
15860,692,26,1
15861,639,26,8
15862,453,26,8
15863,557,26,1
15864,586,26,1
15865,663,26,1
15866,492,26,3
15867,650,26,3
15868,511,26,9
15869,225,26,1
15870,556,26,2
15871,340,26,10
15872,1238,26,1
15873,713,26,10
15874,820,26,5
15875,1133,26,1
15876,772,26,4
15877,562,26,6
15878,609,26,8
15879,158,26,8
15880,462,26,7
15881,502,26,5
15882,336,26,2
15883,337,26,5
15884,653,26,8
15885,757,26,2
15886,763,26,1
15887,1251,26,6
15888,448,26,8
15889,506,26,10
15890,573,26,3
15891,98,26,9
15892,70,26,8
15893,1168,26,6
15894,269,26,10
15895,1086,26,10
15896,179,26,6
15897,425,26,9
15898,941,26,1
15899,242,26,10
15900,188,26,7
15901,58,26,2
15902,849,26,1
15903,640,26,2
15904,232,26,2
15905,555,26,1
15906,831,26,10
15907,66,26,6
15908,1259,26,2
15909,1150,26,6
15910,1167,26,10
15911,17,26,1
15912,564,26,3
15913,1116,26,8
15914,649,26,8
15915,701,26,3
15916,401,26,8
15917,954,26,2
15918,1185,26,6
15919,1256,26,10
15920,551,26,2
15921,35,26,10
15922,602,26,10
15923,651,26,10
15924,239,26,3
15925,607,26,3
15926,1165,26,2
15927,972,26,6
15928,327,26,8
15929,1126,26,6
15930,59,26,10
15931,186,26,4
15932,175,26,10
15933,853,26,4
15934,1266,26,6
15935,648,26,10
15936,614,26,7
15937,247,26,9
15938,753,26,5
15939,1184,26,5
15940,466,26,4
15941,774,26,8
15942,235,26,10
15943,211,26,2
15944,1106,26,6
15945,1119,26,8
15946,430,26,7
15947,1076,26,2
15948,610,26,4
15949,529,26,5
15950,756,26,9
15951,358,26,2
15952,671,26,1
15953,260,26,3
15954,665,26,9
15955,1211,26,6
15956,673,26,1
15957,55,26,10
15958,362,26,1
15959,908,26,2
15960,1114,26,9
15961,185,26,7
15962,948,26,2
15963,1219,26,9
15964,501,26,9
15965,96,26,8
15966,1278,26,4
15967,53,26,3
15968,938,26,10
15969,844,26,8
15970,1084,26,8
15971,300,26,7
15972,873,26,2
15973,414,26,8
15974,359,26,10
15975,1262,26,9
15976,193,26,4
15977,160,26,3
15978,1254,26,10
15979,156,26,2
15980,328,26,10
15981,1090,26,4
15982,69,26,9
15983,76,26,6
15984,845,26,1
15985,533,26,9
15986,965,26,4
15987,816,26,9
15988,829,26,3
15989,561,26,8
15990,504,26,5
15991,579,26,8
15992,496,26,1
15993,342,26,8
15994,165,26,8
15995,767,26,10
15996,97,26,1
15997,882,26,9
15998,959,26,2
15999,298,26,3
16000,857,26,10
16001,547,26,1
16002,1077,26,9
16003,505,26,9
16004,1261,26,8
16005,554,26,4
16006,679,26,3
16007,75,26,3
16008,233,26,8
16009,311,26,8
16010,546,26,1
16011,807,26,1
16012,106,26,3
16013,719,26,8
16014,1120,26,9
16015,192,26,2
16016,795,26,10
16017,482,26,1
16018,339,26,3
16019,284,26,6
16020,440,26,3
16021,1146,26,8
16022,386,26,1
16023,287,26,1
16024,95,26,10
16025,949,26,9
16026,590,26,5
16027,876,26,9
16028,1253,26,10
16029,744,26,10
16030,664,26,4
16031,970,26,1
16032,500,26,8
16033,936,26,5
16034,881,26,7
16035,825,26,10
16036,61,26,3
16037,285,26,8
16038,25,26,10
16039,424,26,1
16040,344,26,3
16041,584,26,3
16042,81,26,7
16043,368,26,10
16044,491,26,9
16045,1113,26,3
16046,742,26,6
16047,654,26,3
16048,91,26,7
16049,299,26,7
16050,268,26,8
16051,371,26,9
16052,49,26,5
16053,517,26,1
16054,591,26,3
16055,725,26,4
16056,1255,26,9
16057,682,26,1
16058,154,26,7
16059,215,26,6
16060,44,26,5
16061,161,26,8
16062,1228,26,9
16063,847,26,8
16064,1080,26,3
16065,674,26,7
16066,1162,26,7
16067,382,26,1
16068,669,26,7
16069,741,26,9
16070,760,26,5
16071,830,26,5
16072,306,26,4
16073,167,26,2
16074,1200,26,8
16075,1137,26,3
16076,87,26,10
16077,1147,26,3
16078,582,26,8
16079,219,26,4
16080,643,26,10
16081,976,26,10
16082,883,26,9
16083,398,26,2
16084,304,26,8
16085,149,26,1
16086,495,26,7
16087,387,26,3
16088,548,26,1
16089,26,26,8
16090,525,26,3
16091,1149,26,9
16092,1198,26,3
16093,659,26,4
16094,60,26,10
16095,1098,26,8
16096,315,26,8
16097,93,26,3
16098,945,26,2
16099,1135,26,9
16100,662,26,1
16101,1231,26,8
16102,1087,26,6
16103,536,26,3
16104,1134,26,3
16105,171,26,5
16106,458,26,8
16107,449,26,8
16108,178,26,8
16109,422,26,8
16110,393,26,6
16111,860,26,4
16112,1270,26,5
16113,375,26,10
16114,62,26,9
16115,626,26,7
16116,905,26,8
16117,11,26,3
16118,962,26,8
16119,975,26,1
16120,309,26,4
16121,257,26,6
16122,376,26,7
16123,598,26,7
16124,244,26,3
16125,364,26,1
16126,187,26,7
16127,535,26,3
16128,731,26,8
16129,953,26,3
16130,624,26,6
16131,593,26,3
16132,3,26,8
16133,408,26,8
16134,403,27,7
16135,348,27,10
16136,316,27,1
16137,454,27,6
16138,429,27,8
16139,35,27,1
16140,380,27,5
16141,1207,27,6
16142,964,27,1
16143,1269,27,9
16144,1140,27,4
16145,272,27,1
16146,261,27,7
16147,71,27,8
16148,157,27,2
16149,12,27,6
16150,458,27,8
16151,242,27,10
16152,1237,27,5
16153,530,27,4
16154,616,27,2
16155,92,27,4
16156,417,27,9
16157,362,27,9
16158,1256,27,7
16159,184,27,8
16160,753,27,1
16161,600,27,1
16162,562,27,10
16163,814,27,6
16164,1086,27,1
16165,607,27,6
16166,829,27,7
16167,726,27,3
16168,1114,27,1
16169,275,27,9
16170,668,27,6
16171,1201,27,8
16172,927,27,7
16173,918,27,10
16174,434,27,2
16175,67,27,3
16176,854,27,8
16177,11,27,7
16178,451,27,8
16179,931,27,5
16180,1180,27,2
16181,66,27,4
16182,264,27,8
16183,697,27,8
16184,325,27,6
16185,197,27,3
16186,1080,27,6
16187,185,27,4
16188,1189,27,1
16189,764,27,10
16190,42,27,7
16191,1088,27,3
16192,581,27,8
16193,559,27,6
16194,851,27,10
16195,373,27,8
16196,512,27,1
16197,164,27,9
16198,172,27,5
16199,78,27,6
16200,850,27,1
16201,358,27,2
16202,462,27,10
16203,699,27,8
16204,329,27,1
16205,8,27,2
16206,492,27,2
16207,1109,27,2
16208,393,27,4
16209,969,27,8
16210,257,27,1
16211,627,27,5
16212,1147,27,6
16213,378,27,6
16214,263,27,10
16215,415,27,9
16216,319,27,6
16217,224,27,4
16218,1191,27,2
16219,269,27,6
16220,433,27,6
16221,457,27,1
16222,286,27,1
16223,1258,27,5
16224,112,27,10
16225,97,27,4
16226,279,27,6
16227,504,27,9
16228,351,27,10
16229,254,27,6
16230,1194,27,1
16231,506,27,1
16232,882,27,4
16233,398,27,1
16234,1097,27,1
16235,712,27,3
16236,277,27,6
16237,720,27,10
16238,613,27,4
16239,841,27,1
16240,1169,27,5
16241,520,27,5
16242,323,27,2
16243,525,27,5
16244,880,27,4
16245,1233,27,1
16246,134,27,8
16247,916,27,8
16248,1156,27,3
16249,761,27,6
16250,612,27,3
16251,93,27,7
16252,69,27,8
16253,1111,27,3
16254,405,27,6
16255,810,27,9
16256,1157,27,4
16257,614,27,7
16258,846,27,9
16259,1252,27,7
16260,677,27,1
16261,62,27,5
16262,671,27,3
16263,207,27,9
16264,100,27,4
16265,297,27,4
16266,536,27,2
16267,828,27,10
16268,474,27,3
16269,538,27,3
16270,588,27,2
16271,204,27,8
16272,618,27,3
16273,307,27,4
16274,1121,27,9
16275,1130,27,8
16276,335,27,8
16277,827,27,8
16278,488,27,6
16279,448,27,2
16280,962,27,2
16281,544,27,2
16282,359,27,8
16283,1,27,5
16284,1145,27,3
16285,573,27,2
16286,473,27,10
16287,844,27,4
16288,202,27,8
16289,595,27,7
16290,1129,27,7
16291,624,27,5
16292,44,27,9
16293,479,27,7
16294,262,27,8
16295,5,27,7
16296,190,27,10
16297,617,27,7
16298,700,27,8
16299,21,27,8
16300,490,27,10
16301,159,27,10
16302,328,27,10
16303,1204,27,5
16304,602,27,2
16305,1108,27,4
16306,1161,27,7
16307,692,27,5
16308,331,27,4
16309,1178,27,10
16310,212,27,6
16311,425,27,2
16312,1144,27,9
16313,1215,27,2
16314,1149,27,1
16315,39,27,2
16316,186,27,7
16317,341,27,9
16318,89,27,6
16319,1116,27,3
16320,81,27,4
16321,395,27,9
16322,271,27,9
16323,757,27,2
16324,350,27,7
16325,547,27,6
16326,102,27,5
16327,872,27,1
16328,116,27,1
16329,843,27,7
16330,173,27,4
16331,4,27,4
16332,421,27,10
16333,658,27,4
16334,22,27,1
16335,816,27,2
16336,1239,27,2
16337,412,27,6
16338,623,27,4
16339,1263,27,8
16340,541,27,7
16341,68,27,7
16342,291,27,2
16343,725,27,3
16344,513,27,9
16345,503,27,8
16346,1106,27,3
16347,309,27,6
16348,1217,27,8
16349,743,27,9
16350,1214,27,1
16351,515,27,5
16352,592,27,8
16353,1158,27,4
16354,575,27,10
16355,661,27,1
16356,1181,27,10
16357,949,27,5
16358,732,27,9
16359,907,27,9
16360,232,27,2
16361,914,27,1
16362,1188,27,8
16363,847,27,2
16364,591,27,9
16365,400,27,6
16366,675,27,1
16367,583,27,5
16368,1248,27,1
16369,418,27,8
16370,1209,27,1
16371,1155,27,8
16372,676,27,10
16373,555,27,1
16374,701,27,5
16375,1133,27,10
16376,577,27,4
16377,219,27,9
16378,952,27,8
16379,281,27,1
16380,30,27,1
16381,737,27,2
16382,48,27,5
16383,200,27,2
16384,510,27,1
16385,730,27,6
16386,149,27,2
16387,505,27,5
16388,1199,27,9
16389,442,27,10
16390,856,27,9
16391,797,27,5
16392,178,27,9
16393,317,27,4
16394,772,27,9
16395,1103,27,1
16396,1098,27,9
16397,709,27,6
16398,649,27,3
16399,289,27,1
16400,293,27,5
16401,180,27,7
16402,321,27,9
16403,735,27,10
16404,251,27,3
16405,817,27,7
16406,165,27,8
16407,477,27,4
16408,51,27,7
16409,598,27,10
16410,26,27,7
16411,295,27,9
16412,1087,27,6
16413,883,27,10
16414,1200,27,6
16415,695,27,6
16416,41,27,4
16417,327,27,3
16418,397,27,8
16419,206,27,10
16420,974,27,8
16421,967,27,1
16422,237,27,10
16423,556,27,8
16424,563,27,10
16425,430,27,2
16426,1092,27,5
16427,56,27,4
16428,201,27,8
16429,364,27,9
16430,487,27,10
16431,409,27,3
16432,355,27,8
16433,221,27,4
16434,724,27,4
16435,646,27,5
16436,239,27,2
16437,578,27,6
16438,24,27,9
16439,608,27,9
16440,1251,27,5
16441,875,27,8
16442,416,27,3
16443,601,27,4
16444,166,27,1
16445,958,27,3
16446,236,27,1
16447,150,27,6
16448,1170,27,9
16449,664,27,2
16450,422,27,3
16451,77,27,6
16452,679,27,9
16453,394,27,2
16454,482,27,6
16455,182,27,2
16456,819,27,9
16457,74,27,6
16458,283,27,1
16459,214,27,7
16460,1261,27,3
16461,435,27,5
16462,337,27,3
16463,660,27,4
16464,99,27,9
16465,928,27,1
16466,509,27,9
16467,826,27,3
16468,1187,27,5
16469,744,27,3
16470,1196,27,4
16471,1120,27,7
16472,80,27,4
16473,1229,27,7
16474,832,27,4
16475,9,27,4
16476,734,27,6
16477,406,27,1
16478,167,27,8
16479,464,27,6
16480,443,27,7
16481,302,27,5
16482,444,27,10
16483,767,27,1
16484,314,27,3
16485,1228,27,7
16486,561,27,7
16487,637,27,4
16488,233,27,3
16489,336,27,2
16490,154,27,4
16491,936,27,5
16492,619,27,3
16493,1223,27,1
16494,305,27,7
16495,414,27,7
16496,330,27,1
16497,696,27,2
16498,213,27,3
16499,60,27,8
16500,741,27,9
16501,88,27,4
16502,519,27,10
16503,643,27,3
16504,267,27,10
16505,645,27,9
16506,108,27,9
16507,545,27,2
16508,879,27,8
16509,830,27,6
16510,424,27,3
16511,1211,27,5
16512,276,27,4
16513,478,27,7
16514,1168,27,5
16515,349,27,7
16516,808,27,9
16517,815,27,8
16518,516,27,9
16519,1238,27,4
16520,1105,27,4
16521,713,27,3
16522,1134,27,4
16523,439,27,4
16524,1163,27,6
16525,904,27,6
16526,229,27,6
16527,1245,27,1
16528,774,27,1
16529,244,27,10
16530,280,27,4
16531,511,27,7
16532,704,27,7
16533,1230,27,7
16534,365,27,1
16535,199,27,3
16536,1197,27,8
16537,934,27,4
16538,304,27,5
16539,83,27,9
16540,673,27,4
16541,228,27,2
16542,1119,27,8
16543,76,27,10
16544,153,27,4
16545,361,27,7
16546,191,27,8
16547,590,27,2
16548,913,27,1
16549,836,27,6
16550,381,27,2
16551,217,27,2
16552,1110,27,6
16553,593,27,8
16554,34,27,9
16555,853,27,2
16556,14,27,4
16557,654,27,9
16558,1206,27,5
16559,773,27,6
16560,215,27,8
16561,722,27,6
16562,79,27,8
16563,551,27,6
16564,529,27,2
16565,586,27,3
16566,1190,27,6
16567,1205,27,7
16568,738,27,9
16569,82,27,1
16570,1084,27,7
16571,688,27,5
16572,929,27,6
16573,860,27,1
16574,496,27,3
16575,535,27,1
16576,642,27,2
16577,522,27,10
16578,13,27,8
16579,15,27,1
16580,507,27,6
16581,574,27,8
16582,647,27,4
16583,234,27,5
16584,557,27,4
16585,369,27,6
16586,686,27,2
16587,911,27,6
16588,905,27,10
16589,282,27,3
16590,629,27,9
16591,95,27,9
16592,371,27,10
16593,96,27,5
16594,855,27,3
16595,609,27,1
16596,1146,27,9
16597,453,27,5
16598,1271,27,7
16599,1247,27,2
16600,110,27,8
16601,1195,27,8
16602,318,27,3
16603,10,27,10
16604,1172,27,9
16605,1173,27,3
16606,256,27,5
16607,432,27,2
16608,388,27,9
16609,542,27,7
16610,19,27,6
16611,655,27,4
16612,396,27,9
16613,274,27,4
16614,1254,27,7
16615,672,27,1
16616,582,27,7
16617,1096,27,6
16618,920,27,3
16619,825,27,4
16620,368,27,10
16621,965,27,9
16622,446,27,5
16623,1090,27,2
16624,533,27,1
16625,857,27,2
16626,762,27,2
16627,1112,27,9
16628,151,27,5
16629,768,27,5
16630,36,27,10
16631,220,27,2
16632,665,27,6
16633,222,27,1
16634,1259,27,9
16635,58,27,6
16636,28,27,8
16637,268,27,10
16638,540,27,10
16639,45,27,10
16640,728,27,5
16641,640,27,9
16642,1093,27,9
16643,953,27,5
16644,303,27,7
16645,37,27,10
16646,531,27,2
16647,168,27,4
16648,1128,27,9
16649,852,27,8
16650,72,27,6
16651,246,27,4
16652,253,27,5
16653,666,27,10
16654,685,27,10
16655,1183,27,8
16656,908,27,3
16657,831,27,5
16658,708,27,7
16659,1186,27,9
16660,1231,27,1
16661,727,27,2
16662,1137,27,8
16663,653,27,5
16664,372,27,8
16665,258,27,2
16666,1176,27,4
16667,43,27,8
16668,1218,27,10
16669,344,27,10
16670,1177,27,1
16671,834,27,2
16672,436,27,5
16673,963,27,1
16674,589,27,6
16675,437,27,2
16676,357,27,8
16677,1246,27,1
16678,333,27,4
16679,858,27,2
16680,733,27,9
16681,413,27,3
16682,345,27,7
16683,52,27,8
16684,230,27,2
16685,795,27,3
16686,33,27,4
16687,163,27,10
16688,401,27,1
16689,340,27,3
16690,107,27,3
16691,183,27,5
16692,941,27,10
16693,423,27,7
16694,342,27,9
16695,669,27,7
16696,1159,27,6
16697,611,27,9
16698,73,27,5
16699,752,27,5
16700,360,27,4
16701,203,27,1
16702,873,27,3
16703,1085,27,6
16704,1202,27,1
16705,977,27,2
16706,84,27,6
16707,560,27,5
16708,1174,27,7
16709,481,27,2
16710,247,27,9
16711,1094,27,10
16712,32,27,9
16713,194,27,7
16714,420,27,6
16715,956,27,5
16716,818,27,2
16717,460,27,7
16718,7,27,5
16719,240,27,6
16720,347,27,10
16721,241,27,4
16722,502,27,5
16723,521,27,2
16724,775,27,1
16725,1127,27,9
16726,17,27,1
16727,596,27,1
16728,447,27,1
16729,1143,27,2
16730,6,27,5
16731,683,27,6
16732,493,27,9
16733,171,27,8
16734,1076,27,5
16735,390,27,3
16736,833,27,4
16737,966,27,1
16738,1244,27,7
16739,1243,27,8
16740,1221,27,4
16741,971,27,7
16742,970,27,3
16743,170,27,6
16744,189,27,3
16745,135,27,6
16746,356,27,6
16747,1264,27,1
16748,320,27,1
16749,376,27,4
16750,1153,27,5
16751,486,27,3
16752,438,27,1
16753,389,27,10
16754,301,27,9
16755,238,27,2
16756,379,27,10
16757,248,27,2
16758,597,27,9
16759,1135,27,9
16760,1225,27,6
16761,407,27,5
16762,849,27,2
16763,759,27,8
16764,465,27,10
16765,610,27,2
16766,659,27,10
16767,1213,27,6
16768,85,27,10
16769,16,27,10
16770,572,27,4
16771,689,27,8
16772,1234,27,8
16773,930,27,1
16774,731,27,2
16775,392,27,3
16776,959,27,8
16777,1167,27,3
16778,1075,27,4
16779,25,27,10
16780,288,27,9
16781,338,27,6
16782,1175,27,5
16783,1250,27,1
16784,543,27,1
16785,370,27,5
16786,292,27,3
16787,1139,27,5
16788,352,27,7
16789,652,27,2
16790,98,27,3
16791,287,27,6
16792,179,27,3
16793,693,27,8
16794,160,27,1
16795,235,27,6
16796,270,27,3
16797,760,27,7
16798,385,27,10
16799,1182,27,4
16800,648,27,5
16801,755,27,3
16802,469,27,10
16803,1154,27,4
16804,705,27,5
16805,315,27,3
16806,156,27,10
16807,765,27,7
16808,300,27,9
16809,630,27,2
16810,954,27,6
16811,324,27,1
16812,402,27,4
16813,576,27,1
16814,176,27,5
16815,353,27,10
16816,634,27,5
16817,690,27,8
16818,1171,27,2
16819,942,27,4
16820,620,27,2
16821,948,27,1
16822,285,27,4
16823,59,27,8
16824,497,27,8
16825,813,27,1
16826,494,27,2
16827,1131,27,3
16828,1235,27,2
16829,670,27,4
16830,419,27,2
16831,715,27,3
16832,386,27,3
16833,354,27,6
16834,906,27,4
16835,103,27,2
16836,158,27,9
16837,912,27,7
16838,758,27,8
16839,667,27,2
16840,1241,27,7
16841,1253,27,3
16842,208,27,5
16843,162,27,3
16844,326,27,5
16845,408,27,9
16846,534,27,8
16847,1278,27,5
16848,523,27,4
16849,580,27,4
16850,1179,27,9
16851,1255,27,5
16852,517,27,4
16853,367,27,4
16854,721,27,6
16855,2,27,5
16856,452,27,3
16857,524,27,3
16858,678,27,6
16859,1150,27,9
16860,723,27,2
16861,231,27,6
16862,181,27,8
16863,1132,27,6
16864,250,27,3
16865,40,27,4
16866,770,27,1
16867,809,27,4
16868,105,27,3
16869,1222,27,9
16870,375,27,6
16871,508,27,6
16872,29,27,1
16873,951,27,2
16874,382,27,8
16875,821,27,6
16876,106,27,10
16877,87,27,2
16878,339,27,7
16879,332,27,1
16880,1142,27,4
16881,265,27,5
16882,823,27,3
16883,682,27,5
16884,1249,27,7
16885,211,27,6
16886,187,27,3
16887,1151,27,7
16888,973,27,3
16889,539,27,6
16890,136,27,7
16891,290,27,6
16892,306,27,5
16893,1224,27,2
16894,470,27,3
16895,514,27,4
16896,975,27,7
16897,216,27,4
16898,961,27,8
16899,1242,27,5
16900,472,27,8
16901,706,27,3
16902,1160,27,3
16903,554,27,4
16904,812,27,6
16905,294,27,2
16906,38,27,7
16907,1107,27,4
16908,546,27,7
16909,950,27,10
16910,296,27,5
16911,550,27,8
16912,663,27,10
16913,440,27,1
16914,322,27,9
16915,94,27,10
16916,377,27,10
16917,205,27,4
16918,1185,27,9
16919,193,27,6
16920,209,27,2
16921,498,27,4
16922,585,27,4
16923,192,27,10
16924,225,27,3
16925,118,27,6
16926,31,27,1
16927,694,27,3
16928,1236,27,3
16929,399,27,1
16930,501,27,3
16931,447,28,3
16932,647,28,1
16933,718,28,5
16934,644,28,6
16935,856,28,1
16936,196,28,10
16937,14,28,3
16938,737,28,10
16939,963,28,1
16940,709,28,7
16941,56,28,3
16942,26,28,5
16943,379,28,9
16944,161,28,3
16945,809,28,1
16946,85,28,5
16947,653,28,2
16948,220,28,3
16949,304,28,9
16950,69,28,2
16951,206,28,1
16952,155,28,7
16953,334,28,9
16954,547,28,9
16955,8,28,9
16956,1219,28,2
16957,1154,28,3
16958,230,28,9
16959,410,28,2
16960,218,28,8
16961,177,28,1
16962,67,28,1
16963,656,28,2
16964,631,28,4
16965,539,28,7
16966,1126,28,4
16967,382,28,8
16968,508,28,2
16969,554,28,1
16970,1239,28,7
16971,369,28,2
16972,337,28,4
16973,5,28,4
16974,1150,28,5
16975,594,28,2
16976,768,28,3
16977,243,28,3
16978,356,28,7
16979,1147,28,6
16980,47,28,9
16981,1086,28,1
16982,824,28,9
16983,1236,28,3
16984,876,28,6
16985,763,28,5
16986,645,28,6
16987,521,28,9
16988,164,28,1
16989,740,28,6
16990,462,28,2
16991,171,28,8
16992,99,28,2
16993,3,28,4
16994,324,28,1
16995,391,28,1
16996,658,28,5
16997,1228,28,9
16998,222,28,9
16999,63,28,9
17000,149,28,9
17001,7,28,8
17002,1145,28,1
17003,27,28,2
17004,664,28,8
17005,1207,28,9
17006,1227,28,4
17007,460,28,5
17008,281,28,5
17009,135,28,3
17010,650,28,8
17011,920,28,2
17012,411,28,9
17013,1137,28,8
17014,905,28,8
17015,912,28,3
17016,1225,28,7
17017,358,28,8
17018,419,28,7
17019,24,28,5
17020,1173,28,5
17021,1,28,5
17022,683,28,8
17023,439,28,3
17024,407,28,4
17025,331,28,9
17026,338,28,7
17027,98,28,2
17028,381,28,8
17029,400,28,3
17030,618,28,10
17031,542,28,3
17032,974,28,8
17033,501,28,1
17034,1257,28,6
17035,162,28,9
17036,342,28,7
17037,930,28,4
17038,519,28,9
17039,1254,28,8
17040,1214,28,8
17041,428,28,10
17042,881,28,5
17043,1261,28,9
17044,119,28,3
17045,274,28,5
17046,1162,28,2
17047,1105,28,8
17048,517,28,6
17049,307,28,2
17050,423,28,10
17051,714,28,5
17052,700,28,7
17053,620,28,2
17054,832,28,9
17055,436,28,8
17056,64,28,3
17057,945,28,2
17058,583,28,4
17059,754,28,1
17060,674,28,3
17061,285,28,4
17062,735,28,10
17063,907,28,5
17064,605,28,8
17065,936,28,10
17066,850,28,4
17067,1192,28,2
17068,223,28,8
17069,1181,28,9
17070,1232,28,3
17071,395,28,8
17072,732,28,7
17073,973,28,5
17074,249,28,5
17075,967,28,9
17076,228,28,4
17077,515,28,4
17078,207,28,8
17079,679,28,8
17080,25,28,8
17081,941,28,2
17082,691,28,6
17083,380,28,1
17084,79,28,7
17085,696,28,3
17086,1250,28,4
17087,588,28,5
17088,46,28,7
17089,62,28,1
17090,93,28,6
17091,504,28,5
17092,97,28,5
17093,1155,28,1
17094,297,28,8
17095,531,28,10
17096,816,28,9
17097,1165,28,5
17098,1127,28,2
17099,817,28,7
17100,831,28,3
17101,559,28,4
17102,296,28,7
17103,236,28,1
17104,676,28,3
17105,1220,28,4
17106,774,28,5
17107,420,28,5
17108,623,28,10
17109,267,28,4
17110,949,28,5
17111,1094,28,5
17112,95,28,2
17113,1109,28,2
17114,524,28,9
17115,1184,28,7
17116,269,28,6
17117,672,28,5
17118,318,28,1
17119,1097,28,1
17120,219,28,6
17121,810,28,1
17122,1119,28,4
17123,156,28,8
17124,1278,28,4
17125,278,28,10
17126,819,28,1
17127,939,28,10
17128,513,28,6
17129,347,28,3
17130,597,28,6
17131,48,28,5
17132,1270,28,8
17133,648,28,8
17134,199,28,10
17135,276,28,4
17136,616,28,5
17137,288,28,3
17138,723,28,5
17139,250,28,5
17140,976,28,7
17141,600,28,9
17142,880,28,7
17143,65,28,10
17144,836,28,6
17145,1170,28,10
17146,192,28,6
17147,306,28,7
17148,505,28,10
17149,173,28,1
17150,1122,28,6
17151,675,28,5
17152,720,28,8
17153,525,28,9
17154,1177,28,9
17155,1133,28,6
17156,305,28,3
17157,753,28,6
17158,503,28,10
17159,624,28,8
17160,975,28,3
17161,34,28,6
17162,33,28,4
17163,931,28,9
17164,186,28,5
17165,367,28,2
17166,212,28,2
17167,176,28,6
17168,227,28,1
17169,506,28,4
17170,1121,28,4
17171,965,28,7
17172,1199,28,7
17173,168,28,5
17174,237,28,2
17175,461,28,5
17176,361,28,7
17177,1230,28,7
17178,37,28,9
17179,73,28,6
17180,430,28,10
17181,529,28,10
17182,834,28,5
17183,360,28,9
17184,584,28,4
17185,286,28,5
17186,527,28,7
17187,752,28,1
17188,916,28,10
17189,938,28,2
17190,1251,28,2
17191,825,28,4
17192,677,28,2
17193,42,28,7
17194,87,28,3
17195,453,28,5
17196,248,28,8
17197,1148,28,2
17198,826,28,5
17199,433,28,8
17200,951,28,7
17201,312,28,10
17202,1271,28,2
17203,21,28,8
17204,538,28,2
17205,556,28,8
17206,239,28,1
17207,359,28,2
17208,764,28,2
17209,977,28,5
17210,954,28,1
17211,204,28,4
17212,549,28,2
17213,13,28,4
17214,327,28,6
17215,589,28,9
17216,1160,28,10
17217,1077,28,3
17218,937,28,10
17219,1264,28,10
17220,172,28,4
17221,355,28,10
17222,1076,28,2
17223,958,28,3
17224,417,28,10
17225,1095,28,10
17226,962,28,8
17227,315,28,1
17228,1205,28,3
17229,582,28,1
17230,1249,28,5
17231,576,28,1
17232,952,28,6
17233,1190,28,9
17234,302,28,7
17235,424,28,7
17236,761,28,4
17237,1099,28,5
17238,60,28,8
17239,350,28,2
17240,110,28,2
17241,446,28,3
17242,437,28,7
17243,851,28,8
17244,688,28,1
17245,340,28,5
17246,911,28,8
17247,1252,28,7
17248,154,28,8
17249,956,28,10
17250,445,28,9
17251,796,28,10
17252,309,28,1
17253,927,28,3
17254,523,28,7
17255,909,28,2
17256,321,28,3
17257,970,28,2
17258,1112,28,6
17259,704,28,8
17260,298,28,1
17261,1110,28,2
17262,195,28,6
17263,348,28,5
17264,254,28,10
17265,330,28,4
17266,49,28,7
17267,372,28,10
17268,1085,28,10
17269,822,28,3
17270,550,28,9
17271,76,28,6
17272,743,28,4
17273,755,28,3
17274,1246,28,9
17275,483,28,5
17276,313,28,2
17277,441,28,5
17278,1253,28,5
17279,1151,28,6
17280,655,28,10
17281,490,28,4
17282,775,28,9
17283,1158,28,4
17284,32,28,3
17285,30,28,2
17286,209,28,3
17287,516,28,2
17288,163,28,1
17289,224,28,9
17290,402,28,6
17291,53,28,7
17292,665,28,6
17293,1088,28,9
17294,366,28,4
17295,385,28,2
17296,1247,28,4
17297,1203,28,5
17298,151,28,1
17299,957,28,6
17300,55,28,4
17301,1098,28,2
17302,1139,28,10
17303,854,28,1
17304,929,28,9
17305,858,28,8
17306,950,28,4
17307,105,28,9
17308,210,28,1
17309,232,28,3
17310,203,28,8
17311,760,28,9
17312,552,28,4
17313,336,28,3
17314,1221,28,8
17315,325,28,9
17316,514,28,10
17317,812,28,6
17318,964,28,1
17319,731,28,9
17320,346,28,1
17321,499,28,6
17322,1217,28,10
17323,948,28,3
17324,1091,28,7
17325,966,28,9
17326,681,28,9
17327,759,28,6
17328,77,28,7
17329,1244,28,10
17330,4,28,9
17331,185,28,6
17332,1182,28,2
17333,488,28,6
17334,383,28,2
17335,231,28,9
17336,1191,28,10
17337,544,28,8
17338,1240,28,9
17339,633,28,2
17340,432,28,6
17341,627,28,10
17342,226,28,10
17343,253,28,6
17344,770,28,2
17345,280,28,10
17346,699,28,5
17347,190,28,1
17348,578,28,10
17349,183,28,9
17350,191,28,10
17351,100,28,8
17352,213,28,10
17353,940,28,6
17354,678,28,4
17355,74,28,10
17356,1215,28,5
17357,697,28,1
17358,660,28,6
17359,654,28,8
17360,289,28,5
17361,813,28,4
17362,844,28,8
17363,266,28,7
17364,852,28,8
17365,1149,28,5
17366,669,28,2
17367,502,28,2
17368,194,28,9
17369,474,28,7
17370,1113,28,9
17371,165,28,8
17372,470,28,9
17373,1256,28,5
17374,112,28,2
17375,159,28,2
17376,727,28,4
17377,429,28,5
17378,376,28,2
17379,454,28,8
17380,585,28,10
17381,652,28,7
17382,695,28,4
17383,260,28,10
17384,394,28,3
17385,833,28,1
17386,795,28,10
17387,451,28,7
17388,857,28,7
17389,719,28,1
17390,615,28,8
17391,317,28,1
17392,90,28,5
17393,910,28,3
17394,1156,28,10
17395,1213,28,5
17396,1202,28,3
17397,494,28,8
17398,188,28,2
17399,879,28,8
17400,103,28,3
17401,109,28,10
17402,1243,28,3
17403,1262,28,9
17404,1265,28,5
17405,1179,28,4
17406,953,28,2
17407,471,28,10
17408,955,28,4
17409,104,28,9
17410,607,28,10
17411,603,28,10
17412,1201,28,5
17413,20,28,1
17414,1144,28,6
17415,57,28,2
17416,609,28,1
17417,421,28,4
17418,873,28,9
17419,915,28,8
17420,1168,28,3
17421,1185,28,4
17422,1167,28,3
17423,370,28,6
17424,533,28,9
17425,932,28,7
17426,61,28,7
17427,685,28,7
17428,316,28,6
17429,364,28,5
17430,214,28,10
17431,671,28,8
17432,134,28,2
17433,265,28,1
17434,387,28,3
17435,1171,28,7
17436,601,28,5
17437,363,28,6
17438,66,28,10
17439,216,28,1
17440,496,28,8
17441,705,28,1
17442,734,28,3
17443,221,28,4
17444,827,28,8
17445,1183,28,3
17446,608,28,1
17447,1166,28,8
17448,301,28,5
17449,41,28,8
17450,814,28,2
17451,341,28,9
17452,322,28,7
17453,722,28,4
17454,659,28,3
17455,262,28,3
17456,43,28,4
17457,283,28,9
17458,744,28,4
17459,726,28,7
17460,54,28,9
17461,541,28,10
17462,201,28,5
17463,82,28,8
17464,247,28,4
17465,828,28,6
17466,238,28,9
17467,498,28,8
17468,765,28,4
17469,630,28,6
17470,563,28,3
17471,193,28,10
17472,245,28,3
17473,730,28,3
17474,1172,28,3
17475,572,28,9
17476,486,28,5
17477,617,28,8
17478,166,28,1
17479,2,28,1
17480,16,28,8
17481,377,28,3
17482,1186,28,9
17483,335,28,8
17484,78,28,9
17485,845,28,8
17486,686,28,7
17487,553,28,6
17488,738,29,1
17489,1224,29,6
17490,497,29,9
17491,386,29,2
17492,18,29,6
17493,1243,29,8
17494,602,29,3
17495,754,29,7
17496,91,29,5
17497,79,29,10
17498,53,29,6
17499,1117,29,1
17500,473,29,2
17501,522,29,8
17502,435,29,2
17503,198,29,8
17504,685,29,3
17505,816,29,3
17506,319,29,6
17507,1121,29,8
17508,1160,29,9
17509,1252,29,10
17510,523,29,5
17511,365,29,7
17512,1196,29,6
17513,487,29,8
17514,451,29,3
17515,350,29,10
17516,274,29,5
17517,378,29,4
17518,593,29,6
17519,539,29,2
17520,470,29,7
17521,640,29,3
17522,499,29,9
17523,431,29,6
17524,224,29,7
17525,1086,29,1
17526,612,29,6
17527,1180,29,8
17528,432,29,4
17529,660,29,1
17530,29,29,9
17531,190,29,1
17532,80,29,9
17533,1184,29,7
17534,531,29,9
17535,1206,29,9
17536,1263,29,9
17537,690,29,5
17538,117,29,3
17539,645,29,1
17540,404,29,6
17541,176,29,7
17542,384,29,5
17543,796,29,8
17544,961,29,1
17545,679,29,7
17546,205,29,10
17547,297,29,2
17548,532,29,5
17549,24,29,10
17550,301,29,3
17551,99,29,10
17552,757,29,7
17553,1225,29,6
17554,550,29,5
17555,344,29,7
17556,1192,29,6
17557,280,29,3
17558,826,29,10
17559,199,29,8
17560,1095,29,8
17561,542,29,9
17562,551,29,6
17563,2,29,2
17564,336,29,7
17565,63,29,2
17566,64,29,2
17567,1150,29,4
17568,191,29,10
17569,21,29,9
17570,726,29,9
17571,917,29,7
17572,967,29,10
17573,89,29,2
17574,233,29,7
17575,28,29,4
17576,530,29,1
17577,1158,29,7
17578,436,29,1
17579,334,29,10
17580,441,29,5
17581,770,29,7
17582,832,29,5
17583,437,29,5
17584,631,29,1
17585,534,29,6
17586,1125,29,5
17587,283,29,2
17588,83,29,6
17589,914,29,10
17590,1138,29,10
17591,1176,29,8
17592,491,29,8
17593,910,29,1
17594,477,29,10
17595,51,29,4
17596,281,29,10
17597,573,29,2
17598,300,29,10
17599,1198,29,8
17600,494,29,7
17601,351,29,3
17602,85,29,7
17603,1080,29,10
17604,1234,29,8
17605,652,29,10
17606,815,29,6
17607,424,29,10
17608,235,29,7
17609,972,29,7
17610,420,29,8
17611,1258,29,8
17612,507,29,3
17613,81,29,9
17614,468,29,8
17615,957,29,5
17616,411,29,8
17617,1244,29,7
17618,217,29,3
17619,377,29,1
17620,462,29,9
17621,939,29,3
17622,678,29,8
17623,769,29,3
17624,760,29,4
17625,1075,29,5
17626,304,29,2
17627,559,29,4
17628,358,29,6
17629,1097,29,9
17630,94,29,5
17631,76,29,6
17632,173,29,2
17633,935,29,5
17634,307,29,5
17635,1092,29,10
17636,755,29,7
17637,155,29,9
17638,356,29,7
17639,98,29,2
17640,547,29,1
17641,486,29,7
17642,65,29,9
17643,174,29,5
17644,743,29,9
17645,290,29,7
17646,1183,29,2
17647,170,29,8
17648,734,29,4
17649,1084,29,4
17650,1193,29,10
17651,439,29,7
17652,545,29,6
17653,588,29,2
17654,1179,29,6
17655,1154,29,9
17656,1265,29,4
17657,333,29,10
17658,1104,29,10
17659,5,29,5
17660,1191,29,1
17661,188,29,2
17662,689,29,8
17663,1242,29,2
17664,920,29,2
17665,909,29,7
17666,936,29,4
17667,1159,29,3
17668,353,29,5
17669,184,29,7
17670,1130,29,7
17671,1216,29,10
17672,31,29,5
17673,968,29,5
17674,10,29,7
17675,1278,29,10
17676,1202,29,2
17677,860,29,9
17678,373,29,1
17679,518,29,5
17680,700,29,7
17681,119,29,2
17682,376,29,10
17683,270,29,8
17684,772,29,8
17685,149,29,9
17686,72,29,10
17687,269,29,1
17688,291,29,3
17689,295,29,4
17690,528,29,8
17691,658,29,10
17692,817,29,9
17693,1168,29,1
17694,221,29,10
17695,918,29,8
17696,104,29,3
17697,1129,29,9
17698,299,29,5
17699,1115,29,7
17700,368,29,4
17701,682,29,8
17702,1109,29,5
17703,820,29,5
17704,846,29,7
17705,687,29,6
17706,316,29,4
17707,719,29,9
17708,220,29,1
17709,618,29,9
17710,1112,29,5
17711,600,29,1
17712,1146,29,8
17713,74,29,4
17714,172,29,8
17715,1170,29,6
17716,337,29,8
17717,632,29,3
17718,93,29,1
17719,586,29,10
17720,911,29,10
17721,855,29,5
17722,265,29,7
17723,733,29,3
17724,942,29,3
17725,879,29,9
17726,1128,29,10
17727,673,29,9
17728,55,29,8
17729,1187,29,6
17730,282,29,2
17731,118,29,8
17732,544,29,3
17733,637,29,3
17734,1090,29,3
17735,11,29,9
17736,841,29,8
17737,661,29,2
17738,472,29,10
17739,557,29,8
17740,189,29,1
17741,744,29,5
17742,758,29,6
17743,812,29,6
17744,474,29,5
17745,649,29,3
17746,814,29,9
17747,610,29,2
17748,1194,29,4
17749,1218,29,6
17750,564,29,6
17751,194,29,10
17752,359,29,1
17753,412,29,5
17754,186,29,9
17755,1211,29,1
17756,1142,29,9
17757,17,29,1
17758,263,29,8
17759,642,29,2
17760,414,29,4
17761,589,29,5
17762,54,29,9
17763,418,29,6
17764,392,29,3
17765,68,29,4
17766,363,29,9
17767,1076,29,2
17768,619,29,3
17769,302,29,3
17770,694,29,5
17771,506,29,1
17772,1181,29,4
17773,71,29,1
17774,90,29,3
17775,561,29,5
17776,964,29,6
17777,560,29,3
17778,554,29,5
17779,444,29,10
17780,742,29,7
17781,401,29,5
17782,228,29,3
17783,321,29,5
17784,96,29,6
17785,563,29,3
17786,32,29,2
17787,164,29,9
17788,836,29,5
17789,945,29,1
17790,1131,29,4
17791,655,29,6
17792,764,29,2
17793,1145,29,3
17794,423,29,9
17795,580,29,4
17796,1250,29,9
17797,452,29,9
17798,1220,29,5
17799,73,29,9
17800,873,29,9
17801,904,29,8
17802,546,29,6
17803,681,29,5
17804,524,29,8
17805,484,29,4
17806,562,29,2
17807,478,29,6
17808,683,29,9
17809,808,29,4
17810,830,29,8
17811,1249,29,4
17812,349,29,10
17813,614,29,9
17814,341,29,9
17815,23,29,3
17816,756,29,3
17817,775,29,4
17818,314,29,8
17819,1161,29,9
17820,727,29,1
17821,87,29,8
17822,293,29,10
17823,453,29,3
17824,1122,29,2
17825,646,29,6
17826,1118,29,7
17827,604,29,1
17828,77,29,3
17829,393,29,8
17830,229,29,3
17831,253,29,9
17832,822,29,1
17833,469,29,4
17834,1088,29,4
17835,6,29,6
17836,508,29,3
17837,963,29,9
17838,82,29,5
17839,298,29,2
17840,821,29,5
17841,251,29,9
17842,57,29,6
17843,883,29,4
17844,308,29,3
17845,595,29,6
17846,107,29,6
17847,116,29,9
17848,410,29,2
17849,284,29,9
17850,1267,29,3
17851,250,29,8
17852,912,29,1
17853,248,29,3
17854,648,29,9
17855,740,29,8
17856,279,29,2
17857,86,29,2
17858,69,29,2
17859,273,29,5
17860,360,29,10
17861,231,29,8
17862,48,29,9
17863,627,29,1
17864,264,29,2
17865,287,29,7
17866,1217,29,5
17867,1144,29,7
17868,724,29,9
17869,213,29,10
17870,712,29,10
17871,243,29,1
17872,1177,29,6
17873,1199,29,4
17874,256,29,10
17875,519,29,9
17876,202,29,7
17877,608,29,2
17878,211,29,6
17879,954,29,10
17880,328,29,10
17881,579,29,9
17882,609,29,9
17883,261,29,2
17884,201,29,6
17885,809,29,8
17886,400,29,8
17887,446,29,4
17888,275,29,8
17889,834,29,2
17890,1239,29,1
17891,1203,29,3
17892,819,29,2
17893,210,29,7
17894,1107,29,9
17895,601,29,7
17896,112,29,6
17897,226,29,3
17898,1257,29,9
17899,824,29,7
17900,1152,29,1
17901,1087,29,7
17902,168,29,7
17903,956,29,2
17904,626,29,4
17905,223,29,4
17906,1240,29,6
17907,688,29,9
17908,709,29,9
17909,638,29,9
17910,650,29,5
17911,66,29,6
17912,1231,29,1
17913,163,29,2
17914,1137,29,7
17915,408,29,9
17916,1100,29,1
17917,615,29,5
17918,643,29,4
17919,856,29,8
17920,644,29,8
17921,928,29,6
17922,258,29,1
17923,850,29,8
17924,827,29,7
17925,1164,29,6
17926,268,29,3
17927,686,29,7
17928,445,29,5
17929,845,29,9
17930,919,29,10
17931,1269,29,9
17932,152,29,7
17933,970,29,6
17934,858,29,9
17935,555,29,4
17936,1228,29,10
17937,553,29,9
17938,599,29,10
17939,254,29,5
17940,1233,29,2
17941,833,29,10
17942,1085,29,2
17943,704,29,2
17944,1182,29,7
17945,1148,29,10
17946,160,29,6
17947,1169,29,3
17948,584,29,3
17949,581,29,8
17950,1256,29,1
17951,177,29,5
17952,185,29,3
17953,479,29,10
17954,851,29,10
17955,714,29,10
17956,730,29,10
17957,668,29,2
17958,617,29,3
17959,434,29,8
17960,1207,29,7
17961,696,29,7
17962,664,29,5
17963,92,29,6
17964,907,29,9
17965,1241,29,2
17966,162,29,5
17967,674,29,10
17968,42,29,5
17969,773,29,1
17970,448,29,8
17971,629,29,3
17972,1215,29,10
17973,511,29,7
17974,209,29,9
17975,369,29,7
17976,591,29,10
17977,624,29,3
17978,872,29,8
17979,502,29,7
17980,347,29,8
17981,458,29,7
17982,765,29,2
17983,1223,29,10
17984,285,29,6
17985,767,29,6
17986,1174,29,7
17987,556,29,10
17988,1134,29,2
17989,488,29,3
17990,214,29,4
17991,1208,29,8
17992,882,29,8
17993,540,29,1
17994,931,29,3
17995,1166,29,9
17996,182,29,4
17997,312,29,10
17998,178,29,5
17999,691,29,6
18000,521,29,4
18001,810,29,5
18002,596,29,10
18003,1105,29,5
18004,389,29,8
18005,654,29,3
18006,106,29,3
18007,572,29,7
18008,501,29,8
18009,516,29,4
18010,159,29,1
18011,1,29,8
18012,975,29,10
18013,651,29,3
18014,158,29,6
18015,587,29,3
18016,109,29,9
18017,960,29,2
18018,517,29,10
18019,940,29,5
18020,41,29,9
18021,242,29,6
18022,695,29,3
18023,222,29,8
18024,406,29,5
18025,1261,29,9
18026,552,29,7
18027,598,29,4
18028,722,29,7
18029,1126,29,10
18030,25,29,10
18031,616,29,9
18032,513,29,9
18033,383,29,3
18034,853,29,9
18035,1210,29,6
18036,429,29,7
18037,75,29,2
18038,153,29,5
18039,684,29,10
18040,305,29,10
18041,67,29,1
18042,1205,29,1
18043,260,29,10
18044,244,29,8
18045,634,29,9
18046,728,29,7
18047,1114,29,4
18048,915,29,4
18049,171,29,7
18050,1141,29,8
18051,417,29,10
18052,831,29,4
18053,1163,29,8
18054,768,29,9
18055,633,29,6
18056,1147,29,1
18057,1165,29,7
18058,913,29,5
18059,971,29,9
18060,49,29,10
18061,930,29,10
18062,1270,29,4
18063,380,29,2
18064,8,29,2
18065,1120,29,4
18066,1124,29,10
18067,246,29,10
18068,7,29,3
18069,659,29,6
18070,46,29,7
18071,381,29,8
18072,829,29,1
18073,671,29,3
18074,732,29,9
18075,583,29,5
18076,157,29,5
18077,374,29,7
18078,415,29,3
18079,278,29,3
18080,165,29,3
18081,495,29,1
18082,525,29,4
18083,62,29,9
18084,597,29,10
18085,212,29,7
18086,167,29,9
18087,151,29,10
18088,97,29,9
18089,1151,29,5
18090,364,29,9
18091,966,29,10
18092,323,29,6
18093,1253,29,1
18094,161,29,4
18095,962,29,6
18096,1232,29,9
18097,1204,29,2
18098,526,29,10
18099,346,29,10
18100,701,29,10
18101,276,29,6
18102,492,29,3
18103,234,29,2
18104,977,29,5
18105,718,29,10
18106,317,29,4
18107,230,29,4
18108,330,29,1
18109,136,29,10
18110,576,29,3
18111,16,29,4
18112,514,29,6
18113,937,29,9
18114,959,29,8
18115,88,29,4
18116,623,29,7
18117,239,29,6
18118,823,29,6
18119,372,29,3
18120,535,29,7
18121,512,29,6
18122,203,29,5
18123,666,29,5
18124,795,29,2
18125,218,29,6
18126,946,29,5
18127,200,29,3
18128,725,29,1
18129,395,29,8
18130,938,29,9
18131,594,29,1
18132,577,29,6
18133,1178,29,7
18134,249,29,5
18135,135,29,10
18136,193,29,6
18137,480,29,9
18138,1149,29,9
18139,500,29,9
18140,370,29,6
18141,1113,29,6
18142,292,29,2
18143,394,29,3
18144,549,29,10
18145,338,29,3
18146,108,29,7
18147,335,29,7
18148,391,29,4
18149,881,29,10
18150,908,29,6
18151,721,29,2
18152,403,29,2
18153,12,29,9
18154,1186,29,4
18155,1091,29,1
18156,100,29,10
18157,267,29,4
18158,409,29,1
18159,1238,29,4
18160,670,29,2
18161,30,29,7
18162,1143,29,8
18163,311,29,2
18164,639,29,10
18165,1189,29,6
18166,52,29,6
18167,1247,29,6
18168,325,29,5
18169,387,29,1
18170,466,29,3
18171,1135,29,6
18172,225,29,7
18173,3,29,6
18174,416,29,4
18175,533,29,7
18176,237,29,10
18177,183,29,3
18178,35,29,2
18179,974,29,5
18180,195,29,1
18181,697,29,4
18182,1227,29,4
18183,693,29,4
18184,14,29,3
18185,288,29,6
18186,39,29,10
18187,715,29,7
18188,43,29,5
18189,527,29,8
18190,110,29,1
18191,1195,29,4
18192,50,29,3
18193,1140,29,7
18194,428,29,2
18195,15,29,6
18196,95,29,2
18197,708,29,9
18198,204,29,9
18199,324,29,10
18200,262,29,10
18201,277,29,5
18202,399,29,6
18203,306,29,3
18204,1237,29,10
18205,111,29,3
18206,9,29,4
18207,1255,29,5
18208,58,29,10
18209,538,29,1
18210,425,29,7
18211,1153,29,4
18212,955,29,7
18213,227,29,2
18214,950,29,6
18215,354,29,6
18216,813,29,8
18217,134,29,4
18218,238,29,9
18219,326,29,4
18220,219,29,6
18221,1123,29,3
18222,36,29,9
18223,105,29,6
18224,505,29,9
18225,763,29,8
18226,398,29,5
18227,447,29,9
18228,828,29,9
18229,286,29,9
18230,396,29,6
18231,1094,29,8
18232,345,29,2
18233,443,29,1
18234,1171,29,3
18235,807,29,9
18236,582,29,1
18237,340,29,10
18238,958,29,4
18239,421,29,4
18240,407,29,5
18241,1188,29,7
18242,20,29,7
18243,590,29,8
18244,965,29,3
18245,1185,29,4
18246,585,29,8
18247,461,29,8
18248,1248,29,7
18249,676,29,9
18250,405,29,4
18251,61,29,6
18252,271,29,2
18253,713,29,10
18254,457,29,7
18255,322,29,5
18256,27,29,2
18257,241,29,8
18258,503,29,4
18259,240,29,2
18260,1172,29,6
18261,1077,29,6
18262,1221,29,8
18263,493,29,7
18264,413,29,1
18265,665,29,9
18266,38,29,5
18267,465,29,3
18268,37,29,8
18269,723,29,10
18270,1096,29,8
18271,657,29,8
18272,1127,29,3
18273,1110,29,2
18274,952,29,8
18275,876,29,10
18276,1266,29,10
18277,927,29,7
18278,761,29,2
18279,1119,29,7
18280,1260,29,9
18281,1214,29,3
18282,672,29,8
18283,825,29,6
18284,692,29,2
18285,245,29,5
18286,272,29,6
18287,449,29,6
18288,481,29,10
18289,1116,29,5
18290,59,29,10
18291,932,29,10
18292,196,29,1
18293,84,29,7
18294,329,29,6
18295,543,29,6
18296,1200,29,4
18297,1271,29,3
18298,752,29,6
18299,257,29,2
18300,1106,29,8
18301,313,29,7
18302,103,29,1
18303,498,29,4
18304,289,29,3
18305,706,29,3
18306,741,29,1
18307,357,29,1
18308,852,29,6
18309,663,29,1
18310,1132,29,7
18311,941,29,8
18312,675,29,5
18313,309,29,10
18314,843,29,9
18315,402,29,10
18316,455,29,6
18317,342,29,6
18318,303,29,9
18319,680,29,1
18320,541,29,7
18321,875,29,4
18322,464,29,8
18323,1155,29,10
18324,699,29,6
18325,906,29,3
18326,236,29,7
18327,1098,29,5
18328,490,29,1
18329,296,29,3
18330,1219,29,5
18331,320,29,9
18332,605,29,7
18333,34,29,8
18334,362,29,4
18335,951,29,5
18336,1245,29,10
18337,247,29,4
18338,1108,29,3
18339,460,29,5
18340,1222,29,3
18341,192,29,8
18342,216,29,3
18343,315,29,4
18344,44,29,7
18345,854,29,2
18346,181,29,7
18347,419,29,2
18348,753,29,2
18349,440,29,1
18350,179,29,7
18351,454,29,9
18352,504,29,2
18353,26,29,6
18354,397,29,10
18355,496,29,4
18356,471,29,5
18357,1235,29,9
18358,371,29,6
18359,509,29,4
18360,731,29,4
18361,1190,29,3
18362,953,29,10
18363,578,29,9
18364,1230,29,3
18365,847,29,6
18366,294,29,1
18367,574,29,9
18368,647,29,2
18369,844,29,2
18370,735,29,4
18371,1254,29,6
18372,102,29,1
18373,1111,29,4
18374,430,29,8
18375,379,29,3
18376,630,29,9
18377,1136,29,5
18378,47,29,7
18379,1209,29,2
18380,361,29,8
18381,625,29,3
18382,857,29,10
18383,485,29,7
18384,1213,29,1
18385,613,29,9
18386,327,29,8
18387,948,29,4
18388,1173,29,3
18389,156,29,9
18390,973,29,2
18391,1167,29,5
18392,45,29,3
18393,620,29,3
18394,154,29,2
18395,849,29,5
18396,667,29,7
18397,232,29,8
18398,70,29,5
18399,367,29,4
18400,969,29,2
18401,1201,29,9
18402,949,29,2
18403,187,29,8
18404,510,29,9
18405,592,29,1
18406,438,29,4
18407,705,29,6
18408,19,29,1
18409,482,29,6
18410,352,29,8
18411,355,29,8
18412,536,29,8
18413,929,29,8
18414,797,29,1
18415,759,29,8
18416,1093,29,9
18417,483,29,2
18418,78,29,9
18419,390,29,4
18420,4,29,5
18421,976,29,6
18422,339,29,6
18423,1212,29,4
18424,1262,29,10
18425,60,29,8
18426,520,29,4
18427,575,29,7
18428,348,29,6
18429,382,29,2
18430,1197,29,3
18431,635,29,9
18432,1236,29,7
18433,180,29,9
18434,40,29,9
18435,207,29,1
18436,1246,29,5
18437,366,29,6
18438,934,29,5
18439,433,29,10
18440,1251,29,9
18441,1162,29,1
18442,449,30,9
18443,1182,30,2
18444,107,30,9
18445,309,30,7
18446,1165,30,10
18447,1156,30,5
18448,393,30,6
18449,400,30,4
18450,4,30,8
18451,1214,30,1
18452,536,30,10
18453,518,30,7
18454,149,30,9
18455,1267,30,1
18456,93,30,10
18457,578,30,6
18458,59,30,6
18459,361,30,4
18460,1191,30,3
18461,1075,30,7
18462,380,30,6
18463,1094,30,9
18464,327,30,7
18465,687,30,6
18466,401,30,6
18467,769,30,4
18468,292,30,5
18469,358,30,1
18470,54,30,5
18471,950,30,3
18472,199,30,5
18473,580,30,6
18474,1215,30,7
18475,633,30,2
18476,1110,30,5
18477,592,30,7
18478,421,30,8
18479,451,30,4
18480,1089,30,9
18481,598,30,6
18482,207,30,5
18483,1270,30,10
18484,506,30,3
18485,1090,30,2
18486,206,30,5
18487,844,30,7
18488,1259,30,1
18489,210,30,10
18490,668,30,9
18491,436,30,8
18492,177,30,2
18493,1115,30,6
18494,1181,30,9
18495,732,30,3
18496,1163,30,5
18497,1149,30,9
18498,640,30,7
18499,294,30,6
18500,544,30,7
18501,738,30,7
18502,696,30,3
18503,647,30,5
18504,455,30,8
18505,43,30,10
18506,418,30,6
18507,438,30,7
18508,234,30,5
18509,1255,30,2
18510,551,30,9
18511,386,30,2
18512,92,30,10
18513,102,30,3
18514,605,30,5
18515,197,30,4
18516,763,30,9
18517,94,30,6
18518,108,30,5
18519,735,30,6
18520,731,30,4
18521,1249,30,9
18522,809,30,4
18523,845,30,5
18524,588,30,5
18525,519,30,2
18526,490,30,4
18527,721,30,4
18528,630,30,4
18529,561,30,7
18530,188,30,9
18531,1265,30,6
18532,522,30,9
18533,709,30,10
18534,38,30,8
18535,833,30,6
18536,1166,30,2
18537,218,30,4
18538,195,30,4
18539,465,30,5
18540,303,30,6
18541,245,30,4
18542,117,30,6
18543,860,30,8
18544,963,30,10
18545,1254,30,8
18546,1192,30,3
18547,1113,30,2
18548,52,30,9
18549,683,30,7
18550,853,30,2
18551,109,30,10
18552,185,30,2
18553,725,30,3
18554,88,30,1
18555,858,30,2
18556,581,30,8
18557,851,30,8
18558,846,30,1
18559,331,30,2
18560,215,30,7
18561,3,30,5
18562,72,30,5
18563,1117,30,7
18564,161,30,5
18565,469,30,6
18566,8,30,9
18567,813,30,2
18568,82,30,4
18569,656,30,5
18570,762,30,10
18571,91,30,8
18572,500,30,6
18573,415,30,7
18574,1260,30,8
18575,371,30,4
18576,30,30,1
18577,1177,30,10
18578,454,30,6
18579,106,30,2
18580,831,30,10
18581,192,30,9
18582,603,30,8
18583,299,30,1
18584,77,30,1
18585,356,30,4
18586,224,30,7
18587,659,30,9
18588,219,30,1
18589,821,30,1
18590,480,30,3
18591,796,30,5
18592,1211,30,9
18593,1176,30,4
18594,1197,30,1
18595,134,30,6
18596,297,30,4
18597,535,30,1
18598,153,30,6
18599,1205,30,6
18600,972,30,1
18601,231,30,2
18602,582,30,4
18603,434,30,9
18604,934,30,4
18605,317,30,3
18606,429,30,2
18607,616,30,9
18608,1112,30,1
18609,1250,30,1
18610,170,30,5
18611,658,30,10
18612,679,30,5
18613,1139,30,3
18614,491,30,10
18615,913,30,9
18616,549,30,6
18617,49,30,3
18618,151,30,6
18619,684,30,5
18620,600,30,6
18621,1162,30,1
18622,609,30,6
18623,1145,30,9
18624,1137,30,4
18625,612,30,5
18626,523,30,1
18627,318,30,8
18628,1246,30,3
18629,462,30,9
18630,293,30,6
18631,1258,30,5
18632,1161,30,9
18633,352,30,6
18634,827,30,3
18635,596,30,7
18636,239,30,10
18637,939,30,6
18638,258,30,10
18639,389,30,3
18640,409,30,1
18641,655,30,7
18642,196,30,4
18643,15,30,1
18644,157,30,10
18645,1154,30,7
18646,645,30,9
18647,591,30,8
18648,32,30,9
18649,539,30,6
18650,484,30,7
18651,209,30,3
18652,110,30,4
18653,1207,30,5
18654,382,30,8
18655,1203,30,9
18656,967,30,1
18657,958,30,10
18658,824,30,5
18659,511,30,9
18660,856,30,6
18661,602,30,2
18662,119,30,8
18663,385,30,4
18664,223,30,7
18665,135,30,9
18666,45,30,3
18667,182,30,7
18668,376,30,10
18669,340,30,3
18670,974,30,3
18671,1097,30,7
18672,556,30,4
18673,25,30,7
18674,618,30,8
18675,816,30,10
18676,508,30,6
18677,1257,30,10
18678,1172,30,4
18679,610,30,3
18680,193,30,8
18681,341,30,4
18682,674,30,3
18683,701,30,10
18684,1144,30,3
18685,65,30,9
18686,1196,30,4
18687,1178,30,7
18688,313,30,9
18689,470,31,10
18690,556,31,1
18691,1259,31,5
18692,773,31,5
18693,1263,31,2
18694,651,31,3
18695,81,31,2
18696,704,31,9
18697,603,31,1
18698,363,31,6
18699,910,31,1
18700,940,31,10
18701,875,31,7
18702,968,31,4
18703,680,31,5
18704,42,31,3
18705,847,31,3
18706,379,31,10
18707,362,31,1
18708,753,31,2
18709,231,31,7
18710,134,31,1
18711,63,31,1
18712,601,31,5
18713,225,31,5
18714,706,31,8
18715,255,31,10
18716,1267,31,3
18717,605,31,6
18718,638,31,3
18719,111,31,3
18720,441,31,8
18721,534,31,2
18722,188,31,6
18723,807,31,2
18724,513,31,5
18725,1166,31,2
18726,1278,31,3
18727,914,31,9
18728,957,31,5
18729,216,31,3
18730,75,31,10
18731,672,31,9
18732,715,31,2
18733,906,31,4
18734,341,31,3
18735,1217,31,6
18736,1089,31,6
18737,644,31,9
18738,330,31,9
18739,43,31,2
18740,573,31,7
18741,541,31,8
18742,61,31,2
18743,11,31,6
18744,22,31,4
18745,634,31,10
18746,1105,31,3
18747,521,31,3
18748,397,31,5
18749,1090,31,1
18750,754,31,5
18751,1230,31,8
18752,31,31,5
18753,235,31,8
18754,1224,31,4
18755,692,31,4
18756,30,31,9
18757,1125,31,7
18758,47,31,6
18759,294,31,7
18760,844,31,7
18761,694,31,3
18762,909,31,1
18763,32,31,3
18764,167,31,2
18765,599,31,3
18766,161,31,7
18767,954,31,5
18768,593,31,5
18769,257,31,9
18770,965,31,4
18771,110,31,3
18772,461,31,1
18773,1270,31,10
18774,670,31,10
18775,656,31,2
18776,469,31,8
18777,392,31,1
18778,872,31,5
18779,1243,31,9
18780,78,31,4
18781,883,31,10
18782,83,31,6
18783,1257,31,10
18784,960,31,6
18785,574,31,10
18786,1146,31,2
18787,400,31,7
18788,204,31,10
18789,1247,31,8
18790,56,31,8
18791,14,31,1
18792,2,31,9
18793,934,31,8
18794,730,31,9
18795,643,31,6
18796,377,31,5
18797,653,31,3
18798,1244,31,6
18799,82,31,1
18800,80,31,7
18801,92,31,1
18802,71,31,10
18803,1221,31,3
18804,1254,31,8
18805,578,31,8
18806,371,31,8
18807,59,31,3
18808,517,31,5
18809,327,31,5
18810,1202,31,10
18811,535,31,3
18812,21,31,3
18813,945,31,8
18814,299,31,3
18815,630,31,5
18816,596,31,5
18817,168,31,5
18818,1088,31,3
18819,1120,31,9
18820,385,31,8
18821,548,31,5
18822,1156,31,10
18823,229,31,6
18824,20,31,3
18825,761,31,6
18826,1192,31,3
18827,975,31,5
18828,348,31,10
18829,714,31,10
18830,465,31,4
18831,98,31,2
18832,671,31,7
18833,821,31,8
18834,720,31,3
18835,34,31,5
18836,263,31,9
18837,448,31,2
18838,1119,31,3
18839,501,31,6
18840,685,31,7
18841,1100,31,3
18842,221,31,4
18843,611,31,3
18844,1203,31,8
18845,488,31,1
18846,7,31,3
18847,70,31,10
18848,254,31,6
18849,624,31,6
18850,928,31,1
18851,416,31,8
18852,690,31,2
18853,8,31,1
18854,249,31,2
18855,4,31,1
18856,219,31,2
18857,930,31,8
18858,655,31,7
18859,512,31,7
18860,346,31,5
18861,298,31,5
18862,431,31,10
18863,19,31,7
18864,51,31,8
18865,166,31,6
18866,675,31,9
18867,25,31,1
18868,765,31,5
18869,46,31,3
18870,344,31,10
18871,332,31,8
18872,245,31,10
18873,684,31,2
18874,591,31,6
18875,1180,31,4
18876,831,31,9
18877,515,31,3
18878,664,31,1
18879,597,31,3
18880,1250,31,5
18881,445,31,7
18882,284,31,9
18883,553,31,4
18884,1176,31,8
18885,233,31,3
18886,617,31,10
18887,1092,31,9
18888,952,31,5
18889,135,31,8
18890,403,31,8
18891,328,31,7
18892,760,31,8
18893,301,31,7
18894,955,31,8
18895,409,31,4
18896,24,31,8
18897,548,32,1
18898,1111,32,6
18899,93,32,5
18900,1191,32,5
18901,614,32,5
18902,5,32,4
18903,623,32,8
18904,1138,32,6
18905,733,32,9
18906,535,32,5
18907,330,32,10
18908,382,32,1
18909,651,32,2
18910,201,32,1
18911,20,32,10
18912,312,32,10
18913,73,32,1
18914,385,32,4
18915,1212,32,5
18916,110,32,2
18917,331,32,2
18918,619,32,10
18919,918,32,8
18920,65,32,4
18921,16,32,5
18922,345,32,1
18923,1244,32,8
18924,444,32,2
18925,696,32,10
18926,1133,32,4
18927,245,32,2
18928,390,32,1
18929,294,32,9
18930,79,32,5
18931,329,32,4
18932,561,32,2
18933,419,32,3
18934,557,32,4
18935,517,32,9
18936,62,32,9
18937,1172,32,5
18938,455,32,7
18939,258,32,2
18940,694,32,9
18941,205,32,8
18942,118,32,7
18943,186,32,2
18944,206,32,3
18945,391,32,3
18946,348,32,5
18947,309,32,8
18948,224,32,8
18949,1186,32,5
18950,45,32,7
18951,375,32,7
18952,1224,32,3
18953,851,32,8
18954,977,32,4
18955,220,32,9
18956,765,32,1
18957,468,32,10
18958,949,32,9
18959,11,32,8
18960,1247,32,3
18961,596,32,2
18962,942,32,3
18963,195,32,2
18964,1107,32,3
18965,293,32,6
18966,721,32,5
18967,1249,32,9
18968,319,32,5
18969,690,32,1
18970,406,32,1
18971,600,32,2
18972,934,32,8
18973,112,32,7
18974,321,32,9
18975,458,32,9
18976,796,32,9
18977,836,32,4
18978,773,32,5
18979,481,32,1
18980,168,32,3
18981,551,32,6
18982,6,32,4
18983,1243,32,6
18984,845,32,2
18985,1135,32,6
18986,69,32,1
18987,103,32,4
18988,1219,32,10
18989,545,32,3
18990,221,32,2
18991,68,32,7
18992,668,32,7
18993,287,32,4
18994,214,32,8
18995,1207,32,3
18996,856,32,1
18997,754,32,10
18998,553,32,3
18999,538,32,6
19000,1103,32,8
19001,198,32,8
19002,1220,32,8
19003,1147,32,4
19004,679,32,8
19005,1201,32,7
19006,624,32,10
19007,18,32,1
19008,1229,32,2
19009,420,32,5
19010,290,32,10
19011,860,32,8
19012,88,32,5
19013,260,32,10
19014,188,32,3
19015,339,32,2
19016,1104,32,7
19017,1159,32,9
19018,170,32,4
19019,1241,32,5
19020,879,32,2
19021,523,32,10
19022,336,32,4
19023,384,32,5
19024,56,32,8
19025,1125,32,8
19026,53,32,4
19027,1190,32,10
19028,254,32,4
19029,97,32,1
19030,631,32,2
19031,14,32,6
19032,908,32,5
19033,1113,32,4
19034,615,32,2
19035,370,32,5
19036,379,32,1
19037,84,32,10
19038,521,32,6
19039,914,32,3
19040,63,32,3
19041,397,32,10
19042,255,32,5
19043,102,32,10
19044,1126,32,5
19045,445,32,7
19046,858,32,1
19047,1080,32,9
19048,230,32,5
19049,166,32,4
19050,660,32,1
19051,428,32,9
19052,163,32,5
19053,674,32,9
19054,269,32,9
19055,967,32,6
19056,530,32,7
19057,1168,32,3
19058,343,32,8
19059,655,32,1
19060,358,32,9
19061,173,32,7
19062,398,32,5
19063,1215,32,3
19064,179,32,10
19065,119,32,9
19066,937,32,10
19067,29,32,7
19068,1161,32,3
19069,210,32,1
19070,157,32,2
19071,323,32,6
19072,310,32,10
19073,313,32,8
19074,714,32,5
19075,12,32,9
19076,1108,32,10
19077,25,32,4
19078,381,32,4
19079,846,32,2
19080,1098,32,5
19081,485,32,2
19082,175,32,7
19083,46,32,2
19084,738,32,2
19085,28,32,1
19086,653,32,1
19087,217,32,10
19088,401,32,4
19089,247,32,5
19090,881,32,8
19091,213,32,9
19092,1118,32,4
19093,1265,32,3
19094,832,32,1
19095,89,32,7
19096,226,32,6
19097,437,32,9
19098,691,32,1
19099,667,32,3
19100,108,32,5
19101,90,32,10
19102,632,32,9
19103,820,32,6
19104,59,32,2
19105,1203,32,9
19106,609,32,10
19107,597,32,7
19108,1120,32,9
19109,297,32,2
19110,320,32,6
19111,435,32,10
19112,740,32,4
19113,727,32,4
19114,906,32,8
19115,953,32,1
19116,1238,32,1
19117,412,32,4
19118,507,32,10
19119,546,32,1
19120,1278,32,3
19121,575,32,2
19122,974,32,3
19123,812,32,6
19124,1202,32,7
19125,228,32,7
19126,663,32,3
19127,554,32,7
19128,277,32,5
19129,678,32,2
19130,1151,32,4
19131,164,32,9
19132,826,32,4
19133,1076,32,1
19134,909,32,8
19135,275,32,3
19136,928,32,3
19137,880,32,10
19138,218,32,2
19139,491,32,8
19140,364,32,2
19141,769,32,9
19142,572,32,10
19143,664,32,3
19144,503,32,5
19145,246,32,3
19146,770,32,2
19147,57,32,4
19148,326,32,5
19149,380,32,2
19150,353,32,8
19151,593,32,6
19152,500,32,4
19153,162,32,4
19154,961,32,2
19155,1206,32,9
19156,1162,32,3
19157,1077,32,10
19158,849,32,1
19159,693,32,4
19160,1177,32,4
19161,626,32,7
19162,240,32,7
19163,152,32,10
19164,334,32,3
19165,876,32,4
19166,202,32,9
19167,843,32,9
19168,829,32,10
19169,341,32,5
19170,1195,32,5
19171,1110,32,7
19172,574,32,3
19173,32,32,4
19174,446,32,8
19175,238,32,4
19176,1127,32,1
19177,66,32,2
19178,515,32,3
19179,560,32,4
19180,1146,32,5
19181,562,32,3
19182,489,32,7
19183,352,32,4
19184,1233,32,8
19185,387,32,10
19186,855,32,3
19187,417,32,5
19188,559,32,1
19189,965,32,1
19190,595,32,7
19191,328,32,6
19192,502,32,3
19193,22,32,4
19194,77,32,5
19195,639,32,4
19196,215,32,8
19197,916,32,7
19198,646,32,3
19199,37,32,6
19200,106,32,7
19201,556,32,2
19202,511,32,8
19203,366,32,5
19204,83,32,8
19205,431,32,2
19206,1156,32,7
19207,951,32,1
19208,1256,32,3
19209,1149,32,5
19210,518,32,10
19211,54,32,5
19212,308,32,9
19213,907,32,7
19214,43,32,2
19215,1259,32,1
19216,51,32,3
19217,578,32,6
19218,280,32,4
19219,955,32,6
19220,1091,32,8
19221,1163,32,10
19222,905,32,7
19223,278,32,2
19224,504,32,9
19225,1134,32,1
19226,828,32,10
19227,813,32,3
19228,357,32,1
19229,959,32,8
19230,347,32,3
19231,563,32,4
19232,930,32,3
19233,1216,32,10
19234,38,32,8
19235,1182,32,4
19236,472,32,8
19237,96,32,1
19238,1234,32,8
19239,98,32,10
19240,598,32,7
19241,581,32,6
19242,588,32,7
19243,333,32,3
19244,494,32,6
19245,818,32,10
19246,552,32,3
19247,704,32,5
19248,1235,32,9
19249,1145,32,8
19250,423,32,5
19251,425,32,4
19252,583,32,1
19253,191,32,4
19254,388,32,2
19255,266,32,4
19256,564,32,8
19257,483,32,7
19258,466,32,5
19259,853,32,4
19260,935,32,3
19261,549,32,10
19262,524,32,2
19263,958,32,8
19264,243,32,7
19265,954,32,5
19266,642,32,10
19267,577,32,6
19268,940,32,4
19269,436,32,10
19270,225,32,2
19271,527,32,6
19272,737,32,10
19273,607,32,1
19274,644,32,5
19275,1089,32,8
19276,969,32,6
19277,913,32,4
19278,8,32,10
19279,454,32,1
19280,1164,32,4
19281,1090,32,5
19282,1222,32,8
19283,469,32,9
19284,692,32,3
19285,882,32,1
19286,590,32,7
19287,355,32,6
19288,673,32,4
19289,377,32,10
19290,80,32,4
19291,753,32,9
19292,612,32,5
19293,165,32,8
19294,231,32,4
19295,174,32,10
19296,713,32,6
19297,190,32,6
19298,605,32,1
19299,1158,32,6
19300,369,32,9
19301,516,32,6
19302,652,32,4
19303,608,32,4
19304,30,32,10
19305,501,32,7
19306,1271,32,4
19307,1257,32,1
19308,824,32,6
19309,374,32,3
19310,844,32,9
19311,36,32,8
19312,1208,32,5
19313,282,32,8
19314,1173,32,3
19315,723,32,6
19316,1176,32,4
19317,936,32,2
19318,1115,32,6
19319,541,32,3
19320,708,32,5
19321,480,32,5
19322,1189,32,10
19323,872,32,1
19324,75,32,5
19325,48,32,8
19326,490,32,6
19327,1152,32,9
19328,1251,32,8
19329,1112,32,3
19330,13,32,6
19331,471,32,10
19332,1240,32,1
19333,335,32,2
19334,761,32,5
19335,161,32,5
19336,410,32,6
19337,1188,32,10
19338,687,32,4
19339,361,32,6
19340,709,32,5
19341,919,32,3
19342,111,32,10
19343,734,32,1
19344,627,32,7
19345,514,32,1
19346,1248,32,2
19347,850,32,8
19348,640,32,3
19349,719,32,7
19350,244,32,2
19351,1196,32,8
19352,701,32,6
19353,1232,32,5
19354,741,32,1
19355,176,32,1
19356,755,32,7
19357,1087,32,9
19358,411,32,4
19359,599,32,5
19360,356,32,7
19361,1261,32,7
19362,1100,32,2
19363,1137,32,10
19364,762,32,1
19365,262,32,6
19366,200,32,7
19367,695,32,5
19368,1084,32,5
19369,1199,32,8
19370,650,32,4
19371,256,32,7
19372,1221,32,7
19373,291,32,4
19374,520,32,2
19375,634,32,3
19376,531,32,1
19377,154,32,8
19378,39,32,1
19379,479,32,3
19380,324,32,1
19381,510,32,5
19382,1085,32,3
19383,55,32,7
19384,841,32,8
19385,822,32,2
19386,654,32,6
19387,591,32,6
19388,413,32,8
19389,81,32,9
19390,392,32,5
19391,305,32,8
19392,415,32,1
19393,493,32,7
19394,50,32,3
19395,349,32,3
19396,478,32,9
19397,403,32,6
19398,540,32,3
19399,1180,32,10
19400,248,32,9
19401,155,32,1
19402,1106,32,6
19403,1139,32,7
19404,316,32,10
19405,257,32,9
19406,1184,32,9
19407,543,32,1
19408,1096,32,3
19409,1223,32,4
19410,482,32,8
19411,474,32,1
19412,452,32,4
19413,373,32,5
19414,662,32,1
19415,249,32,4
19416,735,32,1
19417,1210,32,9
19418,85,32,9
19419,457,32,2
19420,592,32,9
19421,1245,32,7
19422,743,32,8
19423,204,32,2
19424,64,32,1
19425,730,32,2
19426,235,32,9
19427,625,32,5
19428,950,32,6
19429,542,32,6
19430,603,32,1
19431,1167,32,1
19432,236,32,7
19433,303,32,5
19434,689,32,10
19435,40,32,7
19436,237,32,10
19437,95,32,9
19438,451,32,1
19439,301,32,8
19440,184,32,7
19441,643,32,3
19442,768,32,7
19443,968,32,8
19444,281,32,6
19445,681,32,5
19446,464,32,5
19447,354,32,1
19448,234,32,3
19449,724,32,4
19450,3,32,2
19451,1237,32,5
19452,852,32,2
19453,1260,32,5
19454,4,32,5
19455,725,32,2
19456,498,32,3
19457,1123,32,6
19458,402,32,9
19459,178,32,9
19460,960,32,3
19461,300,32,8
19462,492,32,6
19463,363,32,10
19464,758,32,3
19465,268,32,7
19466,1131,32,6
19467,585,32,1
19468,1088,32,6
19469,462,32,6
19470,680,32,4
19471,815,32,10
19472,156,32,2
19473,656,32,6
19474,284,32,4
19475,508,32,6
19476,26,32,4
19477,394,32,9
19478,400,32,4
19479,807,32,4
19480,442,32,8
19481,795,32,3
19482,404,32,6
19483,362,32,10
19484,279,32,7
19485,160,32,10
19486,1217,32,7
19487,1185,32,9
19488,460,32,10
19489,92,32,1
19490,232,32,10
19491,682,32,3
19492,407,32,3
19493,957,32,8
19494,816,32,1
19495,94,32,7
19496,433,32,1
19497,298,32,3
19498,539,32,8
19499,322,32,1
19500,1153,32,10
19501,261,32,5
19502,424,32,7
19503,616,32,6
19504,219,32,1
19505,675,32,9
19506,1171,32,10
19507,1097,32,6
19508,242,32,5
19509,1165,32,4
19510,183,32,1
19511,550,32,3
19512,1169,32,8
19513,117,32,10
19514,1144,32,2
19515,368,32,5
19516,1160,32,9
19517,912,32,7
19518,819,32,1
19519,1252,32,5
19520,506,32,2
19521,33,32,3
19522,473,32,7
19523,821,32,7
19524,617,32,9
19525,432,32,5
19526,470,32,6
19527,1254,32,9
19528,649,32,9
19529,956,32,2
19530,602,32,6
19531,158,32,1
19532,253,32,5
19533,465,32,8
19534,34,32,7
19535,104,32,3
19536,91,32,8
19537,726,32,9
19538,810,32,2
19539,684,32,9
19540,386,32,10
19541,393,32,4
19542,187,32,3
19543,618,32,1
19544,814,32,2
19545,27,32,6
19546,637,32,3
19547,212,32,3
19548,683,32,6
19549,884,32,10
19550,134,32,2
19551,443,32,1
19552,422,32,5
19553,318,32,5
19554,633,32,3
19555,72,32,7
19556,87,32,4
19557,421,32,5
19558,185,32,4
19559,834,32,10
19560,910,32,5
19561,1086,32,10
19562,100,32,9
19563,1187,32,10
19564,666,32,4
19565,267,32,7
19566,697,32,6
19567,962,32,6
19568,1266,32,1
19569,1264,32,1
19570,775,32,7
19571,505,32,4
19572,440,32,10
19573,31,32,4
19574,488,32,9
19575,1141,32,5
19576,350,32,6
19577,367,32,4
19578,372,32,4
19579,1211,32,6
19580,576,32,1
19581,752,32,7
19582,193,32,6
19583,495,32,5
19584,1198,32,8
19585,720,32,10
19586,688,32,5
19587,399,32,9
19588,976,32,10
19589,434,32,10
19590,182,32,10
19591,526,32,5
19592,211,32,7
19593,1179,32,3
19594,227,32,9
19595,659,32,7
19596,931,32,8
19597,194,32,6
19598,408,32,2
19599,41,32,1
19600,1136,32,9
19601,207,32,7
19602,904,32,6
19603,1228,32,9
19604,525,32,5
19605,351,32,10
19606,21,32,8
19607,177,32,6
19608,1209,32,5
19609,1095,32,5
19610,449,32,8
19611,939,32,10
19612,611,32,2
19613,1239,32,6
19614,346,32,2
19615,555,32,6
19616,1214,32,9
19617,71,32,2
19618,1205,32,3
19619,827,32,9
19620,270,32,2
19621,42,32,10
19622,647,32,2
19623,171,32,7
19624,376,32,8
19625,756,32,2
19626,10,32,5
19627,772,32,6
19628,383,32,2
19629,817,32,10
19630,742,32,3
19631,579,32,10
19632,1213,32,2
19633,49,32,6
19634,648,32,3
19635,342,32,9
19636,589,32,7
19637,970,32,10
19638,418,32,2
19639,1255,32,1
19640,1122,32,8
19641,67,32,10
19642,767,32,5
19643,203,32,8
19644,378,32,4
19645,477,32,8
19646,17,32,10
19647,1143,32,2
19648,1130,32,10
19649,289,32,8
19650,1093,32,1
19651,416,32,9
19652,764,32,2
19653,945,32,4
19654,722,32,7
19655,1148,32,6
19656,438,32,3
19657,151,32,3
19658,405,32,3
19659,1193,32,2
19660,638,32,2
19661,196,32,4
19662,1105,32,10
19663,519,32,10
19664,875,32,4
19665,272,32,10
19666,496,32,4
19667,371,32,6
19668,296,32,4
19669,1140,32,10
19670,744,32,8
19671,82,32,7
19672,304,32,4
19673,76,32,10
19674,273,32,2
19675,325,32,9
19676,105,32,9
19677,1099,32,5
19678,532,32,8
19679,522,32,3
19680,808,32,4
19681,529,32,7
19682,1094,32,8
19683,286,32,8
19684,1204,32,7
19685,149,32,2
19686,952,32,7
19687,311,32,5
19688,271,32,7
19689,927,32,10
19690,9,32,10
19691,359,32,4
19692,47,32,8
19693,1231,32,8
19694,1263,32,7
19695,686,32,9
19696,672,32,9
19697,830,32,1
19698,594,32,2
19699,584,32,3
19700,941,32,1
19701,1128,32,10
19702,601,32,4
19703,222,32,7
19704,497,32,8
19705,229,32,10
19706,1150,32,8
19707,223,32,7
19708,239,32,4
19709,150,32,8
19710,314,32,2
19711,181,32,9
19712,58,32,3
19713,340,32,3
19714,1129,32,1
19715,629,32,3
19716,587,32,7
19717,513,32,10
19718,657,32,9
19719,1175,32,10
19720,1119,32,3
19721,180,32,10
19722,774,32,5
19723,1194,32,7
19724,439,32,1
19725,966,32,2
19726,135,32,1
19727,263,32,1
19728,547,32,6
19729,107,32,10
19730,670,32,7
19731,1200,32,8
19732,929,32,10
19733,315,32,3
19734,74,32,5
19735,1174,32,5
19736,70,32,10
19737,317,32,7
19738,920,32,3
19739,1250,32,4
19740,757,32,2
19741,676,32,2
19742,811,32,7
19743,911,32,10
19744,1,32,10
19745,250,32,10
19746,833,32,5
19747,661,32,6
19748,395,32,1
19749,159,32,1
19750,915,32,8
19751,292,32,2
19752,295,32,5
19753,699,32,2
19754,610,32,4
19755,199,32,8
19756,1270,32,3
19757,1170,32,3
19758,932,32,3
19759,1253,32,9
19760,973,32,3
19761,35,32,10
19762,448,32,6
19763,327,32,4
19764,1183,32,8
19765,208,32,3
19766,509,32,1
19767,283,32,10
19768,630,32,2
19769,1178,32,1
19770,706,32,6
19771,658,32,5
19772,534,32,3
19773,854,32,1
19774,1267,32,10
19775,975,32,7
19776,172,32,3
19777,1157,32,10
19778,447,32,3
19779,1269,32,9
19780,677,32,4
19781,1142,32,2
19782,645,32,1
19783,1225,32,7
19784,1132,32,7
19785,972,32,4
19786,167,32,5
19787,396,32,10
19788,971,32,2
19789,1218,32,1
19790,712,32,10
19791,1192,32,3
19792,705,32,7
19793,1230,32,8
19794,189,32,2
19795,209,32,10
19796,60,32,7
19797,276,32,6
19798,1242,32,8
19799,533,32,10
19800,1121,32,5
19801,732,32,4
19802,613,32,9
19803,580,32,10
19804,302,32,10
19805,873,32,10
19806,1154,32,1
19807,99,32,7
19808,1227,32,9
19809,847,32,8
19810,1116,32,2
19811,586,32,9
19812,715,32,8
19813,429,32,9
19814,409,32,2
19815,1181,32,3
19816,44,32,1
19817,1262,32,5
19818,486,32,8
19819,620,32,4
19820,338,32,4
19821,760,32,2
19822,831,32,6
19823,288,32,10
19824,52,32,6
19825,604,32,7
19826,344,32,1
19827,306,32,4
19828,414,32,9
19829,685,32,6
19830,1166,32,4
19831,809,32,7
19832,461,32,9
19833,1155,32,5
19834,823,32,6
19835,337,32,6
19836,1117,32,7
19837,136,32,7
19838,307,32,7
19839,1197,32,8
19840,763,32,10
19841,487,32,7
19842,669,32,10
19843,453,32,10
19844,499,32,7
19845,19,32,2
19846,964,32,1
19847,24,32,6
19848,484,32,2
19849,441,32,2
19850,946,32,10
19851,109,32,4
19852,1246,32,3
19853,192,32,4
19854,265,32,1
19855,883,32,1
19856,635,32,9
19857,917,32,8
19858,1114,32,7
19859,274,32,9
19860,1075,32,4
19861,365,32,7
19862,512,32,6
19863,216,32,2
19864,797,32,4
19865,963,32,8
19866,233,32,5
19867,197,32,8
19868,285,32,3
19869,153,32,7
19870,728,32,2
19871,116,32,10
19872,23,32,9
19873,360,32,4
19874,948,32,1
19875,755,33,9
19876,64,33,1
19877,241,33,8
19878,593,33,3
19879,721,33,2
19880,350,33,3
19881,98,33,7
19882,510,33,5
19883,394,33,3
19884,361,33,3
19885,87,33,5
19886,297,33,10
19887,111,33,8
19888,472,33,1
19889,320,33,7
19890,45,33,3
19891,479,33,8
19892,211,33,2
19893,691,33,9
19894,906,33,2
19895,272,33,9
19896,384,33,2
19897,281,33,6
19898,910,33,8
19899,1138,33,4
19900,563,33,9
19901,674,33,10
19902,560,33,10
19903,512,33,8
19904,683,33,10
19905,1229,33,4
19906,433,33,3
19907,662,33,9
19908,538,33,4
19909,817,33,7
19910,262,33,2
19911,913,33,9
19912,261,33,1
19913,956,33,1
19914,825,33,5
19915,775,33,10
19916,74,33,2
19917,834,33,8
19918,975,33,4
19919,744,33,1
19920,258,33,5
19921,388,33,3
19922,30,33,10
19923,1176,33,7
19924,860,33,9
19925,283,33,6
19926,38,33,1
19927,515,33,8
19928,1198,33,2
19929,693,33,8
19930,818,33,10
19931,452,33,9
19932,457,33,2
19933,850,33,1
19934,110,33,9
19935,166,33,5
19936,873,33,8
19937,260,33,1
19938,547,33,6
19939,1084,33,6
19940,856,33,8
19941,643,33,5
19942,1080,33,1
19943,323,33,7
19944,84,33,7
19945,33,33,7
19946,203,33,9
19947,1219,33,3
19948,1132,33,4
19949,539,33,2
19950,342,33,8
19951,763,33,3
19952,296,33,9
19953,172,33,7
19954,230,33,8
19955,383,33,6
19956,816,33,4
19957,950,33,5
19958,455,33,8
19959,191,33,5
19960,353,33,10
19961,344,33,2
19962,520,33,2
19963,1215,33,3
19964,971,33,8
19965,237,33,1
19966,1137,33,5
19967,422,33,1
19968,809,33,7
19969,549,33,9
19970,105,33,9
19971,330,33,9
19972,220,33,2
19973,192,33,10
19974,107,33,10
19975,356,33,5
19976,814,33,3
19977,920,33,5
19978,249,33,1
19979,1103,33,2
19980,1233,33,2
19981,500,33,10
19982,843,33,5
19983,543,33,7
19984,339,33,4
19985,32,33,5
19986,199,33,9
19987,573,33,4
19988,466,33,6
19989,553,33,10
19990,1260,33,1
19991,970,33,10
19992,290,33,7
19993,823,33,10
19994,882,33,7
19995,216,33,8
19996,1099,33,2
19997,577,33,5
19998,190,33,1
19999,535,33,8
20000,460,33,10
20001,1144,33,9
20002,483,33,9
20003,1133,33,5
20004,53,33,10
20005,95,33,7
20006,334,33,9
20007,292,33,3
20008,493,33,8
20009,176,33,8
20010,855,33,2
20011,876,33,9
20012,651,33,8
20013,382,33,7
20014,1266,33,3
20015,179,33,8
20016,635,33,6
20017,936,33,10
20018,226,33,4
20019,135,33,6
20020,1213,33,3
20021,188,33,10
20022,712,33,6
20023,517,33,5
20024,434,33,1
20025,370,33,2
20026,186,33,3
20027,692,33,9
20028,1123,33,9
20029,231,33,7
20030,1185,33,8
20031,401,33,9
20032,530,33,4
20033,198,33,1
20034,1166,33,5
20035,154,33,8
20036,953,33,5
20037,321,33,1
20038,1160,33,4
20039,10,33,7
20040,409,33,3
20041,733,33,7
20042,440,33,1
20043,109,33,9
20044,611,33,3
20045,415,33,10
20046,911,33,3
20047,654,33,7
20048,407,33,6
20049,768,33,8
20050,491,33,8
20051,617,33,4
20052,696,33,7
20053,618,33,5
20054,1236,33,1
20055,584,33,1
20056,288,33,5
20057,379,33,10
20058,1254,33,3
20059,581,33,10
20060,453,33,1
20061,15,33,7
20062,649,33,4
20063,656,33,7
20064,3,33,5
20065,67,33,9
20066,247,33,3
20067,1149,33,7
20068,404,33,4
20069,222,33,2
20070,831,33,9
20071,378,33,9
20072,589,33,9
20073,916,33,2
20074,232,33,3
20075,670,33,1
20076,177,33,7
20077,642,33,8
20078,1089,33,8
20079,431,33,8
20080,761,33,3
20081,833,33,5
20082,675,33,1
20083,676,33,7
20084,853,33,5
20085,1225,33,5
20086,964,33,9
20087,481,33,10
20088,171,33,9
20089,340,33,10
20090,828,33,10
20091,1086,33,3
20092,462,33,7
20093,658,33,1
20094,937,33,2
20095,773,33,4
20096,1237,33,2
20097,759,33,10
20098,196,33,1
20099,55,33,8
20100,23,33,6
20101,149,33,3
20102,526,33,8
20103,927,33,10
20104,574,33,3
20105,575,33,1
20106,682,33,7
20107,246,33,9
20108,1142,33,9
20109,695,33,10
20110,39,33,5
20111,1075,33,2
20112,580,33,8
20113,1251,33,1
20114,1186,33,2
20115,742,33,2
20116,977,33,7
20117,932,33,7
20118,845,33,5
20119,396,33,9
20120,514,33,2
20121,694,33,8
20122,1158,33,1
20123,16,33,8
20124,1125,33,4
20125,638,33,10
20126,29,33,6
20127,822,33,7
20128,91,33,7
20129,738,33,8
20130,728,33,3
20131,727,33,6
20132,59,33,2
20133,175,33,7
20134,946,33,5
20135,324,33,1
20136,331,33,8
20137,561,33,6
20138,66,33,4
20139,1088,33,1
20140,1175,33,6
20141,217,33,4
20142,1201,33,6
20143,367,33,9
20144,502,33,8
20145,769,33,6
20146,18,33,9
20147,164,33,2
20148,533,33,10
20149,269,33,3
20150,764,33,4
20151,938,33,8
20152,182,33,3
20153,412,33,1
20154,490,33,7
20155,511,33,4
20156,65,33,2
20157,1161,33,6
20158,765,33,6
20159,458,33,1
20160,37,33,7
20161,441,33,7
20162,424,33,5
20163,737,33,4
20164,60,33,5
20165,550,33,6
20166,470,33,5
20167,624,33,6
20168,403,33,1
20169,351,33,2
20170,1224,33,10
20171,93,33,5
20172,1203,33,5
20173,704,33,7
20174,585,33,4
20175,608,33,10
20176,488,33,8
20177,743,33,7
20178,534,33,5
20179,366,33,1
20180,306,33,4
20181,972,33,5
20182,447,33,9
20183,9,33,9
20184,167,33,7
20185,300,33,8
20186,88,33,5
20187,173,33,3
20188,1250,33,9
20189,1192,33,8
20190,762,33,7
20191,1154,33,10
20192,378,34,10
20193,625,34,5
20194,682,34,9
20195,159,34,10
20196,352,34,1
20197,185,34,5
20198,514,34,5
20199,483,34,3
20200,638,34,8
20201,341,34,6
20202,461,34,4
20203,1253,34,10
20204,1269,34,10
20205,930,34,4
20206,653,34,3
20207,1168,34,1
20208,545,34,9
20209,57,34,4
20210,940,34,1
20211,20,34,6
20212,267,34,1
20213,644,34,1
20214,96,34,7
20215,1161,34,8
20216,402,34,6
20217,588,34,2
20218,315,34,3
20219,763,34,7
20220,251,34,10
20221,306,34,3
20222,578,34,2
20223,755,34,2
20224,734,34,7
20225,1181,34,8
20226,365,34,6
20227,496,34,2
20228,919,34,4
20229,1155,34,4
20230,942,34,10
20231,17,34,6
20232,219,34,3
20233,150,34,6
20234,430,34,3
20235,81,34,5
20236,135,34,8
20237,322,34,10
20238,89,34,6
20239,1198,34,9
20240,161,34,8
20241,191,34,6
20242,1191,34,9
20243,99,34,3
20244,561,34,2
20245,828,34,9
20246,283,34,1
20247,530,34,8
20248,231,34,1
20249,875,34,2
20250,311,34,6
20251,428,34,2
20252,627,34,5
20253,1214,34,2
20254,652,34,3
20255,1213,34,4
20256,1146,34,10
20257,1260,34,2
20258,732,34,4
20259,964,34,7
20260,172,34,6
20261,272,34,1
20262,1243,34,4
20263,486,34,8
20264,446,34,4
20265,1143,34,7
20266,634,34,9
20267,679,34,3
20268,367,34,5
20269,396,34,9
20270,1193,34,2
20271,605,34,3
20272,1176,34,5
20273,253,34,4
20274,1215,34,3
20275,220,34,4
20276,440,34,1
20277,387,34,5
20278,279,34,2
20279,1180,34,1
20280,1117,34,10
20281,671,34,8
20282,573,34,10
20283,204,34,10
20284,162,34,5
20285,666,34,10
20286,1257,34,10
20287,531,34,10
20288,1206,34,3
20289,347,34,5
20290,400,34,8
20291,818,34,9
20292,929,34,4
20293,60,34,1
20294,351,34,4
20295,243,34,9
20296,1087,34,9
20297,170,34,6
20298,95,34,3
20299,743,34,5
20300,391,34,2
20301,74,34,2
20302,195,34,5
20303,854,34,9
20304,1075,34,9
20305,543,34,2
20306,857,34,3
20307,938,34,8
20308,521,34,7
20309,1195,34,6
20310,809,34,7
20311,1145,34,9
20312,725,34,8
20313,633,34,8
20314,529,34,10
20315,174,34,7
20316,1156,34,6
20317,454,34,6
20318,547,34,4
20319,1169,34,10
20320,384,34,8
20321,1231,34,5
20322,278,34,3
20323,173,34,3
20324,692,34,10
20325,181,34,2
20326,1165,34,5
20327,957,34,7
20328,318,34,9
20329,1172,34,4
20330,439,34,5
20331,177,34,7
20332,1166,34,1
20333,728,34,9
20334,61,34,3
20335,1203,34,4
20336,374,34,2
20337,492,34,1
20338,1251,34,9
20339,245,34,2
20340,905,34,1
20341,701,34,1
20342,1177,34,5
20343,597,34,6
20344,457,34,10
20345,206,34,2
20346,408,34,1
20347,676,34,5
20348,1234,34,8
20349,935,34,6
20350,326,34,10
20351,274,34,9
20352,1271,34,4
20353,506,34,6
20354,304,34,10
20355,325,34,5
20356,379,34,10
20357,623,34,7
20358,532,34,7
20359,752,34,5
20360,382,34,2
20361,100,34,1
20362,449,34,10
20363,280,34,3
20364,872,34,8
20365,829,34,1
20366,574,34,7
20367,453,34,4
20368,1135,34,3
20369,507,34,1
20370,1085,34,2
20371,339,34,4
20372,549,34,5
20373,287,34,4
20374,602,34,7
20375,212,34,3
20376,962,34,8
20377,229,34,10
20378,1187,34,7
20379,72,34,1
20380,345,34,2
20381,686,34,10
20382,230,34,5
20383,680,34,7
20384,247,34,2
20385,490,34,6
20386,3,34,10
20387,615,34,8
20388,4,34,2
20389,276,34,6
20390,815,34,1
20391,715,34,4
20392,1107,34,5
20393,654,34,10
20394,1125,34,10
20395,954,34,7
20396,775,34,3
20397,1278,34,2
20398,1202,34,4
20399,823,34,4
20400,332,34,8
20401,533,34,6
20402,584,34,8
20403,234,34,1
20404,266,34,4
20405,194,34,4
20406,1183,34,1
20407,827,34,4
20408,1093,34,5
20409,773,34,4
20410,22,34,1
20411,756,34,8
20412,1080,34,5
20413,242,34,8
20414,941,34,8
20415,706,34,9
20416,931,34,1
20417,541,34,2
20418,305,34,8
20419,542,34,4
20420,16,34,2
20421,1248,34,6
20422,958,34,1
20423,166,34,2
20424,959,34,7
20425,407,34,2
20426,296,34,3
20427,555,34,5
20428,324,34,7
20429,88,34,4
20430,275,34,3
20431,564,34,1
20432,329,34,6
20433,673,34,10
20434,468,34,8
20435,297,34,1
20436,774,34,5
20437,458,34,1
20438,76,34,5
20439,104,34,6
20440,651,34,8
20441,1188,34,8
20442,237,34,5
20443,380,34,10
20444,383,34,9
20445,372,34,10
20446,189,34,1
20447,1088,34,2
20448,119,34,4
20449,796,34,1
20450,423,34,9
20451,1216,34,7
20452,724,34,5
20453,107,34,10
20454,1227,34,7
20455,1128,34,4
20456,1157,34,5
20457,576,34,4
20458,497,34,5
20459,1178,34,5
20460,678,34,8
20461,381,34,2
20462,228,34,6
20463,1122,34,5
20464,155,34,8
20465,502,34,7
20466,488,34,4
20467,429,34,5
20468,1114,34,1
20469,39,34,2
20470,232,34,1
20471,42,34,6
20472,881,34,7
20473,200,34,7
20474,471,34,7
20475,85,34,3
20476,974,34,1
20477,2,34,8
20478,950,34,5
20479,1133,34,10
20480,667,34,5
20481,665,34,4
20482,294,34,6
20483,687,34,1
20484,1217,34,9
20485,757,34,7
20486,708,34,6
20487,43,34,9
20488,149,34,3
20489,697,34,1
20490,386,34,1
20491,1189,34,10
20492,55,34,8
20493,735,34,8
20494,1167,34,1
20495,1261,34,2
20496,328,34,2
20497,642,34,3
20498,344,34,6
20499,1108,34,10
20500,691,34,4
20501,312,34,3
20502,445,34,2
20503,760,34,3
20504,188,34,10
20505,19,34,2
20506,437,34,4
20507,77,34,5
20508,419,34,5
20509,38,34,7
20510,217,34,1
20511,503,34,2
20512,1239,34,8
20513,672,34,4
20514,70,34,1
20515,469,34,3
20516,7,34,10
20517,270,34,9
20518,912,34,5
20519,619,34,4
20520,906,34,1
20521,371,34,4
20522,851,34,7
20523,444,34,5
20524,1097,34,2
20525,670,34,7
20526,598,34,6
20527,500,34,3
20528,157,34,2
20529,601,34,7
20530,849,34,10
20531,255,34,4
20532,389,34,2
20533,563,34,5
20534,397,34,10
20535,401,34,2
20536,909,34,5
20537,690,34,4
20538,472,34,1
20539,262,34,8
20540,87,34,4
20541,197,34,4
20542,366,34,1
20543,86,34,5
20544,817,34,10
20545,21,34,2
20546,509,34,10
20547,586,34,6
20548,295,34,6
20549,327,34,2
20550,618,34,1
20551,1110,34,1
20552,1245,34,5
20553,92,34,6
20554,258,34,1
20555,1240,34,7
20556,29,34,2
20557,1103,34,10
20558,591,34,5
20559,447,34,10
20560,393,34,6
20561,961,34,10
20562,977,34,1
20563,338,34,1
20564,108,34,2
20565,64,34,9
20566,1242,34,9
20567,1200,34,3
20568,1212,34,2
20569,233,34,1
20570,1086,34,6
20571,1207,34,8
20572,920,34,5
20573,1089,34,10
20574,880,34,7
20575,111,34,10
20576,319,34,2
20577,524,34,8
20578,201,34,1
20579,309,34,9
20580,660,34,5
20581,1141,34,3
20582,575,34,10
20583,1132,34,5
20584,479,34,2
20585,37,34,6
20586,1209,34,2
20587,884,34,8
20588,106,34,2
20589,1186,34,2
20590,403,34,9
20591,223,34,2
20592,556,34,5
20593,179,34,10
20594,1126,34,9
20595,418,34,7
20596,645,34,7
20597,1094,34,4
20598,646,34,3
20599,67,34,3
20600,90,34,4
20601,224,34,6
20602,8,34,6
20603,650,34,2
20604,5,34,4
20605,244,34,1
20606,832,34,6
20607,1105,34,10
20608,649,34,7
20609,40,34,5
20610,156,34,1
20611,491,34,9
20612,831,34,7
20613,517,34,10
20614,939,34,8
20615,544,34,7
20616,178,34,5
20617,1076,34,2
20618,357,34,10
20619,883,34,9
20620,153,34,1
20621,853,34,1
20622,612,34,2
20623,918,34,5
20624,1221,34,9
20625,462,34,4
20626,1115,34,7
20627,546,34,5
20628,937,34,5
20629,353,34,4
20630,193,34,1
20631,1175,34,2
20632,655,34,1
20633,23,34,5
20634,35,34,7
20635,1224,34,4
20636,594,34,8
20637,12,34,4
20638,1270,34,8
20639,590,34,8
20640,522,34,4
20641,841,34,5
20642,298,34,4
20643,269,34,8
20644,822,34,3
20645,434,34,6
20646,406,34,3
20647,643,34,4
20648,1091,34,1
20649,769,34,4
20650,364,34,2
20651,639,34,1
20652,559,34,5
20653,845,34,9
20654,1179,34,8
20655,936,34,5
20656,368,34,7
20657,394,34,4
20658,91,34,3
20659,720,34,9
20660,876,34,3
20661,221,34,5
20662,811,34,5
20663,662,34,5
20664,1264,34,9
20665,1158,34,10
20666,227,34,7
20667,582,34,1
20668,493,34,8
20669,1148,34,5
20670,392,34,5
20671,199,34,5
20672,478,34,2
20673,552,34,3
20674,395,34,9
20675,699,34,9
20676,1223,34,8
20677,821,34,4
20678,192,34,10
20679,69,34,1
20680,812,34,7
20681,260,34,10
20682,1152,34,10
20683,976,34,2
20684,855,34,7
20685,310,34,9
20686,334,34,6
20687,819,34,1
20688,916,34,7
20689,515,34,7
20690,284,34,6
20691,714,34,3
20692,770,34,8
20693,613,34,9
20694,432,34,6
20695,1123,34,7
20696,216,34,6
20697,93,34,5
20698,873,34,2
20699,241,34,5
20700,830,34,8
20701,1147,34,2
20702,917,34,6
20703,302,34,7
20704,293,34,9
20705,858,34,7
20706,1077,34,7
20707,572,34,9
20708,218,34,4
20709,1218,34,8
20710,1111,34,10
20711,737,34,6
20712,1229,34,1
20713,535,34,2
20714,410,34,1
20715,661,34,1
20716,354,34,7
20717,433,34,4
20718,53,34,7
20719,9,34,7
20720,1228,34,1
20721,263,34,8
20722,860,34,3
20723,1225,34,1
20724,1144,34,10
20725,579,34,7
20726,307,34,10
20727,614,34,3
20728,1,34,1
20729,226,34,7
20730,466,34,8
20731,1163,34,9
20732,1150,34,9
20733,411,34,1
20734,513,34,7
20735,474,34,2
20736,663,34,3
20737,951,34,9
20738,15,34,5
20739,600,34,4
20740,688,34,7
20741,1230,34,4
20742,1256,34,6
20743,34,34,10
20744,836,34,10
20745,213,34,5
20746,536,34,9
20747,1219,34,4
20748,452,34,1
20749,971,34,8
20750,313,34,4
20751,355,34,10
20752,44,34,6
20753,431,34,3
20754,14,34,8
20755,184,34,5
20756,504,34,10
20757,1232,34,4
20758,526,34,3
20759,46,34,9
20760,1136,34,6
20761,480,34,7
20762,424,34,10
20763,527,34,6
20764,208,34,4
20765,291,34,9
20766,10,34,5
20767,695,34,9
20768,712,34,1
20769,250,34,1
20770,550,34,3
20771,66,34,4
20772,187,34,2
20773,118,34,1
20774,482,34,1
20775,934,34,5
20776,807,34,9
20777,904,34,5
20778,1252,34,4
20779,163,34,5
20780,63,34,9
20781,844,34,2
20782,797,34,1
20783,1197,34,9
20784,215,34,3
20785,1159,34,2
20786,554,34,9
20787,489,34,9
20788,648,34,2
20789,346,34,7
20790,511,34,8
20791,1090,34,3
20792,62,34,9
20793,385,34,8
20794,609,34,2
20795,657,34,7
20796,975,34,1
20797,464,34,4
20798,498,34,3
20799,494,34,3
20800,629,34,8
20801,415,34,8
20802,300,34,7
20803,882,34,9
20804,754,34,2
20805,1220,34,9
20806,290,34,1
20807,852,34,9
20808,1151,34,5
20809,520,34,6
20810,442,34,10
20811,376,34,3
20812,505,34,4
20813,289,34,4
20814,608,34,1
20815,33,34,5
20816,1098,34,2
20817,1171,34,9
20818,71,34,3
20819,528,34,9
20820,160,34,9
20821,1095,34,5
20822,103,34,7
20823,1162,34,5
20824,540,34,4
20825,726,34,7
20826,1182,34,4
20827,580,34,10
20828,484,34,7
20829,510,34,3
20830,210,34,9
20831,1222,34,7
20832,948,34,6
20833,448,34,4
20834,1112,34,6
20835,560,34,5
20836,967,34,5
20837,421,34,5
20838,348,34,9
20839,1106,34,3
20840,303,34,5
20841,825,34,3
20842,455,34,8
20843,412,34,2
20844,1192,34,6
20845,30,34,7
20846,370,34,10
20847,640,34,1
20848,336,34,6
20849,31,34,2
20850,624,34,9
20851,422,34,5
20852,1109,34,4
20853,723,34,8
20854,669,34,8
20855,610,34,7
20856,84,34,5
20857,1267,34,1
20858,1134,34,3
20859,369,34,6
20860,810,34,8
20861,435,34,1
20862,658,34,9
20863,932,34,3
20864,677,34,3
20865,741,34,3
20866,82,34,2
20867,1104,34,8
20868,765,34,8
20869,705,34,2
20870,409,34,3
20871,171,34,4
20872,333,34,8
20873,487,34,3
20874,214,34,2
20875,180,34,9
20876,152,34,8
20877,176,34,5
20878,54,34,10
20879,970,34,1
20880,451,34,5
20881,753,34,10
20882,373,34,8
20883,1173,34,10
20884,772,34,7
20885,758,34,8
20886,585,34,6
20887,362,34,2
20888,693,34,10
20889,285,34,7
20890,607,34,10
20891,335,34,6
20892,465,34,1
20893,268,34,4
20894,927,34,6
20895,358,34,5
20896,767,34,4
20897,1096,34,9
20898,1241,34,6
20899,603,34,6
20900,1124,34,2
20901,342,34,10
20902,340,34,7
20903,317,34,4
20904,928,34,2
20905,744,34,2
20906,508,34,4
20907,265,34,1
20908,1238,34,5
20909,436,34,6
20910,441,34,10
20911,168,34,4
20912,764,34,6
20913,683,34,6
20914,413,34,3
20915,593,34,7
20916,740,34,10
20917,675,34,5
20918,273,34,4
20919,211,34,2
20920,239,34,5
20921,795,34,10
20922,738,34,8
20923,914,34,3
20924,856,34,4
20925,581,34,6
20926,1100,34,6
20927,175,34,9
20928,11,34,2
20929,109,34,5
20930,1119,34,5
20931,249,34,3
20932,960,34,4
20933,24,34,3
20934,207,34,2
20935,553,34,10
20936,659,34,7
20937,151,34,2
20938,1113,34,6
20939,630,34,8
20940,79,34,1
20941,685,34,4
20942,1131,34,3
20943,51,34,1
20944,48,34,10
20945,202,34,5
20946,330,34,2
20947,910,34,6
20948,843,34,10
20949,75,34,10
20950,299,34,7
20951,519,34,10
20952,65,34,10
20953,240,34,6
20954,360,34,6
20955,58,34,3
20956,538,34,4
20957,742,34,9
20958,562,34,9
20959,414,34,7
20960,390,34,8
20961,186,34,10
20962,952,34,8
20963,668,34,5
20964,846,34,6
20965,473,34,6
20966,116,34,7
20967,314,34,9
20968,966,34,4
20969,963,34,1
20970,913,34,7
20971,282,34,3
20972,1263,34,3
20973,1174,34,9
20974,301,34,5
20975,94,34,7
20976,637,34,6
20977,203,34,1
20978,596,34,6
20979,78,34,3
20980,182,34,5
20981,377,34,8
20982,52,34,1
20983,946,34,4
20984,1154,34,9
20985,534,34,10
20986,620,34,9
20987,1084,34,9
20988,375,34,9
20989,1199,34,10
20990,1099,34,2
20991,356,34,5
20992,256,34,3
20993,713,34,10
20994,973,34,9
20995,1127,34,3
20996,539,34,4
20997,45,34,3
20998,1196,34,6
20999,684,34,9
21000,286,34,8
21001,611,34,8
21002,27,34,2
21003,696,34,4
21004,1130,34,7
21005,110,34,4
21006,205,34,4
21007,551,34,5
21008,709,34,9
21009,518,34,8
21010,721,34,2
21011,548,34,4
21012,516,34,7
21013,316,34,10
21014,416,34,7
21015,183,34,8
21016,1246,34,8
21017,1235,34,10
21018,972,34,10
21019,246,34,10
21020,460,34,2
21021,632,34,3
21022,41,34,2
21023,18,34,4
21024,292,34,2
21025,1201,34,6
21026,425,34,10
21027,1258,34,6
21028,955,34,7
21029,759,34,5
21030,1262,34,1
21031,768,34,9
21032,826,34,5
21033,98,34,1
21034,236,34,5
21035,56,34,6
21036,1208,34,9
21037,1259,34,9
21038,689,34,10
21039,32,34,3
21040,136,34,2
21041,1205,34,3
21042,164,34,10
21043,583,34,10
21044,1254,34,9
21045,589,34,3
21046,631,34,3
21047,254,34,2
21048,704,34,2
21049,850,34,2
21050,158,34,8
21051,1129,34,5
21052,337,34,5
21053,911,34,7
21054,499,34,7
21055,1266,34,2
21056,288,34,3
21057,1250,34,5
21058,968,34,9
21059,595,34,8
21060,1092,34,7
21061,617,34,6
21062,320,34,3
21063,235,34,10
21064,599,34,2
21065,80,34,5
21066,1247,34,3
21067,470,34,7
21068,167,34,3
21069,1204,34,8
21070,248,34,3
21071,1236,34,4
21072,824,34,9
21073,616,34,8
21074,49,34,3
21075,277,34,7
21076,512,34,7
21077,6,34,9
21078,68,34,10
21079,47,34,10
21080,1164,34,10
21081,1224,35,1
21082,68,35,3
21083,448,35,3
21084,734,35,2
21085,186,35,1
21086,466,35,3
21087,720,35,8
21088,1154,35,10
21089,547,35,9
21090,553,35,1
21091,665,35,10
21092,1202,35,7
21093,167,35,5
21094,1172,35,2
21095,22,35,9
21096,331,35,8
21097,482,35,7
21098,72,35,5
21099,1117,35,8
21100,102,35,1
21101,5,35,9
21102,438,35,7
21103,297,35,2
21104,214,35,2
21105,240,35,2
21106,1094,35,1
21107,664,35,4
21108,1169,35,8
21109,334,35,1
21110,1076,35,2
21111,430,35,4
21112,1216,35,5
21113,495,35,7
21114,349,35,5
21115,364,35,6
21116,617,35,5
21117,290,35,5
21118,704,35,4
21119,341,35,8
21120,1146,35,10
21121,607,35,2
21122,1212,35,10
21123,880,35,3
21124,204,35,1
21125,623,35,10
21126,652,35,5
21127,108,35,5
21128,16,35,1
21129,1254,35,8
21130,723,35,8
21131,490,35,9
21132,826,35,10
21133,668,35,2
21134,71,35,3
21135,238,35,3
21136,1193,35,9
21137,964,35,2
21138,301,35,8
21139,73,35,10
21140,216,35,4
21141,291,35,4
21142,1214,35,6
21143,243,35,10
21144,13,35,4
21145,1149,35,10
21146,34,35,4
21147,593,35,8
21148,1252,35,7
21149,404,35,1
21150,832,35,8
21151,80,35,2
21152,209,35,4
21153,87,35,1
21154,875,35,7
21155,701,35,1
21156,1238,35,7
21157,1269,35,10
21158,976,35,2
21159,509,35,6
21160,564,35,10
21161,313,35,7
21162,267,35,6
21163,659,35,10
21164,522,35,7
21165,733,35,8
21166,159,35,10
21167,434,35,9
21168,249,35,3
21169,135,35,10
21170,594,35,10
21171,813,35,8
21172,1134,35,4
21173,446,35,5
21174,883,35,8
21175,65,35,2
21176,1166,35,10
21177,573,35,9
21178,705,35,8
21179,112,35,4
21180,61,35,4
21181,756,35,6
21182,383,35,4
21183,846,35,6
21184,103,35,9
21185,396,35,5
21186,770,35,8
21187,452,35,1
21188,539,35,8
21189,596,35,5
21190,611,35,8
21191,271,35,4
21192,206,35,1
21193,1249,35,8
21194,393,35,7
21195,246,35,2
21196,796,35,2
21197,609,35,4
21198,1141,35,5
21199,930,35,9
21200,106,35,3
21201,691,35,3
21202,38,35,9
21203,1142,35,3
21204,635,35,4
21205,696,35,4
21206,377,35,3
21207,1138,35,2
21208,773,35,9
21209,275,35,2
21210,576,35,7
21211,218,35,9
21212,497,35,3
21213,30,35,3
21214,182,35,7
21215,352,35,3
21216,32,35,1
21217,945,35,9
21218,542,35,6
21219,975,35,8
21220,303,35,5
21221,1223,35,2
21222,488,35,2
21223,314,35,9
21224,1208,35,4
21225,1229,35,5
21226,879,35,6
21227,671,35,3
21228,1159,35,5
21229,1106,35,6
21230,775,35,7
21231,1228,35,5
21232,653,35,10
21233,911,35,10
21234,587,35,5
21235,972,35,5
21236,171,35,1
21237,684,35,3
21238,471,35,6
21239,469,35,6
21240,1181,35,9
21241,967,35,2
21242,300,35,9
21243,626,35,2
21244,1121,35,4
21245,49,35,10
21246,959,35,1
21247,86,35,9
21248,250,35,2
21249,229,35,9
21250,818,35,1
21251,759,35,10
21252,1189,35,5
21253,620,35,4
21254,639,35,8
21255,1191,35,10
21256,1245,35,2
21257,149,35,10
21258,174,35,2
21259,669,35,3
21260,312,35,8
21261,199,35,4
21262,500,35,5
21263,960,35,5
21264,631,35,9
21265,94,35,1
21266,14,35,9
21267,445,35,5
21268,1075,35,1
21269,176,35,1
21270,562,35,8
21271,9,35,9
21272,458,35,4
21273,82,35,1
21274,484,35,5
21275,1123,35,8
21276,369,35,8
21277,695,35,3
21278,518,35,8
21279,530,35,4
21280,951,35,4
21281,315,35,10
21282,156,35,5
21283,531,35,6
21284,264,35,7
21285,712,35,3
21286,1255,35,7
21287,1095,35,9
21288,762,35,9
21289,178,35,9
21290,136,35,3
21291,973,35,10
21292,165,35,9
21293,18,35,9
21294,436,35,7
21295,619,35,5
21296,221,35,3
21297,753,35,6
21298,200,35,5
21299,1205,35,7
21300,1091,35,3
21301,1198,35,3
21302,1207,35,1
21303,273,35,3
21304,1148,35,1
21305,166,35,4
21306,157,35,9
21307,285,35,4
21308,151,35,10
21309,584,35,4
21310,299,35,5
21311,421,35,4
21312,914,35,7
21313,1257,35,3
21314,1110,35,8
21315,58,35,3
21316,505,35,2
21317,292,35,2
21318,1124,35,6
21319,644,35,1
21320,1176,35,1
21321,1250,35,2
21322,53,35,2
21323,970,35,3
21324,43,35,7
21325,1174,35,5
21326,909,35,7
21327,718,35,3
21328,191,35,10
21329,98,35,1
21330,757,35,4
21331,390,35,3
21332,1122,35,4
21333,195,35,9
21334,1137,35,8
21335,294,35,9
21336,451,35,1
21337,1218,35,2
21338,545,35,9
21339,510,35,3
21340,1140,35,8
21341,633,35,7
21342,1165,35,10
21343,858,35,5
21344,1237,35,7
21345,376,35,7
21346,164,35,9
21347,590,35,5
21348,192,35,9
21349,642,35,9
21350,625,35,1
21351,615,35,1
21352,727,35,10
21353,1125,35,1
21354,589,35,1
21355,1240,35,10
21356,422,35,8
21357,977,35,2
21358,650,35,3
21359,824,35,6
21360,513,35,6
21361,527,35,6
21362,370,35,7
21363,414,35,10
21364,1246,35,2
21365,1243,35,4
21366,1152,35,5
21367,1170,35,8
21368,583,35,9
21369,1234,35,6
21370,12,35,8
21371,232,35,1
21372,536,35,1
21373,57,35,10
21374,825,35,2
21375,3,35,9
21376,368,35,9
21377,1200,35,5
21378,386,35,8
21379,265,35,5
21380,524,35,8
21381,677,35,5
21382,735,35,6
21383,1217,35,8
21384,1153,35,1
21385,158,35,1
21386,819,35,6
21387,1145,35,7
21388,81,35,4
21389,118,35,10
21390,41,35,4
21391,429,35,2
21392,1096,35,5
21393,601,35,3
21394,719,35,7
21395,289,35,2
21396,1107,35,1
21397,47,36,5
21398,1157,36,8
21399,485,36,8
21400,657,36,4
21401,693,36,1
21402,1129,36,1
21403,201,36,3
21404,541,36,6
21405,516,36,7
21406,1147,36,8
21407,1130,36,10
21408,319,36,2
21409,572,36,10
21410,211,36,6
21411,1122,36,8
21412,668,36,1
21413,422,36,4
21414,402,36,2
21415,254,36,1
21416,632,36,6
21417,392,36,1
21418,595,36,6
21419,10,36,6
21420,731,36,6
21421,520,36,1
21422,497,36,2
21423,9,36,8
21424,825,36,9
21425,1089,36,9
21426,962,36,10
21427,286,36,2
21428,1160,36,1
21429,764,36,10
21430,170,36,5
21431,1263,36,8
21432,92,36,10
21433,1191,36,4
21434,204,36,6
21435,603,36,2
21436,333,36,5
21437,542,36,9
21438,688,36,8
21439,727,36,2
21440,968,36,2
21441,642,36,10
21442,604,36,3
21443,648,36,1
21444,679,36,6
21445,84,36,4
21446,692,36,8
21447,1086,36,2
21448,723,36,2
21449,407,36,3
21450,302,36,3
21451,1109,36,1
21452,221,36,6
21453,273,36,6
21454,229,36,4
21455,385,36,8
21456,1211,36,7
21457,1250,36,9
21458,1254,36,1
21459,1097,36,9
21460,824,36,5
21461,695,36,9
21462,165,36,6
21463,88,36,8
21464,18,36,4
21465,98,36,1
21466,453,36,3
21467,328,36,7
21468,725,36,8
21469,72,36,8
21470,493,36,4
21471,83,36,1
21472,1135,36,1
21473,1174,36,6
21474,227,36,2
21475,545,36,1
21476,310,36,10
21477,86,36,1
21478,186,36,3
21479,247,36,6
21480,295,36,7
21481,418,36,10
21482,623,36,2
21483,1236,36,2
21484,1111,36,3
21485,54,36,3
21486,1094,36,7
21487,90,36,2
21488,730,36,1
21489,851,36,5
21490,583,36,2
21491,197,36,5
21492,160,36,4
21493,1199,36,7
21494,586,36,2
21495,297,36,2
21496,1176,36,8
21497,1221,36,5
21498,181,36,4
21499,951,36,7
21500,941,36,6
21501,1178,36,6
21502,665,36,7
21503,174,36,4
21504,48,36,10
21505,916,36,4
21506,559,36,8
21507,362,36,3
21508,557,36,10
21509,856,36,3
21510,356,36,2
21511,167,36,8
21512,16,36,3
21513,961,36,2
21514,832,36,2
21515,663,36,3
21516,1197,36,8
21517,330,36,1
21518,1214,36,10
21519,613,36,10
21520,43,36,2
21521,536,36,7
21522,833,36,4
21523,49,36,1
21524,243,36,2
21525,912,36,5
21526,765,36,3
21527,304,36,2
21528,108,36,6
21529,643,36,9
21530,390,36,7
21531,1240,36,8
21532,222,36,7
21533,906,36,7
21534,1118,36,6
21535,432,36,5
21536,339,36,7
21537,368,36,2
21538,773,36,2
21539,102,36,2
21540,96,36,3
21541,676,36,8
21542,1196,36,6
21543,206,36,6
21544,755,36,6
21545,28,36,7
21546,882,36,6
21547,487,36,8
21548,492,36,3
21549,709,36,9
21550,689,36,6
21551,1172,36,9
21552,1095,36,1
21553,1235,36,2
21554,343,36,8
21555,389,36,4
21556,955,36,8
21557,972,36,3
21558,112,36,5
21559,277,36,9
21560,387,36,5
21561,435,36,5
21562,503,36,1
21563,525,36,3
21564,382,36,8
21565,246,36,1
21566,652,36,10
21567,634,36,7
21568,284,36,1
21569,577,36,1
21570,580,36,10
21571,732,36,4
21572,52,36,3
21573,359,36,7
21574,480,36,6
21575,722,36,3
21576,3,36,10
21577,219,36,3
21578,162,36,3
21579,598,36,1
21580,27,36,2
21581,29,36,8
21582,438,36,3
21583,757,36,8
21584,135,36,6
21585,275,36,4
21586,352,36,9
21587,268,36,4
21588,1212,36,10
21589,440,36,5
21590,960,36,6
21591,171,36,7
21592,615,36,6
21593,1136,36,7
21594,1126,36,3
21595,154,36,3
21596,647,36,6
21597,1120,36,5
21598,575,36,1
21599,661,36,7
21600,21,36,2
21601,855,36,9
21602,664,36,3
21603,177,36,7
21604,823,36,10
21605,65,36,8
21606,231,36,8
21607,540,36,2
21608,1246,36,6
21609,720,36,1
21610,367,36,5
21611,111,36,4
21612,929,36,4
21613,589,36,4
21614,212,36,3
21615,410,36,6
21616,156,36,5
21617,588,36,4
21618,1260,36,9
21619,182,36,3
21620,1193,36,5
21621,858,36,9
21622,816,36,6
21623,1098,36,3
21624,224,36,7
21625,880,36,8
21626,403,36,7
21627,235,36,9
21628,51,36,1
21629,423,36,2
21630,1159,36,2
21631,917,36,10
21632,217,36,5
21633,242,36,4
21634,278,36,6
21635,1179,36,6
21636,810,36,9
21637,266,36,2
21638,753,36,6
21639,1080,36,7
21640,1139,36,7
21641,1184,36,3
21642,1215,36,9
21643,958,36,1
21644,949,36,6
21645,653,36,4
21646,1127,36,8
21647,1131,36,9
21648,909,36,8
21649,1205,36,4
21650,666,36,1
21651,550,36,1
21652,4,36,5
21653,323,36,5
21654,316,36,5
21655,200,36,5
21656,1173,36,3
21657,454,36,9
21658,342,36,7
21659,341,36,6
21660,59,36,10
21661,849,36,5
21662,20,36,1
21663,60,36,2
21664,582,36,8
21665,380,36,6
21666,106,36,5
21667,529,36,7
21668,159,36,7
21669,1084,36,9
21670,638,36,7
21671,1167,36,5
21672,317,36,10
21673,307,36,9
21674,152,36,10
21675,601,36,2
21676,400,36,8
21677,62,36,3
21678,87,36,1
21679,315,36,8
21680,1175,36,4
21681,1264,36,9
21682,173,36,2
21683,484,36,10
21684,157,36,8
21685,597,36,4
21686,33,36,1
21687,314,36,2
21688,937,36,10
21689,1192,36,6
21690,1156,36,7
21691,289,36,8
21692,876,36,5
21693,847,36,8
21694,81,36,9
21695,820,36,6
21696,735,36,8
21697,1271,36,7
21698,276,36,7
21699,1208,36,5
21700,1269,36,3
21701,706,36,5
21702,93,36,7
21703,965,36,3
21704,1149,36,10
21705,1180,36,5
21706,733,36,3
21707,294,36,4
21708,482,36,8
21709,670,36,5
21710,375,36,1
21711,240,36,1
21712,760,36,4
21713,616,36,2
21714,192,36,6
21715,325,36,2
21716,69,36,10
21717,420,36,10
21718,610,36,7
21719,740,36,10
21720,1217,36,9
21721,936,36,10
21722,508,36,5
21723,756,36,1
21724,455,36,1
21725,107,36,4
21726,975,36,2
21727,651,36,6
21728,398,36,9
21729,45,36,3
21730,176,36,1
21731,1115,36,7
21732,220,36,5
21733,830,36,8
21734,1210,36,6
21735,918,36,7
21736,274,36,8
21737,522,36,4
21738,590,36,5
21739,829,36,5
21740,1153,36,6
21741,296,36,10
21742,466,36,3
21743,619,36,2
21744,1165,36,1
21745,332,36,6
21746,198,36,5
21747,1108,36,8
21748,1107,36,7
21749,1077,36,10
21750,796,36,3
21751,470,36,6
21752,563,36,3
21753,1,36,5
21754,1224,36,2
21755,1219,36,9
21756,523,36,1
21757,714,36,9
21758,345,36,4
21759,250,36,3
21760,724,36,6
21761,483,36,3
21762,715,36,7
21763,1182,36,6
21764,195,36,6
21765,1203,36,6
21766,1261,36,9
21767,477,36,5
21768,513,36,10
21769,591,36,9
21770,99,36,9
21771,608,36,1
21772,445,36,6
21773,347,36,6
21774,841,36,5
21775,852,36,6
21776,1245,36,10
21777,527,36,9
21778,758,36,2
21779,1278,36,10
21780,518,36,6
21781,461,36,6
21782,631,36,4
21783,911,36,1
21784,377,36,9
21785,844,36,6
21786,511,36,1
21787,913,36,1
21788,726,36,3
21789,708,36,4
21790,241,36,9
21791,291,36,2
21792,41,36,9
21793,927,36,7
21794,340,36,4
21795,338,36,10
21796,415,36,9
21797,521,36,2
21798,957,36,5
21799,1243,36,8
21800,1105,36,3
21801,373,36,1
21802,1106,36,9
21803,940,36,5
21804,57,36,6
21805,737,36,1
21806,429,36,3
21807,116,36,7
21808,1163,36,5
21809,1239,36,2
21810,1183,36,6
21811,89,36,5
21812,954,36,2
21813,205,36,1
21814,1233,36,9
21815,1247,36,6
21816,1267,36,4
21817,63,36,6
21818,682,36,1
21819,30,36,8
21820,1204,36,9
21821,594,36,5
21822,327,36,5
21823,932,36,9
21824,443,36,4
21825,672,36,10
21826,1220,36,2
21827,1100,36,10
21828,574,36,10
21829,44,36,7
21830,388,36,4
21831,408,36,2
21832,1125,36,5
21833,812,36,2
21834,744,36,8
21835,218,36,10
21836,1198,36,1
21837,399,36,7
21838,308,36,5
21839,1164,36,1
21840,630,36,6
21841,675,36,2
21842,543,36,7
21843,419,36,10
21844,719,36,10
21845,190,36,8
21846,1218,36,9
21847,53,36,1
21848,499,36,4
21849,515,36,6
21850,1207,36,6
21851,468,36,1
21852,1133,36,10
21853,1143,36,4
21854,464,36,7
21855,136,36,1
21856,1145,36,9
21857,80,36,7
21858,501,36,10
21859,602,36,2
21860,850,36,10
21861,826,36,5
21862,712,36,9
21863,469,36,8
21864,249,36,4
21865,660,36,1
21866,1085,36,3
21867,691,36,6
21868,14,36,1
21869,71,36,5
21870,437,36,3
21871,500,36,2
21872,1162,36,4
21873,971,36,4
21874,1116,36,5
21875,178,36,4
21876,193,36,8
21877,365,36,10
21878,311,36,3
21879,530,36,3
21880,1237,36,1
21881,496,36,10
21882,846,36,6
21883,35,36,8
21884,379,36,5
21885,414,36,8
21886,612,36,8
21887,421,36,1
21888,624,36,8
21889,587,36,9
21890,1112,36,2
21891,346,36,3
21892,300,36,4
21893,517,36,10
21894,40,36,3
21895,843,36,4
21896,411,36,7
21897,313,36,9
21898,828,36,1
21899,444,36,1
21900,196,36,3
21901,405,36,6
21902,548,36,3
21903,974,36,10
21904,413,36,7
21905,687,36,10
21906,61,36,4
21907,194,36,7
21908,386,36,1
21909,772,36,4
21910,694,36,10
21911,677,36,10
21912,77,36,9
21913,671,36,6
21914,324,36,10
21915,374,36,7
21916,12,36,8
21917,471,36,6
21918,1117,36,8
21919,546,36,9
21920,696,36,1
21921,697,36,9
21922,1169,36,4
21923,118,36,4
21924,1177,36,4
21925,930,36,1
21926,553,36,2
21927,704,36,5
21928,1200,36,8
21929,199,36,10
21930,495,36,9
21931,502,36,8
21932,549,36,2
21933,164,36,10
21934,701,36,5
21935,175,36,6
21936,754,36,5
21937,646,36,6
21938,449,36,8
21939,952,36,2
21940,1152,36,2
21941,1123,36,3
21942,351,36,9
21943,79,36,4
21944,56,36,5
21945,645,36,1
21946,109,36,2
21947,381,36,3
21948,1119,36,2
21949,448,36,9
21950,797,36,4
21951,1195,36,2
21952,226,36,3
21953,451,36,1
21954,17,36,9
21955,85,36,2
21956,581,36,10
21957,973,36,4
21958,873,36,10
21959,1166,36,10
21960,1168,36,5
21961,919,36,8
21962,633,36,5
21963,528,36,1
21964,1137,36,3
21965,807,36,4
21966,683,36,4
21967,301,36,10
21968,831,36,3
21969,822,36,5
21970,950,36,7
21971,596,36,1
21972,210,36,7
21973,1103,36,8
21974,68,36,2
21975,535,36,10
21976,299,36,5
21977,1142,36,3
21978,94,36,8
21979,183,36,4
21980,1229,36,9
21981,721,36,3
21982,600,36,1
21983,253,36,10
21984,761,36,3
21985,153,36,6
21986,1171,36,6
21987,1266,36,2
21988,547,36,4
21989,1167,37,9
21990,248,37,1
21991,564,37,2
21992,368,37,6
21993,1184,37,3
21994,1189,37,10
21995,10,37,10
21996,28,37,6
21997,358,37,9
21998,1206,37,9
21999,648,37,9
22000,291,37,9
22001,80,37,7
22002,697,37,3
22003,536,37,1
22004,1160,37,1
22005,1139,37,3
22006,162,37,7
22007,681,37,2
22008,226,37,1
22009,255,37,2
22010,7,37,10
22011,151,37,6
22012,544,37,10
22013,1194,37,1
22014,683,37,6
22015,1271,37,10
22016,824,37,10
22017,688,37,1
22018,187,37,10
22019,1107,37,9
22020,254,37,10
22021,1267,37,1
22022,164,37,8
22023,455,37,1
22024,311,37,3
22025,107,37,1
22026,1118,37,4
22027,580,37,7
22028,916,37,10
22029,709,37,6
22030,1223,37,3
22031,1269,37,3
22032,1148,37,2
22033,45,37,1
22034,347,37,7
22035,614,37,4
22036,445,37,4
22037,158,37,9
22038,907,37,7
22039,880,37,4
22040,170,37,3
22041,40,37,7
22042,20,37,5
22043,62,37,8
22044,625,37,1
22045,461,37,10
22046,377,37,10
22047,486,37,3
22048,319,37,9
22049,491,37,5
22050,1115,37,3
22051,1145,37,1
22052,680,37,10
22053,1174,37,1
22054,841,37,9
22055,334,37,7
22056,135,37,4
22057,338,37,10
22058,425,37,10
22059,1144,37,3
22060,1089,37,3
22061,458,37,6
22062,836,37,3
22063,654,37,9
22064,669,37,5
22065,619,37,6
22066,95,37,1
22067,612,37,7
22068,44,37,10
22069,906,37,2
22070,520,37,2
22071,344,37,3
22072,1140,37,8
22073,203,37,7
22074,961,37,9
22075,246,37,1
22076,444,37,8
22077,195,37,6
22078,1092,37,10
22079,280,37,3
22080,58,37,10
22081,213,37,8
22082,380,37,7
22083,1126,37,4
22084,597,37,9
22085,1244,37,5
22086,202,37,10
22087,237,37,1
22088,1138,37,7
22089,474,37,8
22090,1216,37,5
22091,684,37,1
22092,89,37,1
22093,451,37,10
22094,1222,37,9
22095,372,37,7
22096,1124,37,5
22097,1094,37,10
22098,513,37,5
22099,1237,37,3
22100,488,37,1
22101,1158,37,5
22102,528,37,7
22103,394,37,4
22104,481,37,2
22105,1187,37,2
22106,313,37,8
22107,1239,37,7
22108,1182,37,1
22109,555,37,4
22110,1254,37,1
22111,655,37,9
22112,1204,37,7
22113,762,37,10
22114,962,37,3
22115,1127,37,9
22116,643,37,4
22117,53,37,5
22118,1154,37,5
22119,136,37,2
22120,651,37,4
22121,1098,37,8
22122,19,37,2
22123,167,37,7
22124,250,37,3
22125,470,37,7
22126,910,37,8
22127,691,37,2
22128,511,37,10
22129,282,37,6
22130,263,37,10
22131,156,37,1
22132,726,37,5
22133,879,37,9
22134,674,37,1
22135,106,37,4
22136,965,37,5
22137,1131,37,8
22138,289,37,3
22139,317,37,6
22140,287,37,8
22141,152,37,4
22142,526,37,3
22143,1120,37,4
22144,376,37,3
22145,975,37,10
22146,339,37,7
22147,940,37,10
22148,624,37,6
22149,401,37,5
22150,14,37,2
22151,1242,37,2
22152,630,37,1
22153,36,37,9
22154,826,37,8
22155,1125,37,10
22156,857,37,2
22157,1183,37,3
22158,206,37,8
22159,820,37,3
22160,1119,37,8
22161,210,37,10
22162,345,37,1
22163,548,37,2
22164,1178,37,3
22165,33,37,10
22166,540,37,1
22167,908,37,5
22168,52,37,8
22169,976,37,8
22170,1190,37,6
22171,385,37,8
22172,160,37,10
22173,1229,37,5
22174,695,37,2
22175,797,37,9
22176,57,37,5
22177,758,37,7
22178,591,37,2
22179,728,37,10
22180,283,37,1
22181,262,37,5
22182,761,37,5
22183,905,37,1
22184,1262,37,5
22185,9,37,3
22186,1220,37,8
22187,324,37,5
22188,18,37,1
22189,977,37,8
22190,337,37,6
22191,299,37,9
22192,16,37,5
22193,331,37,2
22194,478,37,5
22195,184,37,3
22196,56,37,1
22197,812,37,10
22198,822,37,7
22199,161,37,1
22200,71,37,10
22201,727,37,10
22202,1200,37,6
22203,322,37,4
22204,86,37,9
22205,1238,37,9
22206,244,37,4
22207,1147,37,6
22208,1168,37,7
22209,330,37,10
22210,951,37,7
22211,935,37,4
22212,521,37,3
22213,1265,37,7
22214,500,37,2
22215,17,37,4
22216,572,37,8
22217,642,37,10
22218,772,37,4
22219,1202,37,7
22220,763,37,6
22221,228,37,1
22222,946,37,8
22223,404,37,8
22224,813,37,9
22225,1133,37,6
22226,191,37,5
22227,845,37,6
22228,814,37,5
22229,740,37,7
22230,1227,37,3
22231,181,37,8
22232,365,37,1
22233,1143,37,6
22234,208,37,2
22235,632,37,9
22236,1248,37,1
22237,596,37,8
22238,502,37,3
22239,607,37,3
22240,682,37,8
22241,430,37,5
22242,117,37,9
22243,560,37,6
22244,618,37,4
22245,364,37,1
22246,1179,37,5
22247,1228,37,6
22248,64,37,4
22249,1076,37,1
22250,577,37,5
22251,849,37,10
22252,111,37,7
22253,277,37,9
22254,1108,37,10
22255,223,37,2
22256,55,37,10
22257,699,37,1
22258,264,37,1
22259,189,37,1
22260,118,37,6
22261,271,37,8
22262,437,37,2
22263,50,37,2
22264,482,37,7
22265,480,37,9
22266,361,37,2
22267,416,37,5
22268,392,37,1
22269,1112,37,2
22270,585,37,1
22271,200,37,10
22272,1103,37,7
22273,51,37,10
22274,507,37,4
22275,349,37,5
22276,436,37,7
22277,267,37,9
22278,541,37,6
22279,1164,37,8
22280,918,37,7
22281,583,37,10
22282,22,37,9
22283,715,37,10
22284,81,37,1
22285,590,37,9
22286,214,37,1
22287,539,37,8
22288,690,37,6
22289,725,37,7
22290,634,37,7
22291,75,37,3
22292,934,37,5
22293,155,37,10
22294,1246,37,7
22295,609,37,8
22296,375,37,10
22297,47,37,6
22298,913,37,9
22299,825,37,2
22300,969,37,10
22301,296,37,9
22302,25,37,4
22303,329,37,8
22304,207,37,9
22305,587,37,9
22306,629,37,10
22307,253,37,4
22308,559,37,3
22309,492,37,7
22310,442,37,9
22311,546,37,1
22312,610,37,7
22313,348,37,6
22314,1153,37,7
22315,860,37,3
22316,405,37,9
22317,945,37,9
22318,1186,37,2
22319,312,37,10
22320,909,37,5
22321,732,37,9
22322,452,37,3
22323,672,37,5
22324,633,37,6
22325,1097,37,4
22326,421,37,1
22327,236,37,10
22328,730,37,10
22329,32,37,2
22330,205,37,1
22331,504,37,7
22332,744,37,7
22333,1163,37,9
22334,1224,37,2
22335,679,37,2
22336,884,37,7
22337,752,37,10
22338,221,37,6
22339,1260,37,6
22340,4,37,10
22341,657,37,1
22342,153,37,7
22343,599,37,3
22344,831,37,4
22345,927,37,3
22346,363,37,4
22347,341,37,9
22348,352,37,10
22349,955,37,3
22350,269,37,10
22351,523,37,9
22352,1180,37,10
22353,413,37,9
22354,1205,37,9
22355,439,37,7
22356,1111,37,8
22357,608,37,1
22358,671,37,9
22359,796,37,9
22360,279,37,7
22361,110,37,10
22362,12,37,5
22363,68,37,10
22364,79,37,2
22365,1142,37,7
22366,65,37,10
22367,383,37,8
22368,63,37,10
22369,833,37,6
22370,314,37,6
22371,1170,37,5
22372,638,37,1
22373,700,37,3
22374,595,37,6
22375,1157,37,2
22376,485,37,2
22377,306,37,8
22378,298,37,9
22379,398,37,5
22380,104,37,9
22381,342,37,9
22382,685,37,2
22383,525,37,10
22384,954,37,5
22385,400,37,3
22386,705,37,1
22387,1156,37,9
22388,818,37,3
22389,661,37,1
22390,952,37,5
22391,743,37,1
22392,958,37,9
22393,1128,37,5
22394,795,37,8
22395,35,37,9
22396,759,37,2
22397,914,37,1
22398,196,37,1
22399,939,37,10
22400,733,37,3
22401,446,37,1
22402,774,37,6
22403,410,37,4
22404,469,37,8
22405,496,37,7
22406,1105,37,7
22407,220,37,6
22408,396,37,7
22409,304,37,10
22410,336,37,2
22411,186,37,7
22412,100,37,6
22413,231,37,4
22414,218,37,5
22415,562,37,1
22416,212,37,1
22417,173,37,7
22418,514,37,5
22419,1209,37,4
22420,660,37,4
22421,561,37,5
22422,66,37,8
22423,258,37,6
22424,465,37,10
22425,297,37,4
22426,757,37,6
22427,929,37,9
22428,620,37,3
22429,853,37,8
22430,356,37,2
22431,753,37,8
22432,1250,37,6
22433,224,37,6
22434,1256,37,4
22435,235,37,2
22436,760,37,7
22437,626,37,1
22438,953,37,3
22439,941,37,5
22440,487,37,3
22441,41,37,1
22442,54,37,8
22443,543,37,1
22444,1117,37,7
22445,454,37,1
22446,3,37,8
22447,185,37,4
22448,1196,37,3
22449,704,37,7
22450,631,37,3
22451,462,37,3
22452,211,37,4
22453,91,37,10
22454,556,37,6
22455,724,37,3
22456,290,37,6
22457,227,37,7
22458,816,37,2
22459,31,37,3
22460,391,37,10
22461,1100,37,7
22462,723,37,8
22463,42,37,5
22464,696,37,9
22465,61,37,9
22466,692,37,1
22467,573,37,6
22468,1134,37,3
22469,530,37,5
22470,499,37,10
22471,293,37,9
22472,67,37,1
22473,174,37,3
22474,422,37,6
22475,92,37,2
22476,647,37,6
22477,242,37,2
22478,286,37,1
22479,936,37,2
22480,1151,37,9
22481,88,37,6
22482,204,37,1
22483,972,37,7
22484,735,37,5
22485,829,37,10
22486,553,37,5
22487,473,37,4
22488,247,37,10
22489,1234,37,5
22490,116,37,4
22491,911,37,8
22492,340,37,6
22493,415,37,8
22494,563,37,3
22495,374,37,10
22496,581,37,10
22497,593,37,3
22498,1129,37,3
22499,1084,37,2
22500,233,37,2
22501,770,37,3
22502,222,37,3
22503,27,37,2
22504,659,37,8
22505,165,37,4
22506,109,37,5
22507,542,37,3
22508,963,37,1
22509,112,37,5
22510,11,37,7
22511,1132,37,3
22512,300,37,5
22513,872,37,2
22514,1113,37,1
22515,371,37,5
22516,964,37,2
22517,83,37,9
22518,489,37,7
22519,479,37,2
22520,199,37,6
22521,879,38,3
22522,70,38,6
22523,165,38,4
22524,1117,38,1
22525,168,38,5
22526,856,38,4
22527,181,38,2
22528,1190,38,5
22529,705,38,1
22530,45,38,10
22531,725,38,6
22532,107,38,7
22533,226,38,2
22534,531,38,4
22535,371,38,4
22536,312,38,8
22537,473,38,9
22538,445,38,2
22539,668,38,4
22540,1262,38,7
22541,976,38,9
22542,405,38,3
22543,46,38,8
22544,578,38,7
22545,918,38,10
22546,329,38,8
22547,656,38,10
22548,61,38,6
22549,236,38,2
22550,283,38,5
22551,741,38,2
22552,755,38,1
22553,435,38,7
22554,33,38,10
22555,1214,38,7
22556,71,38,7
22557,34,38,5
22558,484,38,10
22559,315,38,10
22560,620,38,8
22561,970,38,4
22562,539,38,10
22563,1266,38,1
22564,614,38,7
22565,247,38,3
22566,733,38,1
22567,273,38,10
22568,1241,38,8
22569,1251,38,9
22570,1216,38,2
22571,905,38,10
22572,212,38,3
22573,721,38,5
22574,108,38,9
22575,57,38,8
22576,627,38,5
22577,392,38,9
22578,977,38,7
22579,94,38,6
22580,421,38,4
22581,682,38,3
22582,1263,38,7
22583,618,38,5
22584,413,38,9
22585,192,38,4
22586,1148,38,5
22587,728,38,9
22588,249,38,5
22589,934,38,10
22590,198,38,4
22591,562,38,1
22592,67,38,9
22593,949,38,3
22594,41,38,7
22595,1223,38,1
22596,875,38,4
22597,50,38,1
22598,153,38,1
22599,399,38,3
22600,850,38,2
22601,916,38,10
22602,517,38,6
22603,549,38,4
22604,817,38,7
22605,1239,38,6
22606,448,38,3
22607,522,38,3
22608,245,38,3
22609,1250,38,9
22610,299,38,4
22611,189,38,6
22612,156,38,3
22613,91,38,5
22614,296,38,9
22615,629,38,5
22616,208,38,2
22617,1107,38,6
22618,563,38,2
22619,32,38,9
22620,418,38,5
22621,417,38,5
22622,391,38,10
22623,672,38,6
22624,834,38,1
22625,267,38,2
22626,292,38,1
22627,1221,38,8
22628,852,38,9
22629,1100,38,1
22630,380,38,5
22631,155,38,7
22632,338,38,6
22633,594,38,10
22634,619,38,1
22635,1124,38,5
22636,314,38,3
22637,419,38,7
22638,432,38,4
22639,523,38,1
22640,685,38,9
22641,214,38,9
22642,973,38,8
22643,323,38,9
22644,272,38,7
22645,11,38,3
22646,363,38,8
22647,305,38,8
22648,689,38,10
22649,318,38,4
22650,826,38,2
22651,833,38,9
22652,704,38,7
22653,5,38,5
22654,681,38,7
22655,843,38,6
22656,1085,38,10
22657,719,38,3
22658,281,38,6
22659,652,38,10
22660,433,38,7
22661,849,38,8
22662,696,38,3
22663,504,38,10
22664,726,38,1
22665,26,38,1
22666,485,38,9
22667,910,38,9
22668,251,38,6
22669,763,38,10
22670,68,38,1
22671,492,38,5
22672,579,38,3
22673,637,38,7
22674,332,38,8
22675,1176,38,4
22676,935,38,8
22677,775,38,10
22678,24,38,10
22679,796,38,1
22680,178,38,8
22681,270,38,2
22682,213,38,8
22683,545,38,7
22684,2,38,5
22685,442,38,10
22686,361,38,7
22687,488,38,7
22688,18,38,9
22689,1181,38,10
22690,958,38,10
22691,250,38,10
22692,1205,38,6
22693,552,38,1
22694,439,38,1
22695,1182,38,9
22696,679,38,5
22697,321,38,7
22698,827,38,4
22699,483,38,7
22700,496,38,2
22701,1225,38,5
22702,513,38,2
22703,643,38,7
22704,290,38,7
22705,590,38,2
22706,1144,38,9
22707,538,38,7
22708,402,38,3
22709,732,38,1
22710,1087,38,5
22711,277,38,3
22712,730,38,7
22713,1090,38,2
22714,907,38,2
22715,1167,38,3
22716,225,38,2
22717,690,38,3
22718,740,38,8
22719,82,38,9
22720,1242,38,7
22721,769,38,7
22722,795,38,3
22723,752,38,5
22724,9,38,3
22725,1215,38,3
22726,1161,38,5
22727,1259,38,2
22728,438,38,9
22729,611,38,1
22730,381,38,5
22731,511,38,2
22732,623,38,5
22733,1142,38,6
22734,154,38,8
22735,104,38,8
22736,699,38,6
22737,434,38,9
22738,759,38,10
22739,713,38,8
22740,688,38,3
22741,1075,38,8
22742,647,38,7
22743,884,38,8
22744,16,38,3
22745,364,38,2
22746,223,38,4
22747,233,38,10
22748,243,38,6
22749,386,38,9
22750,1137,38,1
22751,211,38,8
22752,415,38,2
22753,261,38,8
22754,48,38,5
22755,355,38,3
22756,966,38,3
22757,204,38,6
22758,298,38,8
22759,1129,38,6
22760,559,38,9
22761,501,38,1
22762,302,38,6
22763,671,38,8
22764,150,38,1
22765,294,38,4
22766,532,38,3
22767,919,38,5
22768,687,38,2
22769,1147,38,4
22770,1111,38,6
22771,1077,38,3
22772,655,38,10
22773,536,38,7
22774,1278,38,6
22775,972,38,7
22776,324,38,6
22777,664,38,4
22778,35,38,2
22779,1174,38,5
22780,659,38,2
22781,632,38,10
22782,808,38,1
22783,1088,38,4
22784,170,38,10
22785,1217,38,9
22786,847,38,2
22787,163,38,7
22788,257,38,7
22789,825,38,3
22790,764,38,4
22791,333,38,6
22792,602,38,1
22793,190,38,7
22794,195,38,8
22795,1158,38,6
22796,470,38,1
22797,401,38,1
22798,53,38,3
22799,708,38,9
22800,574,38,1
22801,379,38,8
22802,715,38,10
22803,1260,38,9
22804,674,38,9
22805,20,38,3
22806,263,38,2
22807,1196,38,4
22808,561,38,8
22809,932,38,2
22810,1163,38,4
22811,357,38,8
22812,207,38,9
22813,311,38,6
22814,937,38,5
22815,465,39,2
22816,920,39,10
22817,1148,39,7
22818,366,39,6
22819,1173,39,5
22820,1143,39,4
22821,412,39,3
22822,30,39,1
22823,1129,39,10
22824,963,39,10
22825,37,39,6
22826,1166,39,9
22827,610,39,2
22828,29,39,7
22829,382,39,6
22830,694,39,4
22831,876,39,5
22832,601,39,3
22833,632,39,8
22834,607,39,9
22835,573,39,8
22836,92,39,8
22837,721,39,2
22838,661,39,8
22839,192,39,2
22840,662,39,9
22841,247,39,9
22842,337,39,7
22843,663,39,8
22844,884,39,9
22845,575,39,6
22846,741,39,10
22847,84,39,6
22848,594,39,1
22849,909,39,3
22850,354,39,9
22851,1229,39,2
22852,927,39,4
22853,1162,39,9
22854,393,39,4
22855,588,39,10
22856,907,39,1
22857,245,39,3
22858,530,39,6
22859,340,39,8
22860,184,39,6
22861,63,39,6
22862,69,39,5
22863,619,39,10
22864,578,39,6
22865,1193,39,7
22866,433,39,2
22867,497,39,7
22868,1116,39,1
22869,563,39,4
22870,1183,39,3
22871,637,39,6
22872,335,39,4
22873,932,39,10
22874,388,39,3
22875,666,39,10
22876,555,39,10
22877,176,39,3
22878,796,39,4
22879,620,39,5
22880,880,39,9
22881,236,39,2
22882,916,39,10
22883,32,39,10
22884,975,39,4
22885,582,39,2
22886,591,39,5
22887,960,39,5
22888,1164,39,1
22889,238,39,2
22890,197,39,4
22891,809,39,3
22892,375,39,7
22893,22,39,7
22894,1084,39,6
22895,646,39,5
22896,1219,39,9
22897,285,39,9
22898,377,39,3
22899,204,39,7
22900,832,39,9
22901,267,39,8
22902,495,39,7
22903,319,39,1
22904,642,39,4
22905,836,39,9
22906,1216,39,8
22907,487,39,3
22908,964,39,6
22909,513,39,3
22910,533,39,7
22911,524,39,5
22912,385,39,5
22913,73,39,8
22914,209,39,10
22915,368,39,6
22916,161,39,10
22917,409,39,6
22918,1246,39,4
22919,639,39,1
22920,723,39,4
22921,458,39,5
22922,656,39,2
22923,548,39,3
22924,322,39,4
22925,7,39,6
22926,171,39,6
22927,159,39,2
22928,72,39,8
22929,401,39,5
22930,1149,39,10
22931,112,39,10
22932,165,39,7
22933,841,39,1
22934,904,39,8
22935,1165,39,8
22936,492,39,7
22937,1269,39,9
22938,191,39,1
22939,728,39,9
22940,166,39,2
22941,664,39,2
22942,79,39,2
22943,434,39,3
22944,283,39,5
22945,691,39,10
22946,1138,39,6
22947,173,39,6
22948,701,39,6
22949,1251,39,4
22950,536,39,6
22951,198,39,10
22952,301,39,9
22953,64,39,8
22954,1212,39,1
22955,682,39,2
22956,969,39,10
22957,938,39,6
22958,315,39,2
22959,389,39,3
22960,1098,39,5
22961,44,39,3
22962,733,39,7
22963,38,39,2
22964,1227,39,9
22965,344,39,3
22966,451,39,7
22967,290,39,5
22968,167,39,9
22969,321,39,5
22970,1118,39,8
22971,657,39,10
22972,334,39,1
22973,850,39,7
22974,399,39,4
22975,625,39,3
22976,288,39,10
22977,734,39,4
22978,416,39,3
22979,331,39,7
22980,638,39,4
22981,418,39,7
22982,438,39,8
22983,761,39,3
22984,187,39,9
22985,425,39,9
22986,512,39,2
22987,704,39,5
22988,23,39,6
22989,689,39,6
22990,1096,39,2
22991,179,39,3
22992,374,39,2
22993,918,39,9
22994,562,39,7
22995,468,39,4
22996,759,39,4
22997,48,39,8
22998,74,39,8
22999,1139,39,1
23000,914,39,8
23001,295,39,6
23002,503,39,1
23003,291,39,5
23004,361,39,4
23005,216,39,8
23006,312,39,8
23007,654,39,2
23008,302,39,9
23009,699,39,1
23010,1228,39,1
23011,833,39,1
23012,965,39,3
23013,1248,39,1
23014,390,39,2
23015,1153,39,8
23016,221,39,9
23017,373,39,1
23018,1211,39,3
23019,541,39,10
23020,673,39,1
23021,386,39,7
23022,308,39,8
23023,515,39,6
23024,35,39,4
23025,402,39,5
23026,327,39,10
23027,1141,39,5
23028,1075,39,1
23029,437,39,2
23030,91,39,9
23031,544,39,3
23032,505,39,6
23033,269,39,10
23034,396,39,5
23035,948,39,9
23036,297,39,10
23037,49,39,2
23038,339,39,2
23039,345,39,6
23040,62,39,2
23041,265,39,7
23042,828,39,5
23043,770,39,2
23044,307,39,3
23045,1217,39,7
23046,1109,39,10
23047,1140,39,2
23048,676,39,9
23049,180,39,9
23050,444,39,6
23051,1254,39,10
23052,83,39,10
23053,300,39,7
23054,90,39,2
23055,39,39,1
23056,946,39,2
23057,1218,39,10
23058,403,39,8
23059,464,39,6
23060,228,39,1
23061,687,39,8
23062,211,39,3
23063,1106,39,1
23064,118,39,5
23065,253,39,7
23066,577,39,7
23067,266,39,2
23068,227,39,7
23069,684,39,5
23070,353,39,8
23071,189,39,1
23072,395,39,6
23073,1194,39,1
23074,207,39,7
23075,580,39,5
23076,17,39,7
23077,217,39,10
23078,813,39,9
23079,52,39,4
23080,1160,39,1
23081,421,39,10
23082,215,39,10
23083,24,39,9
23084,357,39,6
23085,67,39,7
23086,313,39,2
23087,545,39,2
23088,831,39,10
23089,968,39,7
23090,1234,39,10
23091,718,39,2
23092,617,39,4
23093,553,39,10
23094,612,39,6
23095,164,39,3
23096,20,39,8
23097,484,39,5
23098,1179,39,1
23099,692,39,6
23100,547,39,3
23101,940,39,10
23102,1267,39,4
23103,1142,39,7
23104,935,39,4
23105,163,39,9
23106,572,39,4
23107,1263,39,4
23108,362,39,6
23109,1231,39,9
23110,481,39,3
23111,860,39,4
23112,815,39,9
23113,1247,39,2
23114,188,39,6
23115,919,39,7
23116,706,39,1
23117,678,39,5
23118,493,39,1
23119,1123,39,8
23120,59,39,9
23121,855,39,7
23122,556,39,3
23123,149,39,10
23124,713,39,2
23125,478,39,8
23126,971,39,1
23127,504,39,8
23128,1265,39,4
23129,775,39,6
23130,1189,39,9
23131,441,39,1
23132,735,39,6
23133,593,39,3
23134,614,39,3
23135,398,39,1
23136,485,39,7
23137,956,39,10
23138,455,39,5
23139,683,39,7
23140,1092,39,2
23141,653,39,3
23142,882,39,6
23143,1113,39,10
23144,309,39,3
23145,1203,39,1
23146,383,39,5
23147,88,39,7
23148,1163,39,7
23149,45,39,10
23150,58,39,2
23151,826,39,9
23152,225,39,3
23153,525,39,4
23154,827,39,2
23155,380,39,3
23156,195,39,1
23157,910,39,3
23158,314,39,5
23159,1199,39,9
23160,616,39,5
23161,257,39,5
23162,939,39,10
23163,499,39,1
23164,851,39,5
23165,428,39,7
23166,753,39,9
23167,1169,39,5
23168,705,39,8
23169,648,39,10
23170,724,39,9
23171,1221,39,6
23172,1271,39,5
23173,1196,39,3
23174,471,39,4
23175,469,39,5
23176,596,39,4
23177,246,39,6
23178,554,39,1
23179,107,39,6
23180,212,39,9
23181,962,39,5
23182,367,39,5
23183,1250,39,5
23184,310,39,6
23185,134,39,5
23186,294,39,7
23187,764,39,2
23188,1110,39,6
23189,86,39,9
23190,1270,39,3
23191,1,39,6
23192,445,39,10
23193,756,39,3
23194,1125,39,1
23195,586,39,2
23196,440,39,9
23197,1252,39,9
23198,966,39,8
23199,647,39,8
23200,55,39,6
23201,158,39,4
23202,974,39,3
23203,1145,39,8
23204,847,39,8
23205,6,39,9
23206,743,39,8
23207,752,39,7
23208,491,39,7
23209,693,39,9
23210,696,39,2
23211,71,39,1
23212,152,39,4
23213,1093,39,10
23214,651,39,9
23215,1128,39,7
23216,958,39,3
23217,1239,39,6
23218,281,39,2
23219,97,39,9
23220,11,39,10
23221,448,39,3
23222,89,39,8
23223,1135,39,1
23224,405,39,2
23225,972,39,7
23226,186,39,1
23227,823,39,1
23228,816,39,4
23229,222,39,3
23230,609,39,3
23231,917,39,1
23232,1115,39,4
23233,846,39,4
23234,1233,39,10
23235,675,39,5
23236,534,39,10
23237,1205,39,9
23238,934,39,6
23239,679,39,5
23240,406,39,6
23241,502,39,6
23242,100,39,8
23243,154,39,10
23244,384,39,1
23245,1105,39,7
23246,643,39,6
23247,1198,39,4
23248,1190,39,8
23249,151,39,2
23250,857,39,8
23251,116,39,6
23252,318,39,8
23253,520,39,3
23254,595,39,4
23255,400,39,9
23256,474,39,7
23257,629,39,2
23258,196,39,4
23259,523,39,5
23260,538,39,1
23261,272,39,6
23262,177,39,3
23263,1262,39,5
23264,843,39,4
23265,404,39,5
23266,712,39,7
23267,1099,39,7
23268,40,39,10
23269,410,39,2
23270,1157,39,1
23271,722,39,6
23272,1144,39,5
23273,174,39,3
23274,202,39,10
23275,928,39,7
23276,218,39,7
23277,845,39,10
23278,439,39,10
23279,47,39,6
23280,540,39,7
23281,1223,39,8
23282,435,39,9
23283,883,39,4
23284,378,39,5
23285,765,39,8
23286,258,39,2
23287,182,39,9
23288,581,39,1
23289,516,39,2
23290,1174,39,10
23291,626,39,3
23292,1120,39,2
23293,1090,39,8
23294,1156,39,9
23295,1126,39,6
23296,1133,39,5
23297,1256,39,5
23298,587,39,8
23299,93,39,7
23300,1175,39,10
23301,12,39,3
23302,250,39,7
23303,561,39,4
23304,1130,39,4
23305,51,39,2
23306,358,39,2
23307,305,39,5
23308,324,39,10
23309,1184,39,2
23310,98,39,9
23311,1097,39,1
23312,1100,39,9
23313,772,39,3
23314,270,39,5
23315,326,39,5
23316,135,39,7
23317,299,39,8
23318,1152,39,9
23319,99,39,2
23320,507,39,10
23321,50,39,2
23322,461,39,10
23323,763,39,2
23324,645,39,3
23325,25,39,5
23326,424,39,5
23327,460,39,2
23328,576,39,1
23329,879,39,9
23330,1257,39,1
23331,219,39,10
23332,952,39,2
23333,273,39,7
23334,671,39,10
23335,633,39,6
23336,598,39,3
23337,672,39,2
23338,908,39,6
23339,551,39,4
23340,355,39,7
23341,674,39,2
23342,482,39,2
23343,1214,39,7
23344,96,39,10
23345,521,39,6
23346,443,39,6
23347,449,39,5
23348,178,39,3
23349,681,39,7
23350,274,39,3
23351,185,39,2
23352,1207,39,3
23353,206,39,10
23354,552,39,10
23355,709,39,7
23356,104,39,8
23357,1080,39,9
23358,732,39,8
23359,630,39,7
23360,371,39,10
23361,243,39,4
23362,549,39,10
23363,210,39,3
23364,282,39,5
23365,510,39,7
23366,155,39,10
23367,906,39,3
23368,16,39,7
23369,961,39,10
23370,942,39,2
23371,417,39,3
23372,644,39,10
23373,242,39,9
23374,931,39,10
23375,1114,39,7
23376,708,39,2
23377,1197,39,10
23378,719,39,9
23379,411,39,3
23380,413,39,4
23381,1181,39,2
23382,543,39,2
23383,278,39,7
23384,44,40,8
23385,733,40,6
23386,1113,40,7
23387,484,40,10
23388,635,40,5
23389,55,40,5
23390,503,40,8
23391,502,40,9
23392,678,40,1
23393,723,40,9
23394,952,40,10
23395,845,40,8
23396,383,40,5
23397,11,40,8
23398,355,40,4
23399,153,40,10
23400,338,40,6
23401,1134,40,1
23402,882,40,9
23403,366,40,2
23404,88,40,1
23405,1214,40,1
23406,763,40,8
23407,850,40,6
23408,544,40,6
23409,1260,40,10
23410,679,40,8
23411,20,40,10
23412,617,40,7
23413,241,40,6
23414,830,40,5
23415,704,40,3
23416,945,40,8
23417,105,40,5
23418,4,40,10
23419,212,40,3
23420,637,40,6
23421,977,40,5
23422,633,40,7
23423,201,40,3
23424,1234,40,4
23425,676,40,1
23426,470,40,8
23427,237,40,10
23428,429,40,10
23429,663,40,4
23430,1139,40,1
23431,38,40,8
23432,1099,40,2
23433,1173,40,8
23434,380,40,2
23435,545,41,8
23436,181,41,6
23437,191,41,6
23438,1182,41,10
23439,614,41,6
23440,51,41,2
23441,262,41,1
23442,319,41,4
23443,1251,41,4
23444,1255,41,2
23445,400,41,6
23446,15,41,3
23447,202,41,1
23448,629,41,5
23449,321,41,5
23450,544,41,10
23451,814,41,2
23452,723,41,1
23453,377,41,8
23454,220,41,6
23455,547,41,6
23456,105,41,8
23457,345,41,6
23458,1136,41,4
23459,960,41,1
23460,585,41,6
23461,150,41,5
23462,603,41,5
23463,349,41,10
23464,880,41,1
23465,56,41,10
23466,730,41,1
23467,975,41,7
23468,575,41,3
23469,398,41,6
23470,267,41,9
23471,304,41,8
23472,1086,41,8
23473,110,41,7
23474,1265,41,7
23475,172,41,3
23476,279,41,5
23477,119,41,1
23478,546,41,10
23479,90,41,6
23480,1122,41,10
23481,718,41,9
23482,1141,41,1
23483,543,41,2
23484,482,41,7
23485,260,41,10
23486,731,41,10
23487,291,41,2
23488,455,41,10
23489,760,41,6
23490,433,41,2
23491,576,41,4
23492,278,41,9
23493,26,41,10
23494,247,41,10
23495,350,41,6
23496,7,41,7
23497,388,41,7
23498,757,41,4
23499,796,41,7
23500,853,41,1
23501,615,41,1
23502,334,41,6
23503,969,41,1
23504,1111,41,3
23505,701,41,10
23506,43,41,4
23507,1186,41,10
23508,1242,41,4
23509,313,41,3
23510,290,41,3
23511,162,41,7
23512,1119,41,7
23513,523,41,5
23514,201,41,6
23515,406,41,3
23516,1208,41,1
23517,1076,41,7
23518,919,41,1
23519,1084,41,5
23520,662,41,1
23521,1249,41,7
23522,1189,41,8
23523,1120,41,3
23524,6,41,2
23525,1143,41,5
23526,240,41,6
23527,401,41,3
23528,1161,41,4
23529,812,41,1
23530,246,41,4
23531,965,41,6
23532,763,41,9
23533,936,41,2
23534,834,41,6
23535,338,41,7
23536,666,41,5
23537,1230,41,4
23538,1172,41,9
23539,536,41,9
23540,412,41,9
23541,305,41,5
23542,45,41,7
23543,1164,41,1
23544,68,41,9
23545,473,41,7
23546,505,41,9
23547,44,41,8
23548,71,41,9
23549,1087,41,7
23550,881,41,1
23551,366,41,6
23552,637,41,10
23553,331,41,1
23554,616,41,1
23555,502,41,3
23556,218,41,4
23557,597,41,4
23558,599,41,9
23559,815,41,5
23560,652,41,8
23561,663,41,8
23562,157,41,5
23563,355,41,10
23564,959,41,8
23565,134,41,2
23566,327,41,5
23567,405,41,5
23568,171,41,10
23569,714,41,10
23570,429,41,4
23571,972,41,7
23572,813,41,3
23573,100,41,1
23574,1215,41,8
23575,1091,41,1
23576,85,41,3
23577,691,41,2
23578,418,41,9
23579,851,41,3
23580,2,41,3
23581,579,41,9
23582,223,41,2
23583,408,41,5
23584,689,41,9
23585,816,41,4
23586,819,41,7
23587,199,41,9
23588,829,41,1
23589,656,41,2
23590,367,41,9
23591,655,41,7
23592,630,41,8
23593,30,41,3
23594,1246,41,5
23595,284,41,7
23596,1153,41,1
23597,423,41,6
23598,687,41,5
23599,258,41,9
23600,269,41,8
23601,712,41,8
23602,618,41,1
23603,391,41,4
23604,601,41,10
23605,946,41,9
23606,847,41,5
23607,612,41,4
23608,179,41,4
23609,690,41,6
23610,154,41,6
23611,12,41,9
23612,1110,41,2
23613,915,41,2
23614,684,41,10
23615,98,41,10
23616,594,41,2
23617,41,41,6
23618,950,41,8
23619,228,41,7
23620,1127,41,10
23621,64,41,3
23622,827,41,5
23623,136,41,4
23624,573,41,4
23625,1192,41,7
23626,343,41,7
23627,592,41,9
23628,653,41,5
23629,931,41,8
23630,673,41,5
23631,49,41,4
23632,289,41,10
23633,18,41,10
23634,1160,41,1
23635,1260,41,7
23636,95,41,10
23637,434,41,9
23638,557,41,3
23639,884,41,6
23640,109,41,6
23641,845,41,4
23642,257,41,10
23643,103,41,10
23644,186,41,7
23645,596,41,6
23646,237,41,8
23647,1270,41,1
23648,474,41,3
23649,371,41,8
23650,255,41,8
23651,754,41,1
23652,817,41,4
23653,700,41,6
23654,384,41,3
23655,87,41,8
23656,598,41,4
23657,685,41,5
23658,173,41,2
23659,531,41,4
23660,1259,41,1
23661,1157,41,10
23662,421,41,3
23663,335,41,2
23664,955,41,1
23665,1129,41,1
23666,177,41,8
23667,117,41,4
23668,285,41,7
23669,153,41,2
23670,1199,41,9
23671,836,41,1
23672,32,41,4
23673,152,41,2
23674,382,41,10
23675,219,41,9
23676,738,41,7
23677,696,41,3
23678,53,41,5
23679,88,41,4
23680,55,41,4
23681,572,41,1
23682,16,41,9
23683,1267,41,8
23684,494,41,5
23685,11,41,9
23686,671,41,8
23687,973,41,1
23688,160,41,4
23689,1103,41,9
23690,389,41,7
23691,63,41,7
23692,500,41,1
23693,415,41,2
23694,204,41,3
23695,587,41,4
23696,967,41,8
23697,1257,41,1
23698,332,41,5
23699,1181,41,6
23700,271,41,7
23701,295,41,1
23702,347,41,10
23703,74,41,4
23704,609,41,8
23705,249,41,5
23706,755,41,3
23707,644,41,6
23708,951,41,9
23709,549,41,3
23710,108,41,2
23711,409,41,3
23712,692,41,8
23713,721,41,2
23714,642,41,2
23715,562,41,6
23716,404,41,6
23717,831,41,2
23718,1178,41,4
23719,330,41,5
23720,1266,41,9
23721,1191,41,8
23722,593,41,6
23723,742,41,5
23724,858,41,9
23725,1117,41,10
23726,695,41,7
23727,1237,41,1
23728,159,41,6
23729,550,41,10
23730,470,41,5
23731,841,41,5
23732,178,41,6
23733,850,41,10
23734,301,41,7
23735,930,41,8
23736,1137,41,7
23737,490,41,7
23738,214,41,4
23739,675,41,8
23740,266,41,7
23741,911,41,4
23742,329,41,10
23743,184,41,5
23744,1264,41,8
23745,277,41,6
23746,752,41,4
23747,602,41,6
23748,938,41,1
23749,438,41,9
23750,1278,41,5
23751,241,41,4
23752,927,41,1
23753,344,41,1
23754,1154,41,8
23755,1167,41,7
23756,939,41,6
23757,5,41,9
23758,323,41,6
23759,539,41,8
23760,236,41,1
23761,224,41,8
23762,660,41,8
23763,645,41,7
23764,583,41,1
23765,623,41,7
23766,1138,41,9
23767,1077,41,5
23768,211,41,9
23769,648,41,5
23770,270,41,4
23771,669,41,10
23772,399,41,7
23773,34,41,6
23774,1193,41,7
23775,183,41,7
23776,170,41,10
23777,553,41,7
23778,679,41,7
23779,452,41,6
23780,1214,41,5
23781,591,41,6
23782,1145,41,2
23783,1134,41,3
23784,634,41,7
23785,497,41,1
23786,29,41,8
23787,472,41,4
23788,1105,41,5
23789,521,41,8
23790,770,41,2
23791,1126,41,9
23792,38,41,1
23793,359,41,7
23794,1098,41,10
23795,699,41,8
23796,499,41,9
23797,1227,41,2
23798,1114,41,3
23799,380,41,10
23800,256,41,2
23801,458,41,7
23802,370,41,4
23803,1140,41,2
23804,968,41,6
23805,1170,41,3
23806,196,41,4
23807,775,41,8
23808,1108,41,3
23809,27,41,9
23810,1220,41,7
23811,383,41,2
23812,293,41,2
23813,514,41,9
23814,210,41,4
23815,556,41,8
23816,1245,41,8
23817,728,41,7
23818,633,41,3
23819,57,41,7
23820,13,41,6
23821,443,41,7
23822,733,41,8
23823,525,41,4
23824,590,41,4
23825,1203,41,10
23826,372,41,7
23827,854,41,2
23828,532,41,1
23829,676,41,9
23830,403,41,9
23831,47,41,3
23832,582,41,6
23833,65,41,6
23834,1156,41,8
23835,373,41,6
23836,92,41,5
23837,1168,41,6
23838,726,41,1
23839,205,41,5
23840,22,41,9
23841,446,41,4
23842,724,41,4
23843,17,41,9
23844,913,41,5
23845,910,41,1
23846,744,41,4
23847,811,41,3
23848,1218,41,8
23849,97,41,4
23850,234,41,3
23851,964,41,6
23852,348,41,2
23853,517,41,2
23854,351,41,10
23855,1175,41,10
23856,626,41,6
23857,826,41,4
23858,611,41,9
23859,945,41,6
23860,58,41,9
23861,306,41,3
23862,966,41,9
23863,413,41,5
23864,296,41,9
23865,735,41,8
23866,1115,41,4
23867,93,41,7
23868,795,41,7
23869,976,41,10
23870,774,41,3
23871,1107,41,6
23872,245,41,3
23873,479,41,8
23874,495,41,4
23875,342,41,2
23876,1150,41,6
23877,818,41,9
23878,548,41,7
23879,720,41,4
23880,625,41,2
23881,308,41,7
23882,1151,41,1
23883,1252,41,9
23884,1106,41,7
23885,1213,41,10
23886,91,41,9
23887,374,41,5
23888,36,41,4
23889,325,41,3
23890,1200,41,10
23891,312,41,10
23892,493,41,4
23893,298,41,1
23894,478,41,2
23895,822,41,7
23896,231,41,5
23897,1212,41,1
23898,156,41,7
23899,857,41,4
23900,1229,41,8
23901,649,41,4
23902,578,41,2
23903,411,41,3
23904,1244,41,4
23905,954,41,9
23906,428,41,9
23907,226,41,9
23908,506,41,4
23909,362,41,4
23910,1092,41,1
23911,1099,41,4
23912,180,41,8
23913,1133,41,2
23914,1088,41,10
23915,1159,41,4
23916,688,41,1
23917,828,41,6
23918,855,41,10
23919,608,41,6
23920,203,41,3
23921,1206,41,2
23922,431,41,1
23923,471,41,5
23924,307,41,2
23925,54,41,1
23926,1269,41,3
23927,294,41,5
23928,872,41,3
23929,432,41,7
23930,542,41,1
23931,235,41,6
23932,487,41,10
23933,253,41,9
23934,1094,41,6
23935,1132,41,4
23936,912,41,8
23937,740,41,9
23938,1185,41,9
23939,112,41,5
23940,243,41,3
23941,686,41,8
23942,442,41,7
23943,369,41,5
23944,28,41,4
23945,732,41,6
23946,86,41,5
23947,727,41,4
23948,741,41,5
23949,79,41,3
23950,961,41,1
23951,244,41,4
23952,810,41,9
23953,37,41,8
23954,419,41,3
23955,209,41,5
23956,1238,41,5
23957,952,41,6
23958,376,41,10
23959,632,41,1
23960,697,41,9
23961,80,41,3
23962,906,41,7
23963,670,41,10
23964,1224,41,10
23965,1187,41,3
23966,756,41,5
23967,1241,41,8
23968,462,41,1
23969,619,41,4
23970,759,41,3
23971,73,41,4
23972,309,41,9
23973,507,41,1
23974,1162,41,10
23975,1158,41,5
23976,940,41,5
23977,762,41,8
23978,445,41,4
23979,1147,41,9
23980,574,41,9
23981,1152,41,6
23982,469,41,4
23983,1093,41,9
23984,914,41,4
23985,194,41,8
23986,164,41,4
23987,879,41,10
23988,163,41,2
23989,956,41,7
23990,1144,41,1
23991,149,41,9
23992,118,41,7
23993,852,41,6
23994,275,41,4
23995,111,41,3
23996,664,41,9
23997,677,41,3
23998,225,41,3
23999,339,41,7
24000,1188,41,8
24001,1139,41,4
24002,151,41,3
24003,261,41,5
24004,580,41,3
24005,496,41,6
24006,176,41,4
24007,464,41,2
24008,89,41,5
24009,102,41,7
24010,491,41,9
24011,10,41,5
24012,883,41,9
24013,935,41,3
24014,229,41,6
24015,425,41,3
24016,1225,41,8
24017,617,41,1
24018,460,41,2
24019,488,41,7
24020,1163,41,9
24021,410,41,1
24022,586,41,5
24023,407,41,1
24024,843,41,4
24025,640,41,6
24026,422,41,7
24027,286,41,2
24028,856,41,10
24029,264,41,8
24030,392,41,2
24031,875,41,9
24032,20,41,1
24033,668,41,5
24034,577,41,8
24035,971,41,7
24036,529,41,3
24037,195,41,5
24038,375,41,4
24039,1123,41,2
24040,430,41,4
24041,106,41,1
24042,300,41,5
24043,14,41,1
24044,941,41,10
24045,1148,41,7
24046,316,41,2
24047,328,41,2
24048,1198,41,1
24049,1239,41,8
24050,287,41,4
24051,311,41,3
24052,882,41,4
24053,551,41,4
24054,263,41,6
24055,1180,41,6
24056,221,41,7
24057,1146,41,8
24058,583,42,9
24059,939,42,2
24060,226,42,3
24061,1155,42,3
24062,136,42,10
24063,32,42,6
24064,808,42,10
24065,1156,42,3
24066,1179,42,3
24067,166,42,10
24068,446,42,3
24069,161,42,9
24070,856,42,10
24071,332,42,9
24072,1075,42,2
24073,596,42,8
24074,1113,42,8
24075,472,42,2
24076,403,42,8
24077,458,42,10
24078,681,42,3
24079,26,42,3
24080,1164,42,2
24081,25,42,10
24082,281,42,7
24083,728,42,3
24084,44,42,8
24085,534,42,2
24086,333,42,10
24087,581,42,2
24088,759,42,9
24089,858,42,4
24090,811,42,7
24091,75,42,9
24092,797,42,8
24093,706,42,3
24094,349,42,10
24095,1204,42,5
24096,1123,42,2
24097,1144,42,5
24098,1097,42,6
24099,974,42,9
24100,345,42,6
24101,78,42,5
24102,491,42,1
24103,300,42,3
24104,316,42,8
24105,267,42,6
24106,54,42,6
24107,1184,42,2
24108,743,42,1
24109,86,42,4
24110,906,42,3
24111,23,42,9
24112,3,42,7
24113,611,42,5
24114,1094,42,5
24115,587,42,10
24116,715,42,10
24117,303,42,8
24118,95,42,3
24119,443,42,4
24120,338,42,9
24121,47,42,9
24122,152,42,3
24123,53,42,6
24124,212,42,4
24125,42,42,5
24126,188,42,6
24127,339,42,10
24128,295,42,2
24129,296,42,1
24130,16,42,4
24131,1257,42,2
24132,165,42,4
24133,1084,42,4
24134,666,42,1
24135,617,42,3
24136,684,42,9
24137,278,42,1
24138,108,42,9
24139,219,42,8
24140,674,42,6
24141,1202,42,1
24142,1125,42,9
24143,503,42,7
24144,830,42,3
24145,1174,42,8
24146,836,42,3
24147,409,42,2
24148,422,42,5
24149,552,42,4
24150,395,42,7
24151,678,42,6
24152,70,42,4
24153,154,42,6
24154,135,42,3
24155,501,42,2
24156,1208,42,10
24157,318,42,1
24158,586,42,1
24159,580,42,4
24160,320,42,2
24161,1265,42,8
24162,520,42,10
24163,1090,42,3
24164,1259,42,10
24165,64,42,9
24166,1201,42,3
24167,110,42,8
24168,347,42,7
24169,1170,42,5
24170,631,42,1
24171,1199,42,6
24172,331,42,1
24173,828,42,1
24174,1231,42,7
24175,1258,42,7
24176,22,42,7
24177,468,42,3
24178,968,42,1
24179,473,42,8
24180,92,42,4
24181,1161,42,9
24182,62,42,2
24183,1112,42,9
24184,610,42,10
24185,321,42,4
24186,57,42,9
24187,202,42,2
24188,192,42,1
24189,261,42,1
24190,959,42,1
24191,433,42,9
24192,756,42,7
24193,638,42,8
24194,506,42,7
24195,299,42,4
24196,208,42,6
24197,679,42,9
24198,470,42,5
24199,1278,42,1
24200,61,42,6
24201,380,42,7
24202,478,42,1
24203,424,42,6
24204,356,42,4
24205,1224,42,5
24206,563,42,9
24207,881,42,5
24208,1229,42,5
24209,727,42,4
24210,291,42,3
24211,578,42,5
24212,1093,42,8
24213,1091,42,8
24214,538,42,7
24215,958,42,2
24216,187,42,3
24217,464,42,6
24218,1261,42,8
24219,238,42,9
24220,430,42,2
24221,557,42,7
24222,447,42,7
24223,1244,42,8
24224,414,42,8
24225,7,42,2
24226,277,42,8
24227,12,42,1
24228,795,42,3
24229,323,42,7
24230,1088,42,6
24231,461,42,10
24232,164,42,4
24233,709,42,7
24234,346,42,8
24235,1213,42,3
24236,35,42,4
24237,416,42,2
24238,480,42,6
24239,462,42,5
24240,149,42,3
24241,389,42,10
24242,317,42,9
24243,282,42,6
24244,1140,42,9
24245,441,42,8
24246,742,42,1
24247,194,42,6
24248,1221,42,2
24249,112,42,8
24250,725,42,6
24251,1190,42,3
24252,540,42,9
24253,682,42,8
24254,740,42,1
24255,397,42,3
24256,825,42,7
24257,211,42,9
24258,336,42,9
24259,683,42,10
24260,945,43,6
24261,343,43,7
24262,250,43,10
24263,774,43,5
24264,207,43,6
24265,1191,43,3
24266,96,43,1
24267,345,43,9
24268,247,43,10
24269,306,43,5
24270,498,43,9
24271,1113,43,6
24272,556,43,5
24273,271,43,5
24274,735,43,8
24275,521,43,8
24276,699,43,5
24277,759,43,6
24278,103,43,3
24279,180,43,10
24280,772,43,9
24281,608,43,9
24282,167,43,8
24283,17,43,4
24284,642,43,7
24285,908,43,6
24286,174,43,8
24287,246,44,8
24288,60,44,6
24289,844,44,6
24290,1186,44,9
24291,1163,44,10
24292,1224,44,2
24293,1192,44,2
24294,518,44,7
24295,831,44,3
24296,289,44,7
24297,341,44,1
24298,496,44,8
24299,1075,44,9
24300,89,44,4
24301,1120,44,9
24302,59,44,8
24303,1094,44,3
24304,156,44,6
24305,21,44,1
24306,404,44,1
24307,391,44,5
24308,340,44,10
24309,1146,44,9
24310,49,44,10
24311,657,44,7
24312,498,44,5
24313,206,44,6
24314,346,44,1
24315,1249,44,1
24316,374,44,10
24317,355,44,9
24318,909,44,5
24319,163,44,5
24320,680,44,10
24321,72,44,1
24322,69,44,9
24323,1222,44,3
24324,3,44,8
24325,331,44,7
24326,1191,44,2
24327,1167,44,6
24328,1097,44,4
24329,1077,44,10
24330,875,44,3
24331,97,44,4
24332,323,44,9
24333,505,44,1
24334,75,44,2
24335,1114,44,4
24336,9,44,9
24337,915,44,10
24338,412,44,9
24339,959,44,8
24340,581,44,9
24341,487,44,6
24342,542,44,4
24343,596,44,9
24344,381,44,2
24345,834,44,4
24346,318,44,4
24347,1197,44,8
24348,106,44,4
24349,251,44,8
24350,598,44,5
24351,513,44,4
24352,1132,44,1
24353,358,44,4
24354,574,44,1
24355,1161,44,6
24356,1175,44,3
24357,1160,44,5
24358,810,44,9
24359,977,44,2
24360,694,44,1
24361,632,44,1
24362,61,44,5
24363,561,44,8
24364,160,44,5
24365,658,44,9
24366,879,44,7
24367,440,44,5
24368,350,44,7
24369,1212,44,8
24370,425,44,4
24371,697,44,4
24372,410,44,6
24373,7,44,1
24374,196,44,10
24375,1230,44,3
24376,1110,44,8
24377,719,44,4
24378,1198,44,4
24379,76,44,6
24380,183,44,2
24381,1238,44,1
24382,642,44,5
24383,1201,44,4
24384,974,44,7
24385,904,44,2
24386,846,44,8
24387,195,44,1
24388,53,44,9
24389,378,44,9
24390,516,44,5
24391,830,44,2
24392,854,44,6
24393,1145,44,10
24394,474,44,7
24395,807,44,6
24396,400,44,4
24397,385,44,6
24398,1235,44,6
24399,1177,44,3
24400,675,44,9
24401,916,44,10
24402,168,44,2
24403,700,44,4
24404,692,44,3
24405,821,44,3
24406,492,44,4
24407,470,44,8
24408,1225,44,5
24409,356,44,6
24410,1232,44,6
24411,1135,44,5
24412,353,44,10
24413,556,44,9
24414,421,44,2
24415,1255,44,10
24416,234,44,9
24417,167,44,2
24418,557,44,2
24419,438,44,9
24420,646,44,2
24421,19,44,6
24422,189,44,9
24423,303,44,6
24424,444,44,4
24425,297,44,6
24426,324,44,4
24427,261,44,10
24428,1263,44,10
24429,96,44,9
24430,239,44,1
24431,1245,44,4
24432,309,44,9
24433,1223,44,4
24434,8,44,8
24435,237,44,7
24436,608,44,8
24437,380,44,10
24438,326,44,6
24439,664,44,3
24440,625,44,10
24441,550,44,10
24442,849,44,8
24443,668,44,3
24444,192,44,5
24445,394,44,3
24446,429,44,6
24447,738,44,5
24448,218,44,7
24449,1169,44,4
24450,1125,44,4
24451,1129,44,6
24452,1253,44,3
24453,1138,44,8
24454,744,44,3
24455,92,44,5
24456,730,44,5
24457,671,44,7
24458,759,44,8
24459,856,44,7
24460,1237,44,9
24461,1265,44,7
24462,626,44,3
24463,434,44,10
24464,677,44,7
24465,826,44,8
24466,1171,44,7
24467,725,44,1
24468,1239,44,6
24469,670,44,3
24470,424,44,5
24471,1234,44,3
24472,935,44,9
24473,220,44,1
24474,591,44,9
24475,1246,44,8
24476,509,44,9
24477,29,44,6
24478,17,44,1
24479,669,44,3
24480,651,44,10
24481,562,44,6
24482,1105,44,9
24483,940,44,8
24484,348,44,10
24485,386,44,2
24486,1254,44,2
24487,472,44,8
24488,726,44,2
24489,161,44,3
24490,171,44,10
24491,584,44,1
24492,93,44,7
24493,71,44,3
24494,1194,44,7
24495,553,44,8
24496,920,44,8
24497,407,44,6
24498,361,44,10
24499,820,44,1
24500,1080,44,10
24501,1195,44,7
24502,271,44,4
24503,368,44,2
24504,63,44,5
24505,447,44,1
24506,682,44,4
24507,418,44,10
24508,674,44,8
24509,282,44,4
24510,458,44,6
24511,174,44,9
24512,317,44,6
24513,79,44,2
24514,827,44,1
24515,540,44,10
24516,226,44,1
24517,724,44,1
24518,307,44,1
24519,873,44,4
24520,191,44,1
24521,853,44,6
24522,1241,44,1
24523,244,44,10
24524,1182,44,9
24525,1153,44,7
24526,696,44,7
24527,479,44,5
24528,272,44,1
24529,162,44,3
24530,243,44,6
24531,741,44,5
24532,207,44,7
24533,969,44,9
24534,1119,44,6
24535,104,44,9
24536,503,44,10
24537,308,44,6
24538,522,44,2
24539,590,44,7
24540,338,44,5
24541,45,44,4
24542,190,44,1
24543,65,44,7
24544,918,44,7
24545,857,44,3
24546,733,44,1
24547,406,44,8
24548,481,44,3
24549,111,44,8
24550,1109,44,4
24551,841,44,1
24552,1170,44,2
24553,431,44,7
24554,177,44,10
24555,443,44,3
24556,1214,44,4
24557,22,44,7
24558,194,44,1
24559,497,44,4
24560,637,44,4
24561,347,44,4
24562,1179,44,10
24563,486,44,10
24564,617,44,2
24565,339,44,1
24566,1099,44,8
24567,1271,44,7
24568,514,44,1
24569,1257,44,9
24570,454,44,3
24571,1111,44,3
24572,217,44,7
24573,1262,44,6
24574,231,44,5
24575,1199,44,2
24576,603,44,3
24577,655,44,4
24578,47,44,8
24579,210,44,2
24580,182,44,3
24581,396,44,8
24582,100,44,5
24583,876,44,6
24584,1140,44,5
24585,580,44,2
24586,14,44,7
24587,248,44,8
24588,817,44,2
24589,388,44,1
24590,488,44,2
24591,931,44,6
24592,858,44,4
24593,732,44,2
24594,44,44,4
24595,1141,44,10
24596,545,44,8
24597,1116,44,4
24598,538,44,5
24599,1259,44,5
24600,667,44,7
24601,705,44,4
24602,1157,44,2
24603,504,44,9
24604,679,44,7
24605,51,44,10
24606,449,44,4
24607,1243,44,1
24608,312,44,9
24609,1158,44,10
24610,193,44,8
24611,84,44,8
24612,88,44,6
24613,653,44,6
24614,342,44,5
24615,630,44,8
24616,360,45,1
24617,209,45,3
24618,1247,45,1
24619,298,45,1
24620,834,45,2
24621,221,45,10
24622,1099,45,8
24623,39,45,1
24624,815,45,7
24625,975,45,3
24626,1167,45,6
24627,734,45,1
24628,30,45,1
24629,853,45,2
24630,528,45,8
24631,1143,45,7
24632,1176,45,7
24633,875,45,4
24634,1217,45,6
24635,83,45,7
24636,347,45,2
24637,727,45,5
24638,27,45,2
24639,532,45,4
24640,355,45,7
24641,905,45,2
24642,676,45,3
24643,452,45,2
24644,493,45,2
24645,634,45,8
24646,231,45,3
24647,187,45,9
24648,23,45,5
24649,678,45,4
24650,1092,45,1
24651,235,45,4
24652,363,45,1
24653,663,45,1
24654,199,45,5
24655,1159,45,7
24656,451,45,8
24657,652,45,5
24658,294,45,5
24659,314,45,7
24660,796,45,1
24661,843,45,1
24662,399,45,5
24663,744,45,8
24664,385,45,3
24665,883,45,7
24666,913,45,7
24667,1190,45,4
24668,1208,45,1
24669,323,45,4
24670,190,45,8
24671,977,45,10
24672,1238,45,9
24673,968,45,6
24674,67,45,10
24675,168,45,7
24676,1263,45,1
24677,296,45,4
24678,667,45,10
24679,316,45,2
24680,955,45,4
24681,233,45,6
24682,414,45,8
24683,295,45,3
24684,576,45,5
24685,469,45,10
24686,6,45,7
24687,952,45,3
24688,651,45,3
24689,9,45,3
24690,553,45,7
24691,1203,45,5
24692,35,45,2
24693,366,45,2
24694,447,45,3
24695,671,45,3
24696,395,45,3
24697,833,45,3
24698,557,45,9
24699,334,45,4
24700,439,45,1
24701,241,45,7
24702,630,45,6
24703,71,45,5
24704,605,45,5
24705,775,45,10
24706,343,45,3
24707,444,45,9
24708,244,45,8
24709,433,45,5
24710,499,45,4
24711,1193,45,10
24712,284,45,9
24713,1164,45,4
24714,214,45,7
24715,1112,45,1
24716,661,45,9
24717,587,45,7
24718,1087,45,6
24719,372,45,9
24720,88,45,9
24721,1206,45,1
24722,603,45,10
24723,104,45,5
24724,40,45,7
24725,43,45,6
24726,534,45,3
24727,411,45,1
24728,904,45,10
24729,309,45,6
24730,201,45,8
24731,378,45,8
24732,545,45,8
24733,1165,45,7
24734,106,45,7
24735,3,45,1
24736,516,45,10
24737,409,45,9
24738,494,45,9
24739,816,45,2
24740,248,45,3
24741,1188,45,3
24742,308,45,3
24743,216,45,10
24744,176,45,2
24745,346,45,3
24746,242,45,7
24747,354,45,2
24748,608,45,4
24749,930,45,8
24750,108,45,7
24751,931,45,5
24752,1223,45,2
24753,741,45,1
24754,513,45,9
24755,53,45,1
24756,282,45,10
24757,882,45,4
24758,440,45,9
24759,706,45,1
24760,1245,45,2
24761,327,45,1
24762,971,45,5
24763,15,45,5
24764,98,45,4
24765,159,45,3
24766,604,45,7
24767,1172,45,5
24768,179,45,10
24769,817,45,10
24770,12,45,2
24771,551,45,9
24772,478,45,1
24773,297,45,7
24774,1248,45,8
24775,46,45,2
24776,669,45,4
24777,554,45,2
24778,89,45,9
24779,325,45,4
24780,713,45,2
24781,10,45,2
24782,735,45,4
24783,136,45,1
24784,814,45,8
24785,691,45,8
24786,291,45,5
24787,286,45,10
24788,420,45,9
24789,34,45,6
24790,906,45,8
24791,1166,45,8
24792,1147,45,8
24793,1098,45,8
24794,577,45,2
24795,431,45,1
24796,831,45,6
24797,719,45,2
24798,279,45,9
24799,155,45,7
24800,183,45,2
24801,163,45,6
24802,328,45,2
24803,966,45,9
24804,515,45,1
24805,1243,45,1
24806,1110,45,10
24807,1262,45,6
24808,107,45,8
24809,540,45,5
24810,202,45,9
24811,206,45,2
24812,1249,45,9
24813,370,45,5
24814,392,45,10
24815,1201,45,4
24816,289,45,10
24817,1271,45,1
24818,497,45,8
24819,854,45,10
24820,1265,45,7
24821,939,45,8
24822,1251,45,3
24823,822,45,6
24824,827,45,6
24825,281,45,10
24826,1194,45,3
24827,654,45,10
24828,109,45,6
24829,1254,45,5
24830,340,45,10
24831,564,45,6
24832,942,45,9
24833,549,45,10
24834,2,45,9
24835,486,45,8
24836,1131,45,6
24837,632,45,9
24838,193,45,10
24839,1146,45,7
24840,726,45,4
24841,1237,45,6
24842,384,45,10
24843,574,45,4
24844,957,45,6
24845,32,45,6
24846,850,45,1
24847,1129,45,10
24848,740,45,1
24849,937,45,3
24850,364,45,3
24851,629,45,1
24852,928,45,8
24853,425,45,1
24854,134,45,7
24855,1139,45,7
24856,844,45,9
24857,111,45,1
24858,152,45,4
24859,542,45,3
24860,953,45,3
24861,1109,45,10
24862,174,45,5
24863,481,45,1
24864,194,45,5
24865,916,45,8
24866,149,45,1
24867,1183,45,9
24868,752,45,2
24869,1169,45,1
24870,90,45,4
24871,1089,45,8
24872,47,45,5
24873,704,45,2
24874,1122,45,2
24875,586,45,6
24876,333,45,9
24877,715,45,8
24878,589,45,5
24879,694,45,1
24880,1096,45,1
24881,1179,45,3
24882,484,45,2
24883,247,45,5
24884,380,45,4
24885,662,45,4
24886,1232,45,10
24887,724,45,8
24888,1241,45,1
24889,230,45,4
24890,238,45,9
24891,96,45,8
24892,165,45,7
24893,321,45,2
24894,55,45,7
24895,969,45,8
24896,470,45,5
24897,619,45,4
24898,846,45,1
24899,391,45,6
24900,477,45,9
24901,75,45,6
24902,33,45,5
24903,1213,45,9
24904,26,45,4
24905,725,45,1
24906,171,45,6
24907,253,45,5
24908,454,45,2
24909,672,45,2
24910,951,45,4
24911,487,45,6
24912,87,45,10
24913,20,45,5
24914,954,45,3
24915,657,45,10
24916,960,45,8
24917,449,45,3
24918,696,45,6
24919,646,45,3
24920,251,45,3
24921,1141,45,5
24922,178,45,8
24923,441,45,5
24924,880,45,3
24925,1253,45,2
24926,832,45,1
24927,371,45,3
24928,679,45,4
24929,468,45,1
24930,1233,45,3
24931,490,45,5
24932,1196,45,3
24933,419,45,4
24934,938,45,2
24935,742,45,4
24936,368,45,3
24937,119,45,8
24938,299,45,2
24939,58,45,2
24940,543,45,6
24941,841,45,7
24942,249,45,7
24943,262,45,1
24944,512,45,5
24945,596,45,8
24946,389,45,1
24947,881,45,6
24948,103,45,10
24949,958,45,5
24950,773,45,10
24951,1116,45,3
24952,1127,45,3
24953,482,45,7
24954,573,45,3
24955,598,45,3
24956,429,45,5
24957,397,45,3
24958,410,45,9
24959,688,45,10
24960,1170,45,10
24961,1185,45,3
24962,1121,45,6
24963,269,45,1
24964,1095,45,3
24965,479,45,10
24966,508,45,3
24967,306,45,3
24968,37,45,7
24969,1246,45,6
24970,25,45,4
24971,445,45,9
24972,522,45,9
24973,105,45,3
24974,288,45,2
24975,920,45,5
24976,324,45,3
24977,1258,45,8
24978,243,45,9
24979,1227,45,8
24980,631,45,7
24981,607,45,7
24982,1162,45,10
24983,496,45,7
24984,1135,45,2
24985,1168,45,7
24986,352,45,3
24987,830,45,1
24988,407,45,2
24989,424,45,2
24990,1108,45,7
24991,1225,45,3
24992,1191,45,6
24993,280,45,10
24994,158,45,9
24995,315,45,5
24996,100,45,5
24997,1144,45,7
24998,1105,45,1
24999,457,45,1
25000,1264,45,10
25001,1137,45,1
25002,1192,45,9
25003,591,45,2
25004,442,45,4
25005,436,45,10
25006,665,45,6
25007,45,45,3
25008,1151,45,3
25009,1197,45,9
25010,550,45,2
25011,965,45,7
25012,349,45,8
25013,373,45,8
25014,825,45,2
25015,412,45,8
25016,135,45,1
25017,223,45,4
25018,521,45,10
25019,544,45,10
25020,721,45,1
25021,1224,45,6
25022,1097,45,5
25023,946,45,3
25024,335,45,4
25025,1145,45,6
25026,211,45,9
25027,237,45,4
25028,473,45,1
25029,396,45,9
25030,379,45,8
25031,807,45,5
25032,44,45,7
25033,151,45,1
25034,976,45,2
25035,552,45,4
25036,272,45,10
25037,626,45,6
25038,693,45,1
25039,1157,45,5
25040,1257,45,1
25041,301,45,5
25042,583,45,9
25043,344,45,6
25044,755,45,4
25045,808,45,1
25046,1175,45,9
25047,768,45,10
25048,1156,45,2
25049,536,45,5
25050,609,45,3
25051,458,45,10
25052,437,45,9
25053,326,45,1
25054,1182,45,4
25055,65,45,10
25056,1118,45,1
25057,1117,45,9
25058,1107,45,3
25059,164,45,6
25060,80,45,5
25061,760,45,6
25062,709,45,3
25063,1124,45,10
25064,533,45,8
25065,455,45,9
25066,527,45,8
25067,204,45,9
25068,217,45,3
25069,404,45,5
25070,572,45,3
25071,517,45,7
25072,157,45,7
25073,761,45,6
25074,617,45,6
25075,728,45,6
25076,489,45,9
25077,277,45,2
25078,590,45,8
25079,213,45,10
25080,530,45,10
25081,562,45,1
25082,753,45,9
25083,600,45,9
25084,274,45,5
25085,48,45,7
25086,320,45,7
25087,239,45,2
25088,362,45,1
25089,1171,45,5
25090,769,45,9
25091,268,45,6
25092,1163,45,10
25093,413,45,10
25094,1239,45,7
25095,912,45,10
25096,485,45,10
25097,1255,45,5
25098,492,45,8
25099,1130,45,9
25100,337,45,10
25101,79,45,4
25102,356,45,9
25103,502,45,10
25104,78,45,4
25105,915,45,8
25106,471,45,1
25107,222,45,6
25108,357,45,5
25109,1077,45,3
25110,82,45,7
25111,581,45,4
25112,501,45,8
25113,1154,45,9
25114,763,45,3
25115,474,45,3
25116,810,45,9
25117,758,45,2
25118,62,45,10
25119,650,45,10
25120,645,45,8
25121,732,45,7
25122,873,45,6
25123,767,45,8
25124,273,45,9
25125,519,45,1
25126,1115,45,1
25127,1133,45,8
25128,687,45,3
25129,616,45,6
25130,849,45,7
25131,945,45,7
25132,1256,45,4
25133,666,45,8
25134,541,45,5
25135,879,45,7
25136,856,45,5
25137,303,45,9
25138,1267,45,5
25139,684,45,5
25140,613,45,9
25141,156,45,4
25142,390,45,4
25143,601,45,2
25144,234,45,10
25145,245,45,4
25146,974,45,9
25147,22,45,3
25148,730,45,6
25149,959,45,10
25150,1259,45,2
25151,823,45,8
25152,1228,45,2
25153,884,45,3
25154,266,45,7
25155,254,45,4
25156,228,45,6
25157,180,45,3
25158,972,45,1
25159,64,45,2
25160,1266,45,7
25161,1216,45,3
25162,625,45,1
25163,560,45,9
25164,453,45,5
25165,588,45,10
25166,387,45,3
25167,860,45,9
25168,205,45,8
25169,511,45,10
25170,1195,45,10
25171,1187,45,2
25172,538,45,8
25173,1236,45,10
25174,207,45,4
25175,627,45,7
25176,1142,45,9
25177,21,45,5
25178,1111,45,3
25179,855,45,7
25180,909,45,9
25181,338,45,3
25182,166,45,7
25183,488,45,7
25184,182,45,3
25185,1211,45,9
25186,686,45,3
25187,546,45,8
25188,461,45,1
25189,498,45,3
25190,682,45,8
25191,1076,45,9
25192,432,45,6
25193,599,45,6
25194,483,45,7
25195,578,45,1
25196,95,45,4
25197,770,45,4
25198,339,45,8
25199,1210,45,5
25200,1218,45,3
25201,403,45,10
25202,720,45,9
25203,1219,45,5
25204,934,45,5
25205,1222,45,6
25206,200,45,5
25207,17,45,3
25208,77,45,10
25209,236,45,2
25210,219,45,4
25211,227,45,3
25212,250,45,6
25213,948,45,2
25214,415,45,4
25215,1174,45,7
25216,1094,45,7
25217,1173,45,8
25218,759,45,3
25219,942,46,2
25220,657,46,7
25221,384,46,9
25222,948,46,6
25223,950,46,3
25224,734,46,3
25225,182,46,1
25226,964,46,10
25227,1162,46,3
25228,242,46,6
25229,1088,46,5
25230,493,46,4
25231,216,46,3
25232,1123,46,6
25233,825,46,8
25234,352,46,1
25235,498,46,2
25236,935,46,1
25237,1076,46,7
25238,167,46,8
25239,270,46,5
25240,627,46,5
25241,195,46,8
25242,639,46,10
25243,68,46,6
25244,761,46,8
25245,1129,46,3
25246,1179,46,9
25247,258,46,4
25248,168,46,2
25249,523,46,8
25250,610,46,2
25251,81,46,6
25252,69,46,2
25253,249,46,8
25254,338,46,10
25255,1243,46,2
25256,1193,46,4
25257,649,46,6
25258,30,46,4
25259,158,46,10
25260,587,46,3
25261,23,46,4
25262,36,46,5
25263,960,46,7
25264,1130,46,9
25265,60,46,4
25266,962,46,7
25267,160,46,6
25268,341,46,10
25269,678,46,2
25270,1236,46,4
25271,543,46,1
25272,556,46,3
25273,546,46,6
25274,75,46,5
25275,1219,46,9
25276,407,46,5
25277,659,46,6
25278,816,46,5
25279,1240,46,7
25280,675,46,5
25281,601,46,9
25282,665,46,4
25283,455,46,4
25284,197,46,5
25285,973,46,8
25286,481,46,8
25287,844,46,4
25288,1154,46,7
25289,255,46,3
25290,1165,46,7
25291,807,46,9
25292,697,46,3
25293,410,46,4
25294,196,46,3
25295,858,46,3
25296,586,46,4
25297,953,46,1
25298,38,46,5
25299,1201,46,9
25300,1145,46,7
25301,150,46,10
25302,708,46,3
25303,560,46,7
25304,617,46,10
25305,855,46,4
25306,489,46,7
25307,272,46,2
25308,368,46,9
25309,809,46,6
25310,826,46,3
25311,360,46,5
25312,720,46,4
25313,598,46,5
25314,379,46,8
25315,929,46,7
25316,952,46,10
25317,1099,46,2
25318,910,46,3
25319,54,46,3
25320,111,46,9
25321,504,46,5
25322,310,46,7
25323,669,46,3
25324,254,46,2
25325,231,46,2
25326,713,46,4
25327,404,46,6
25328,1158,46,9
25329,811,46,8
25330,194,46,10
25331,652,46,8
25332,1144,46,1
25333,422,46,9
25334,841,46,6
25335,344,46,8
25336,696,46,9
25337,94,46,7
25338,403,46,2
25339,939,46,2
25340,177,46,5
25341,11,46,1
25342,333,46,8
25343,533,46,8
25344,1095,46,4
25345,555,46,10
25346,385,46,2
25347,740,46,4
25348,578,46,6
25349,755,46,10
25350,583,46,8
25351,917,46,3
25352,672,46,2
25353,1246,46,9
25354,911,46,2
25355,76,46,9
25356,1122,46,4
25357,164,46,5
25358,438,46,7
25359,818,46,10
25360,1136,46,9
25361,725,46,2
25362,1115,46,4
25363,545,46,4
25364,573,46,3
25365,969,46,4
25366,637,46,9
25367,364,46,10
25368,353,46,4
25369,585,46,9
25370,856,46,5
25371,311,46,7
25372,528,46,9
25373,59,46,3
25374,378,46,4
25375,316,46,8
25376,1163,46,1
25377,286,46,3
25378,632,46,6
25379,100,46,9
25380,118,46,2
25381,1147,46,3
25382,847,46,3
25383,633,46,8
25384,1117,46,7
25385,905,46,9
25386,1202,46,1
25387,829,46,1
25388,471,46,5
25389,174,46,3
25390,752,46,2
25391,756,46,8
25392,13,46,10
25393,618,46,3
25394,1157,46,5
25395,1103,46,5
25396,388,46,6
25397,1127,46,5
25398,1085,46,1
25399,612,46,2
25400,318,46,5
25401,1105,46,10
25402,640,46,7
25403,180,46,10
25404,219,46,9
25405,166,46,9
25406,354,46,6
25407,372,46,2
25408,538,46,4
25409,1139,46,9
25410,913,46,8
25411,347,46,2
25412,1209,46,4
25413,492,46,3
25414,9,46,10
25415,1133,46,3
25416,614,46,4
25417,968,46,1
25418,797,46,1
25419,70,46,8
25420,319,46,2
25421,553,46,1
25422,235,46,5
25423,416,46,10
25424,1270,46,9
25425,817,46,5
25426,1166,46,6
25427,156,46,5
25428,367,46,7
25429,1198,46,6
25430,33,46,2
25431,1084,46,4
25432,872,46,10
25433,592,46,5
25434,19,46,6
25435,343,46,6
25436,1224,46,6
25437,946,46,7
25438,320,46,3
25439,282,46,8
25440,664,46,6
25441,1132,46,5
25442,1195,46,1
25443,106,46,10
25444,198,46,5
25445,408,46,5
25446,205,46,4
25447,99,46,5
25448,253,46,3
25449,240,46,9
25450,670,46,5
25451,1142,46,6
25452,1169,46,8
25453,723,46,6
25454,377,46,2
25455,414,46,6
25456,955,46,6
25457,875,46,6
25458,336,46,1
25459,724,46,1
25460,660,46,7
25461,965,46,9
25462,204,46,5
25463,516,46,1
25464,1109,46,10
25465,701,46,1
25466,1180,46,4
25467,1266,46,6
25468,308,46,2
25469,1080,46,2
25470,394,46,3
25471,1075,46,2
25472,306,46,1
25473,815,46,2
25474,280,46,6
25475,268,46,8
25476,181,46,1
25477,927,46,7
25478,412,46,8
25479,457,46,2
25480,185,46,4
25481,1258,46,6
25482,795,46,7
25483,500,46,1
25484,731,46,7
25485,1214,46,9
25486,241,46,1
25487,1200,46,1
25488,134,46,9
25489,323,46,6
25490,458,46,3
25491,445,46,2
25492,397,46,8
25493,564,46,4
25494,495,46,5
25495,937,46,4
25496,1087,46,3
25497,152,46,2
25498,808,46,5
25499,700,46,7
25500,91,46,3
25501,525,46,8
25502,540,46,2
25503,256,46,9
25504,375,46,10
25505,963,46,3
25506,821,46,8
25507,62,46,2
25508,1111,46,9
25509,40,46,1
25510,502,46,10
25511,914,46,6
25512,550,46,2
25513,726,46,4
25514,224,46,6
25515,1116,46,10
25516,1176,46,5
25517,949,46,4
25518,634,46,6
25519,684,46,5
25520,1194,46,4
25521,653,46,8
25522,222,46,4
25523,1119,46,9
25524,1265,46,3
25525,1249,46,10
25526,764,46,10
25527,484,46,10
25528,366,46,5
25529,796,46,3
25530,228,46,2
25531,24,46,1
25532,491,46,3
25533,330,46,6
25534,668,46,5
25535,215,46,9
25536,20,46,8
25537,577,46,10
25538,440,46,1
25539,532,46,1
25540,966,46,1
25541,559,46,10
25542,285,46,9
25543,43,46,9
25544,588,46,4
25545,1261,46,7
25546,425,46,7
25547,733,46,2
25548,329,46,8
25549,608,46,9
25550,853,46,1
25551,693,46,1
25552,1233,46,1
25553,221,46,1
25554,1161,46,1
25555,485,46,7
25556,972,46,4
25557,233,46,9
25558,744,46,9
25559,136,46,10
25560,1104,46,5
25561,390,46,4
25562,1112,46,8
25563,305,46,9
25564,548,46,10
25565,374,46,5
25566,704,46,4
25567,562,46,3
25568,526,46,3
25569,721,46,1
25570,226,46,4
25571,1234,46,10
25572,41,46,3
25573,1267,46,10
25574,295,46,2
25575,477,46,5
25576,1094,46,9
25577,656,46,7
25578,232,46,3
25579,681,46,3
25580,1253,46,2
25581,958,46,5
25582,292,46,10
25583,1160,46,6
25584,324,46,5
25585,386,46,10
25586,1186,46,3
25587,852,46,10
25588,599,46,2
25589,1254,46,8
25590,1110,46,10
25591,836,46,10
25592,63,46,4
25593,676,46,8
25594,497,46,6
25595,575,46,3
25596,229,46,6
25597,1229,46,5
25598,437,46,6
25599,534,46,1
25600,759,46,2
25601,474,46,6
25602,1175,46,8
25603,220,46,9
25604,831,46,8
25605,1231,46,2
25606,488,46,3
25607,345,46,3
25608,843,46,1
25609,170,46,5
25610,37,46,2
25611,956,46,2
25612,706,46,9
25613,514,46,1
25614,83,46,1
25615,199,46,3
25616,5,46,2
25617,27,46,3
25618,209,46,9
25619,25,46,6
25620,918,46,10
25621,666,46,2
25622,629,46,1
25623,236,46,2
25624,1241,46,10
25625,6,46,3
25626,263,46,5
25627,210,46,5
25628,35,46,2
25629,635,46,2
25630,468,46,6
25631,919,46,10
25632,812,46,10
25633,511,46,7
25634,469,46,6
25635,434,46,8
25636,849,46,2
25637,1149,46,7
25638,149,46,7
25639,47,46,4
25640,300,46,2
25641,53,46,7
25642,480,46,7
25643,296,46,3
25644,119,46,5
25645,175,46,3
25646,2,46,8
25647,1141,46,3
25648,828,46,1
25649,3,46,2
25650,1152,46,4
25651,340,46,9
25652,518,46,2
25653,184,46,9
25654,201,46,7
25655,1121,46,9
25656,524,46,8
25657,620,46,10
25658,66,46,9
25659,719,46,8
25660,915,46,1
25661,1131,46,8
25662,479,46,5
25663,694,46,5
25664,57,46,8
25665,876,46,8
25666,1153,46,3
25667,193,46,2
25668,1140,46,3
25669,303,46,4
25670,239,46,4
25671,287,46,2
25672,509,46,3
25673,376,46,7
25674,1244,46,1
25675,1223,46,7
25676,1271,46,7
25677,356,46,10
25678,1260,46,3
25679,116,46,9
25680,321,46,6
25681,1137,46,1
25682,110,46,6
25683,1183,46,4
25684,596,46,9
25685,513,46,7
25686,267,46,1
25687,1086,46,8
25688,45,46,2
25689,737,46,2
25690,1232,46,8
25691,576,46,4
25692,975,46,10
25693,873,46,2
25694,1252,46,10
25695,472,46,10
25696,1248,46,4
25697,1210,46,7
25698,176,46,6
25699,460,46,7
25700,619,46,2
25701,880,46,5
25702,478,46,5
25703,830,46,6
25704,1090,46,2
25705,547,46,3
25706,1264,46,9
25707,730,46,8
25708,1245,46,8
25709,212,46,2
25710,535,46,4
25711,449,46,4
25712,630,46,9
25713,774,46,3
25714,1171,46,2
25715,332,46,9
25716,339,46,7
25717,967,46,5
25718,279,46,2
25719,61,46,3
25720,907,46,2
25721,738,46,10
25722,461,46,7
25723,405,46,10
25724,39,46,8
25725,860,46,1
25726,1126,46,7
25727,395,46,10
25728,391,46,1
25729,651,46,9
25730,95,46,8
25731,409,46,6
25732,312,46,3
25733,482,46,3
25734,1155,46,3
25735,597,46,2
25736,16,46,1
25737,490,46,1
25738,293,46,6
25739,55,46,2
25740,382,46,4
25741,512,46,1
25742,415,46,7
25743,773,46,6
25744,452,46,2
25745,768,46,2
25746,765,46,6
25747,159,46,5
25748,213,46,5
25749,289,46,3
25750,283,46,1
25751,447,46,2
25752,398,46,5
25753,767,46,10
25754,753,46,3
25755,1134,46,1
25756,370,46,1
25757,1197,46,9
25758,1106,46,9
25759,465,46,6
25760,487,46,4
25761,1093,46,10
25762,1148,46,9
25763,819,46,2
25764,331,46,9
25765,326,46,9
25766,1203,46,1
25767,48,46,2
25768,246,46,6
25769,288,46,5
25770,959,46,10
25771,483,46,3
25772,151,46,3
25773,954,46,5
25774,961,46,3
25775,342,46,10
25776,234,46,3
25777,392,46,2
25778,674,46,4
25779,322,46,3
25780,247,46,4
25781,162,46,5
25782,1159,46,10
25783,542,46,7
25784,1263,46,9
25785,971,46,8
25786,46,46,5
25787,519,46,6
25788,271,46,10
25789,822,46,5
25790,1218,46,3
25791,529,46,5
25792,536,46,9
25793,718,46,3
25794,932,46,2
25795,688,46,1
25796,775,46,4
25797,173,46,5
25798,155,46,8
25799,594,46,5
25800,1262,46,10
25801,86,46,8
25802,424,46,10
25803,851,46,8
25804,854,46,5
25805,916,46,2
25806,7,46,3
25807,1237,46,6
25808,56,46,4
25809,1196,46,7
25810,607,46,1
25811,8,46,1
25812,90,46,4
25813,663,46,4
25814,191,46,6
25815,1174,46,1
25816,178,46,5
25817,65,46,1
25818,820,46,10
25819,1107,46,3
25820,1278,46,5
25821,1191,46,9
25822,517,46,6
25823,73,46,9
25824,882,46,8
25825,582,46,3
25826,238,46,9
25827,189,46,6
25828,411,46,6
25829,44,46,6
25830,531,46,8
25831,881,46,5
25832,1077,46,2
25833,507,46,6
25834,631,46,3
25835,1216,46,5
25836,605,46,5
25837,208,46,9
25838,431,46,3
25839,1220,46,10
25840,309,46,7
25841,642,46,8
25842,770,46,1
25843,714,46,9
25844,97,46,6
25845,699,46,1
25846,904,46,6
25847,453,46,2
25848,436,46,4
25849,602,46,7
25850,273,46,8
25851,380,46,3
25852,615,46,8
25853,470,46,1
25854,82,46,10
25855,506,46,10
25856,373,46,5
25857,557,46,5
25858,1128,46,9
25859,1189,46,3
25860,444,46,1
25861,1235,46,2
25862,1124,46,7
25863,337,46,6
25864,1100,46,10
25865,680,46,5
25866,417,46,10
25867,1213,46,10
25868,647,46,4
25869,1184,46,5
25870,579,46,6
25871,291,46,9
25872,192,46,5
25873,31,46,7
25874,1227,46,9
25875,1250,46,7
25876,188,46,3
25877,419,46,3
25878,451,46,5
25879,1177,46,5
25880,814,46,1
25881,1114,46,7
25882,315,46,5
25883,735,46,9
25884,117,46,6
25885,936,46,4
25886,590,46,8
25887,673,46,4
25888,1168,46,5
25889,920,46,5
25890,369,46,1
25891,348,46,2
25892,572,46,1
25893,49,46,9
25894,1178,46,5
25895,302,46,9
25896,89,46,8
25897,658,46,9
25898,67,46,10
25899,183,46,7
25900,685,46,1
25901,78,46,6
25902,1118,46,6
25903,757,46,1
25904,742,46,9
25905,687,46,7
25906,157,46,7
25907,163,46,3
25908,92,46,10
25909,72,46,2
25910,261,46,2
25911,974,46,3
25912,503,46,7
25913,1181,46,9
25914,679,46,7
25915,623,46,4
25916,912,46,5
25917,970,46,2
25918,1170,46,10
25919,1182,46,4
25920,600,46,3
25921,938,46,3
25922,389,46,10
25923,648,46,2
25924,604,46,6
25925,446,46,5
25926,683,46,2
25927,432,46,8
25928,71,46,10
25929,466,46,9
25930,1256,46,4
25931,667,46,5
25932,84,46,5
25933,171,46,8
25934,223,46,5
25935,1135,46,7
25936,18,46,2
25937,396,46,10
25938,591,46,7
25939,430,46,7
25940,1167,46,1
25941,705,46,5
25942,153,46,2
25943,662,46,5
25944,508,46,1
25945,951,46,1
25946,328,46,9
25947,266,46,1
25948,1259,46,10
25949,433,46,8
25950,1120,46,5
25951,486,46,10
25952,355,46,7
25953,1187,46,8
25954,277,46,3
25955,580,46,9
25956,77,46,6
25957,443,46,6
25958,230,46,3
25959,661,46,1
25960,1206,46,1
25961,741,46,6
25962,846,46,1
25963,98,46,4
25964,104,46,1
25965,554,46,9
25966,439,46,1
25967,1092,46,3
25968,12,46,9
25969,257,46,2
25970,1211,46,7
25971,362,46,7
25972,42,46,4
25973,21,46,4
25974,96,46,8
25975,349,46,10
25976,371,46,7
25977,832,46,2
25978,1,46,5
25979,74,46,4
25980,522,46,2
25981,244,46,1
25982,276,46,8
25983,496,46,7
25984,1208,46,10
25985,645,46,8
25986,1242,46,10
25987,501,46,6
25988,515,46,3
25989,643,46,1
25990,429,46,9
25991,689,46,6
25992,264,46,5
25993,603,46,9
25994,346,46,1
25995,14,46,9
25996,80,46,9
25997,613,46,7
25998,363,46,10
25999,248,46,1
26000,448,46,8
26001,1146,46,3
26002,1173,46,9
26003,406,46,6
26004,1225,46,8
26005,1221,46,10
26006,103,46,7
26007,762,46,5
26008,1108,46,4
26009,823,46,5
26010,644,46,1
26011,428,46,7
26012,250,46,5
26013,625,46,7
26014,772,46,7
26015,1185,46,1
26016,574,46,6
26017,976,46,9
26018,931,46,8
26019,551,46,8
26020,179,46,1
26021,298,46,6
26022,940,46,7
26023,351,46,8
26024,297,46,1
26025,207,46,6
26026,589,46,3
26027,135,46,7
26028,294,46,6
26029,521,46,6
26030,1097,46,10
26031,350,46,4
26032,109,46,4
26033,442,46,9
26034,584,46,9
26035,1222,46,1
26036,187,46,9
26037,307,46,1
26038,527,46,3
26039,1238,46,1
26040,552,46,1
26041,335,46,6
26042,358,46,3
26043,161,46,4
26044,214,46,6
26045,365,46,9
26046,539,46,6
26047,549,46,3
26048,908,46,9
26049,561,46,9
26050,626,46,3
26051,423,46,2
26052,108,46,9
26053,4,46,8
26054,930,46,7
26055,1255,46,6
26056,1091,46,1
26057,833,46,6
26058,314,46,7
26059,857,46,5
26060,64,46,2
26061,810,46,9
26062,638,46,9
26063,505,46,2
26064,58,46,2
26065,260,46,3
26066,654,46,1
26067,1212,46,3
26068,52,46,1
26069,520,46,4
26070,26,46,7
26071,845,46,6
26072,1098,46,2
26073,227,46,1
26074,245,46,3
26075,393,46,2
26076,1257,46,7
26077,977,46,1
26078,712,46,6
26079,1151,46,6
26080,686,46,8
26081,17,46,5
26082,494,46,2
26083,34,46,7
26084,278,46,1
26085,682,46,2
26086,760,46,10
26087,284,46,9
26088,530,46,2
26089,301,46,2
26090,420,46,8
26091,218,46,1
26092,200,46,6
26093,945,46,3
26094,190,46,1
26095,544,46,3
26096,387,46,3
26097,28,46,6
26098,105,46,4
26099,269,46,8
26100,211,46,9
26101,383,46,3
26102,15,46,2
26103,313,46,1
26104,473,46,9
26105,1143,46,10
26106,499,46,6
26107,1215,46,4
26108,172,46,2
26109,361,46,10
26110,203,46,3
26111,401,46,2
26112,609,46,9
26113,325,46,8
26114,1138,46,2
26115,51,46,4
26116,299,46,6
26117,274,46,6
26118,1125,46,4
26119,834,46,9
26120,262,46,1
26121,593,46,9
26122,650,46,1
26123,1239,46,7
26124,102,46,8
26125,563,46,1
26126,1190,46,9
26127,243,46,7
26128,275,46,3
26129,1172,46,6
26130,1205,46,2
26131,879,46,4
26132,692,46,9
26133,10,46,4
26134,22,46,6
26135,290,46,9
26136,202,46,4
26137,462,46,8
26138,88,46,10
26139,581,46,10
26140,50,46,10
26141,1217,46,3
26142,510,46,7
26143,206,46,6
26144,611,46,8
26145,691,46,6
26146,402,46,2
26147,400,46,1
26148,251,46,8
26149,1230,46,4
26150,1251,46,4
26151,357,46,5
26152,304,46,5
26153,421,46,2
26154,763,46,2
26155,29,46,9
26156,186,46,3
26157,464,46,9
26158,758,46,6
26159,454,46,2
26160,941,46,8
26161,1113,46,8
26162,381,46,9
26163,728,46,8
26164,154,46,9
26165,824,46,9
26166,541,46,1
26167,1199,46,6
26168,327,46,3
26169,441,46,4
26170,1156,46,7
26171,769,46,1
26172,334,46,6
26173,85,46,9
26174,671,46,10
26175,677,46,2
26176,1188,46,6
26177,87,46,10
26178,1164,46,1
26179,595,46,3
26180,107,46,8
26181,813,46,8
26182,418,46,3
26183,616,46,2
26184,435,46,4
26185,1192,46,9
26186,957,46,8
26187,1247,46,10
26188,906,46,8
26189,722,46,8
26190,281,46,6
26191,646,46,2
26192,655,46,8
26193,909,46,9
26194,32,46,5
26195,237,46,6
26196,754,46,7
26197,317,46,9
26198,884,46,5
26199,359,46,9
26200,413,46,1
26201,217,46,9
26202,624,46,1
26203,1204,46,2
26204,1207,46,8
26205,165,46,1
26206,934,46,10
26207,695,46,8
26208,1089,46,7
26209,732,46,10
26210,850,46,1
26211,225,46,5
26212,928,46,5
26213,727,46,7
26214,79,46,1
26215,93,46,7
26216,883,46,6
26217,827,46,3
26218,265,46,3
26219,1096,46,8
26220,1269,46,10
26221,1228,46,10
26222,391,47,10
26223,1175,47,5
26224,624,47,9
26225,642,47,2
26226,907,47,8
26227,279,47,9
26228,1196,47,10
26229,212,47,7
26230,765,47,4
26231,1108,47,5
26232,602,47,9
26233,67,47,10
26234,1232,47,1
26235,231,47,6
26236,1136,47,8
26237,824,47,5
26238,1103,47,10
26239,45,47,3
26240,434,47,6
26241,31,47,6
26242,349,47,8
26243,497,47,9
26244,341,47,8
26245,274,47,4
26246,572,47,10
26247,347,47,9
26248,354,47,3
26249,1209,47,3
26250,334,47,5
26251,318,47,6
26252,880,47,9
26253,295,47,5
26254,360,47,4
26255,79,47,3
26256,35,47,2
26257,529,47,3
26258,400,47,9
26259,136,47,9
26260,485,47,3
26261,883,47,3
26262,202,47,7
26263,32,47,6
26264,487,47,3
26265,1110,47,3
26266,941,47,6
26267,910,47,5
26268,513,47,8
26269,235,47,6
26270,1151,47,2
26271,411,47,2
26272,338,47,6
26273,1224,47,2
26274,541,47,8
26275,75,47,4
26276,1119,47,4
26277,1092,47,10
26278,603,47,4
26279,623,47,3
26280,329,47,10
26281,635,47,7
26282,581,47,5
26283,858,47,1
26284,51,47,5
26285,1200,47,8
26286,423,47,3
26287,444,47,1
26288,208,47,1
26289,553,47,1
26290,9,47,3
26291,246,47,10
26292,436,47,3
26293,966,47,8
26294,546,47,7
26295,731,47,6
26296,1251,47,1
26297,972,47,6
26298,150,47,1
26299,810,47,3
26300,741,47,2
26301,915,47,1
26302,100,47,3
26303,833,47,8
26304,294,47,6
26305,1260,47,10
26306,661,47,9
26307,772,48,8
26308,721,48,6
26309,773,48,9
26310,1240,48,4
26311,153,48,8
26312,162,48,3
26313,607,48,8
26314,164,48,7
26315,808,48,3
26316,1227,48,5
26317,488,48,6
26318,1170,48,7
26319,685,48,5
26320,637,48,6
26321,1149,48,9
26322,1181,48,3
26323,291,48,9
26324,33,48,7
26325,181,48,6
26326,528,48,4
26327,342,48,2
26328,828,48,4
26329,18,48,6
26330,709,48,7
26331,661,48,1
26332,152,48,7
26333,1167,48,7
26334,157,48,6
26335,1127,48,7
26336,695,48,8
26337,883,48,4
26338,945,48,10
26339,5,48,6
26340,452,48,5
26341,1204,48,4
26342,1244,48,10
26343,753,48,6
26344,220,48,4
26345,957,48,1
26346,1212,48,6
26347,1125,48,8
26348,588,48,10
26349,69,48,2
26350,364,48,2
26351,700,48,6
26352,509,48,8
26353,519,48,2
26354,1182,48,7
26355,548,48,5
26356,1174,48,9
26357,17,48,1
26358,346,48,10
26359,950,48,3
26360,642,48,5
26361,534,48,5
26362,510,48,9
26363,186,48,7
26364,1218,48,8
26365,1155,48,6
26366,232,48,10
26367,178,48,10
26368,526,48,5
26369,231,48,6
26370,273,48,3
26371,402,48,10
26372,96,48,2
26373,225,48,7
26374,68,48,7
26375,251,48,7
26376,968,48,9
26377,193,48,8
26378,20,48,3
26379,247,48,4
26380,513,48,10
26381,23,48,3
26382,189,48,3
26383,1172,48,7
26384,724,48,8
26385,1256,48,6
26386,1106,48,8
26387,699,48,5
26388,600,48,6
26389,226,48,8
26390,1142,48,9
26391,624,48,4
26392,737,48,8
26393,482,48,9
26394,79,48,5
26395,977,48,8
26396,1115,48,1
26397,740,48,5
26398,183,48,4
26399,266,48,8
26400,42,48,10
26401,744,48,10
26402,26,48,5
26403,286,48,8
26404,244,48,10
26405,775,48,9
26406,377,48,7
26407,188,48,1
26408,752,48,7
26409,1257,48,3
26410,631,48,5
26411,951,48,3
26412,1231,48,2
26413,544,48,6
26414,1250,48,5
26415,1243,48,8
26416,309,48,6
26417,640,48,9
26418,1210,48,3
26419,1208,48,5
26420,376,48,4
26421,324,48,10
26422,673,48,5
26423,594,48,9
26424,344,48,4
26425,1180,48,10
26426,756,48,7
26427,1261,48,8
26428,1255,48,3
26429,317,48,10
26430,61,48,8
26431,418,48,10
26432,481,48,8
26433,849,48,6
26434,846,48,4
26435,331,48,8
26436,827,48,4
26437,369,48,7
26438,269,48,9
26439,525,48,9
26440,454,48,9
26441,207,48,7
26442,725,48,10
26443,704,48,5
26444,71,48,8
26445,1093,48,6
26446,520,48,7
26447,296,48,9
26448,1143,48,6
26449,1186,48,3
26450,718,48,8
26451,515,48,4
26452,592,48,9
26453,149,48,7
26454,383,48,4
26455,1262,48,2
26456,242,48,2
26457,734,48,1
26458,320,48,9
26459,271,48,6
26460,209,48,5
26461,623,48,6
26462,832,48,6
26463,1111,48,6
26464,616,48,4
26465,908,48,5
26466,78,48,3
26467,691,48,3
26468,583,48,9
26469,111,48,4
26470,1271,48,9
26471,1168,48,10
26472,110,48,7
26473,768,48,4
26474,1119,48,1
26475,413,48,6
26476,187,48,9
26477,37,48,4
26478,521,48,4
26479,964,48,10
26480,316,48,10
26481,343,48,3
26482,1245,48,8
26483,884,48,6
26484,335,48,5
26485,292,48,3
26486,80,48,6
26487,963,48,2
26488,576,48,8
26489,379,48,9
26490,328,48,7
26491,336,48,4
26492,619,48,3
26493,952,48,9
26494,106,48,2
26495,472,48,10
26496,919,48,7
26497,45,48,2
26498,586,48,2
26499,439,48,6
26500,686,48,1
26501,741,48,4
26502,360,48,6
26503,89,48,2
26504,633,48,6
26505,483,48,2
26506,972,48,10
26507,511,48,7
26508,353,48,1
26509,312,48,2
26510,797,48,7
26511,906,48,9
26512,306,48,3
26513,11,48,2
26514,1090,48,9
26515,9,48,7
26516,536,48,10
26517,159,48,1
26518,1241,48,2
26519,1085,48,2
26520,672,48,7
26521,796,48,4
26522,303,48,6
26523,647,48,5
26524,1089,48,2
26525,468,48,2
26526,285,48,4
26527,1179,48,2
26528,412,48,9
26529,196,48,9
26530,830,48,8
26531,334,48,1
26532,705,48,4
26533,451,48,4
26534,387,48,4
26535,1202,48,3
26536,822,48,3
26537,918,48,4
26538,366,48,6
26539,1165,48,6
26540,1191,48,4
26541,1151,48,8
26542,374,48,7
26543,47,48,8
26544,261,48,9
26545,380,48,4
26546,288,48,7
26547,388,48,1
26548,102,48,6
26549,754,48,8
26550,715,48,4
26551,681,48,10
26552,417,48,6
26553,211,48,10
26554,407,48,4
26555,722,48,9
26556,487,48,8
26557,1232,48,7
26558,834,48,10
26559,362,48,4
26560,470,48,3
26561,504,48,2
26562,446,48,9
26563,354,48,6
26564,300,48,6
26565,614,48,5
26566,1103,48,10
26567,533,48,8
26568,333,48,5
26569,16,48,9
26570,359,48,1
26571,1249,48,8
26572,872,48,2
26573,276,48,5
26574,1152,48,9
26575,10,48,2
26576,701,48,3
26577,441,48,1
26578,410,48,8
26579,692,48,4
26580,618,48,9
26581,6,48,6
26582,1278,48,10
26583,215,48,7
26584,194,48,5
26585,205,48,3
26586,502,48,3
26587,98,48,6
26588,689,48,6
26589,518,48,1
26590,659,48,5
26591,1214,48,2
26592,313,48,7
26593,265,48,3
26594,173,48,4
26595,135,48,3
26596,856,48,3
26597,293,48,4
26598,356,48,9
26599,70,48,10
26600,939,48,5
26601,179,48,8
26602,431,48,10
26603,1136,48,7
26604,514,48,5
26605,19,48,2
26606,7,48,6
26607,1124,48,2
26608,612,48,9
26609,229,48,6
26610,932,48,4
26611,430,48,6
26612,455,48,2
26613,1100,48,4
26614,1099,48,1
26615,693,48,7
26616,34,48,7
26617,650,48,4
26618,65,48,10
26619,882,48,2
26620,857,48,2
26621,1154,48,2
26622,879,48,3
26623,723,48,3
26624,365,48,7
26625,224,48,8
26626,913,48,10
26627,663,48,4
26628,873,48,3
26629,184,48,2
26630,1270,48,5
26631,1132,48,6
26632,1159,48,8
26633,563,48,8
26634,726,48,7
26635,561,48,1
26636,1192,48,9
26637,263,48,6
26638,496,48,9
26639,757,48,1
26640,597,48,4
26641,1163,48,1
26642,195,48,9
26643,508,48,8
26644,304,48,6
26645,1156,48,3
26646,235,48,9
26647,1197,48,2
26648,401,48,1
26649,1221,48,9
26650,1080,48,4
26651,708,48,10
26652,408,48,1
26653,949,48,6
26654,1137,48,8
26655,682,48,9
26656,222,48,7
26657,48,48,4
26658,411,48,5
26659,1251,48,8
26660,829,48,7
26661,325,48,10
26662,1121,48,5
26663,279,48,8
26664,440,48,5
26665,819,48,10
26666,690,48,2
26667,419,48,10
26668,585,48,10
26669,815,48,6
26670,948,48,3
26671,216,48,10
26672,735,48,8
26673,1200,48,9
26674,264,48,6
26675,44,48,6
26676,1147,48,8
26677,1213,48,2
26678,445,48,10
26679,843,48,9
26680,326,48,9
26681,248,48,10
26682,428,48,5
26683,210,48,10
26684,627,48,6
26685,937,48,7
26686,731,48,1
26687,77,48,6
26688,204,48,5
26689,551,48,4
26690,177,48,2
26691,385,48,5
26692,648,48,1
26693,1237,48,6
26694,875,48,5
26695,1207,48,9
26696,395,48,6
26697,858,48,8
26698,485,48,3
26699,625,48,6
26700,911,48,9
26701,1171,48,10
26702,35,48,8
26703,669,48,8
26704,351,48,5
26705,845,48,8
26706,609,48,1
26707,373,48,3
26708,404,48,4
26709,1258,48,8
26710,674,48,1
26711,180,48,7
26712,355,48,3
26713,396,48,2
26714,1215,48,6
26715,670,48,8
26716,646,48,6
26717,327,48,5
26718,321,48,8
26719,323,48,3
26720,1153,48,10
26721,774,48,2
26722,260,48,5
26723,546,48,9
26724,763,48,6
26725,25,48,5
26726,103,48,1
26727,958,48,5
26728,21,48,9
26729,199,48,3
26730,499,48,10
26731,31,48,9
26732,557,48,10
26733,573,48,3
26734,393,48,2
26735,574,48,8
26736,414,48,4
26737,634,48,7
26738,578,48,9
26739,8,48,6
26740,64,48,1
26741,1194,48,4
26742,270,48,9
26743,50,48,9
26744,1091,48,5
26745,477,48,9
26746,512,48,1
26747,97,48,3
26748,40,48,2
26749,539,48,3
26750,1196,48,5
26751,976,48,1
26752,1110,48,6
26753,960,48,5
26754,733,48,4
26755,262,48,9
26756,1075,48,4
26757,349,48,3
26758,916,48,4
26759,437,48,6
26760,241,48,1
26761,505,48,9
26762,405,48,8
26763,826,48,4
26764,1105,48,5
26765,1146,48,7
26766,341,48,10
26767,280,48,9
26768,580,48,7
26769,484,48,9
26770,687,48,10
26771,372,48,4
26772,1239,48,3
26773,117,48,6
26774,172,48,9
26775,165,48,1
26776,329,48,9
26777,920,48,5
26778,928,48,10
26779,1178,48,4
26780,907,48,9
26781,1263,48,10
26782,1139,48,1
26783,653,48,10
26784,400,48,1
26785,1148,48,8
26786,307,48,2
26787,1188,48,9
26788,762,48,4
26789,545,48,5
26790,1084,48,10
26791,936,48,6
26792,243,48,10
26793,202,48,5
26794,1131,48,10
26795,523,48,1
26796,851,48,5
26797,860,48,9
26798,1177,48,8
26799,1086,48,4
26800,73,48,1
26801,397,48,2
26802,136,48,7
26803,599,48,9
26804,821,48,9
26805,552,48,8
26806,1114,48,9
26807,1092,48,4
26808,490,48,3
26809,809,48,3
26810,1222,48,8
26811,675,48,1
26812,1138,48,7
26813,94,48,6
26814,584,48,5
26815,1095,48,5
26816,49,48,8
26817,507,48,8
26818,909,48,10
26819,1230,48,8
26820,1087,48,10
26821,654,48,4
26822,967,48,7
26823,1123,48,8
26824,1253,48,7
26825,489,48,7
26826,322,48,2
26827,416,48,1
26828,465,48,8
26829,1193,48,7
26830,853,48,5
26831,764,48,10
26832,1161,48,10
26833,105,48,9
26834,294,48,10
26835,497,48,5
26836,1140,48,9
26837,161,48,8
26838,1260,48,3
26839,516,48,7
26840,501,48,10
26841,973,48,6
26842,332,48,6
26843,1122,48,1
26844,274,48,7
26845,87,48,7
26846,823,48,3
26847,1254,48,1
26848,43,48,7
26849,966,48,1
26850,176,48,9
26851,1267,48,9
26852,363,48,9
26853,15,48,4
26854,298,48,2
26855,664,48,3
26856,590,48,3
26857,91,48,8
26858,93,48,4
26859,158,48,7
26860,629,48,1
26861,491,48,1
26862,284,48,8
26863,185,48,10
26864,350,48,1
26865,617,48,5
26866,1217,48,3
26867,850,48,9
26868,941,48,7
26869,813,48,4
26870,443,48,4
26871,638,48,8
26872,409,48,8
26873,1104,48,6
26874,820,48,8
26875,348,48,2
26876,275,48,6
26877,540,48,3
26878,1164,48,2
26879,529,48,5
26880,811,48,4
26881,391,48,1
26882,281,48,3
26883,1169,48,1
26884,75,48,9
26885,656,48,7
26886,1108,48,3
26887,24,48,8
26888,940,48,6
26889,30,48,1
26890,150,48,6
26891,494,48,7
26892,1128,48,9
26893,1160,48,5
26894,816,48,10
26895,249,48,6
26896,257,48,2
26897,246,48,1
26898,676,48,3
26899,448,48,7
26900,471,48,3
26901,486,48,3
26902,577,48,2
26903,254,48,6
26904,1205,48,9
26905,532,48,3
26906,613,48,8
26907,170,48,6
26908,301,48,2
26909,297,48,2
26910,76,48,9
26911,697,48,9
26912,352,48,2
26913,438,48,1
26914,517,48,7
26915,134,48,8
26916,1269,48,10
26917,547,48,9
26918,119,48,10
26919,743,48,4
26920,191,48,7
26921,256,48,9
26922,319,48,4
26923,1248,48,1
26924,358,48,7
26925,847,48,2
26926,422,48,2
26927,370,48,6
26928,462,48,5
26929,712,48,2
26930,1116,48,10
26931,854,48,1
26932,92,48,3
26933,88,48,10
26934,1265,48,9
26935,541,48,7
26936,655,48,7
26937,1088,48,10
26938,160,48,3
26939,938,48,2
26940,429,48,5
26941,223,48,9
26942,214,48,8
26943,361,48,6
26944,719,48,1
26945,449,48,2
26946,662,48,1
26947,458,48,5
26948,760,48,10
26949,394,48,4
26950,289,48,1
26951,503,48,1
26952,881,48,10
26953,167,48,10
26954,962,48,1
26955,818,48,6
26956,666,48,6
26957,824,48,6
26958,219,48,6
26959,99,48,5
26960,946,48,2
26961,844,48,7
26962,90,48,6
26963,977,49,2
26964,836,49,4
26965,929,49,5
26966,1187,49,6
26967,732,49,3
26968,919,49,2
26969,295,49,1
26970,593,49,8
26971,833,49,5
26972,1175,49,6
26973,661,49,3
26974,1262,49,5
26975,276,49,10
26976,511,49,7
26977,1127,49,2
26978,1123,49,3
26979,562,49,10
26980,941,49,7
26981,455,49,8
26982,1209,49,10
26983,659,49,3
26984,1117,49,1
26985,601,49,8
26986,267,49,9
26987,1195,49,4
26988,69,49,9
26989,275,49,9
26990,808,49,1
26991,1255,49,1
26992,393,49,10
26993,758,49,8
26994,940,49,1
26995,518,49,4
26996,907,49,7
26997,355,49,2
26998,206,49,8
26999,486,49,10
27000,617,49,10
27001,962,49,1
27002,107,49,6
27003,1096,49,1
27004,875,49,3
27005,151,49,8
27006,795,49,3
27007,667,49,5
27008,796,49,1
27009,48,49,6
27010,210,49,5
27011,222,49,5
27012,1165,49,1
27013,175,49,9
27014,465,49,5
27015,597,49,6
27016,335,49,1
27017,620,49,1
27018,631,49,7
27019,292,49,1
27020,917,49,5
27021,436,49,5
27022,35,49,2
27023,196,49,2
27024,649,49,9
27025,333,49,8
27026,529,49,7
27027,513,49,3
27028,164,49,5
27029,1103,49,7
27030,605,49,1
27031,239,49,3
27032,753,49,6
27033,64,49,7
27034,1223,49,9
27035,406,49,4
27036,237,49,1
27037,30,49,6
27038,737,49,8
27039,678,49,10
27040,625,49,6
27041,136,49,9
27042,224,49,9
27043,1190,49,8
27044,461,49,10
27045,1153,49,4
27046,363,49,5
27047,499,49,9
27048,830,49,1
27049,500,49,2
27050,79,49,7
27051,704,49,1
27052,845,49,8
27053,814,49,3
27054,1092,49,3
27055,466,49,4
27056,365,49,10
27057,199,49,3
27058,712,49,8
27059,1233,49,8
27060,457,49,7
27061,1115,49,8
27062,512,49,1
27063,626,49,5
27064,280,49,3
27065,654,49,4
27066,1221,49,6
27067,809,49,10
27068,73,49,10
27069,532,49,1
27070,361,49,5
27071,491,49,4
27072,266,49,1
27073,1254,49,10
27074,1184,49,6
27075,493,49,9
27076,1197,49,1
27077,1090,49,10
27078,755,49,6
27079,351,49,9
27080,655,49,6
27081,498,49,5
27082,1163,49,3
27083,316,49,6
27084,577,49,2
27085,27,49,5
27086,1133,49,2
27087,240,49,3
27088,1134,49,1
27089,634,49,5
27090,437,49,1
27091,485,49,2
27092,228,49,2
27093,304,49,1
27094,735,49,8
27095,927,49,5
27096,821,49,7
27097,583,49,1
27098,338,49,2
27099,482,49,5
27100,473,49,10
27101,752,49,6
27102,167,49,3
27103,1144,49,4
27104,958,49,6
27105,733,49,8
27106,547,49,7
27107,1215,49,3
27108,374,49,6
27109,534,49,9
27110,1122,49,3
27111,1156,49,5
27112,909,49,5
27113,328,49,3
27114,679,49,4
27115,883,49,7
27116,536,49,8
27117,744,49,4
27118,713,49,4
27119,20,49,6
27120,1199,49,3
27121,468,49,5
27122,231,49,4
27123,509,49,10
27124,827,49,8
27125,248,49,4
27126,394,49,2
27127,769,49,9
27128,418,49,10
27129,1146,49,1
27130,462,49,6
27131,112,49,7
27132,103,49,7
27133,378,49,5
27134,560,49,1
27135,41,49,4
27136,557,49,6
27137,321,49,9
27138,1270,49,2
27139,446,49,8
27140,910,49,5
27141,1257,49,9
27142,552,49,9
27143,194,49,10
27144,359,49,5
27145,329,49,5
27146,767,49,10
27147,173,49,10
27148,773,49,7
27149,834,49,4
27150,191,49,7
27151,1214,49,9
27152,477,49,3
27153,638,49,2
27154,92,49,1
27155,1088,49,10
27156,425,49,9
27157,84,49,1
27158,1119,49,8
27159,134,49,6
27160,262,49,3
27161,954,49,9
27162,85,49,10
27163,918,49,4
27164,825,49,7
27165,382,49,5
27166,592,49,9
27167,72,49,4
27168,699,49,2
27169,1093,49,2
27170,1173,49,3
27171,97,49,2
27172,539,49,5
27173,1230,49,4
27174,65,49,3
27175,579,49,3
27176,299,49,4
27177,432,49,4
27178,250,49,7
27179,184,49,1
27180,1200,49,9
27181,1087,49,3
27182,853,49,6
27183,352,49,8
27184,77,49,6
27185,966,49,2
27186,344,49,3
27187,1238,49,9
27188,664,49,1
27189,920,49,4
27190,90,49,10
27191,930,49,3
27192,936,49,8
27193,1161,49,7
27194,757,49,9
27195,37,49,7
27196,430,49,1
27197,668,49,5
27198,852,49,4
27199,1220,49,2
27200,82,49,6
27201,441,49,1
27202,1111,49,8
27203,392,49,8
27204,1239,49,7
27205,1265,49,7
27206,70,49,2
27207,1124,49,4
27208,526,49,2
27209,181,49,3
27210,171,49,5
27211,1141,49,2
27212,52,49,10
27213,1235,49,10
27214,538,49,9
27215,1259,49,5
27216,1084,49,2
27217,223,49,5
27218,39,49,1
27219,1246,49,8
27220,214,49,1
27221,234,49,2
27222,1137,49,1
27223,598,49,1
27224,93,49,5
27225,963,49,9
27226,507,49,1
27227,195,49,6
27228,551,49,4
27229,445,49,9
27230,412,49,10
27231,490,49,9
27232,879,49,9
27233,582,49,1
27234,759,49,4
27235,686,49,8
27236,368,49,2
27237,1139,49,8
27238,946,49,6
27239,911,49,8
27240,1208,49,3
27241,42,49,9
27242,971,49,5
27243,635,49,8
27244,594,49,7
27245,56,49,7
27246,880,49,1
27247,327,49,8
27248,1224,49,1
27249,647,49,7
27250,300,49,9
27251,1172,49,10
27252,284,49,5
27253,687,49,2
27254,709,49,4
27255,1211,49,9
27256,12,49,10
27257,828,49,3
27258,182,49,8
27259,367,49,9
27260,401,49,3
27261,600,49,8
27262,514,49,9
27263,521,49,9
27264,824,49,6
27265,797,49,1
27266,372,49,7
27267,1143,49,10
27268,1142,49,8
27269,1152,49,7
27270,47,49,7
27271,221,49,3
27272,109,49,7
27273,163,49,2
27274,723,49,6
27275,559,49,2
27276,54,49,3
27277,63,49,3
27278,481,49,3
27279,34,49,8
27280,670,49,8
27281,671,49,2
27282,375,49,10
27283,187,49,6
27284,1125,49,1
27285,165,49,2
27286,957,49,5
27287,858,50,1
27288,464,50,3
27289,489,50,2
27290,1135,50,9
27291,659,50,2
27292,298,50,5
27293,173,50,4
27294,1186,50,9
27295,391,50,10
27296,1196,50,1
27297,505,50,10
27298,200,50,4
27299,1098,50,9
27300,619,50,8
27301,1141,50,4
27302,29,50,9
27303,166,50,3
27304,1258,50,8
27305,334,50,6
27306,715,50,7
27307,466,50,1
27308,959,50,6
27309,28,50,4
27310,1123,50,7
27311,701,50,3
27312,507,50,9
27313,597,50,6
27314,40,50,10
27315,112,50,3
27316,545,50,1
27317,1257,50,3
27318,402,50,9
27319,765,50,2
27320,300,50,3
27321,465,50,8
27322,535,50,4
27323,847,50,2
27324,1190,50,3
27325,905,50,6
27326,1084,50,6
27327,78,50,4
27328,1097,50,6
27329,330,50,9
27330,273,50,9
27331,880,50,10
27332,773,50,1
27333,1247,50,8
27334,770,50,9
27335,30,50,2
27336,951,50,6
27337,1233,50,5
27338,1137,50,9
27339,811,50,1
27340,251,50,9
27341,203,50,3
27342,673,50,2
27343,421,50,10
27344,53,50,9
27345,23,50,5
27346,816,50,8
27347,470,50,7
27348,471,50,9
27349,1099,50,2
27350,522,50,8
27351,616,50,3
27352,1157,50,7
27353,171,50,5
27354,316,50,2
27355,690,50,6
27356,607,50,6
27357,593,50,7
27358,266,50,2
27359,1110,50,3
27360,13,50,8
27361,136,50,8
27362,595,50,9
27363,706,50,4
27364,88,50,6
27365,1132,50,6
27366,1212,50,1
27367,415,50,4
27368,594,50,1
27369,444,50,3
27370,422,50,7
27371,740,50,1
27372,1230,50,1
27373,394,50,3
27374,209,50,5
27375,1243,50,4
27376,908,50,8
27377,1188,50,3
27378,325,50,9
27379,79,50,9
27380,57,50,3
27381,1107,50,1
27382,105,50,5
27383,519,50,7
27384,99,50,2
27385,1117,50,9
27386,380,50,7
27387,72,50,10
27388,540,50,4
27389,544,50,9
27390,488,50,8
27391,957,50,6
27392,157,50,8
27393,548,50,9
27394,586,50,9
27395,843,50,1
27396,149,50,6
27397,64,50,9
27398,92,50,8
27399,438,50,10
27400,714,50,7
27401,164,50,7
27402,1248,50,8
27403,1224,50,8
27404,730,50,1
27405,447,50,5
27406,448,50,2
27407,59,50,1
27408,295,50,1
27409,1103,50,7
27410,1149,50,1
27411,445,50,10
27412,432,50,2
27413,165,50,5
27414,1173,50,1
27415,1104,50,10
27416,226,50,8
27417,850,50,9
27418,762,50,4
27419,76,50,5
27420,151,50,4
27421,696,50,4
27422,73,50,5
27423,61,50,3
27424,873,50,8
27425,657,50,5
27426,638,50,8
27427,660,50,8
27428,80,50,2
27429,118,50,10
27430,561,50,4
27431,906,50,9
27432,755,50,8
27433,355,50,9
27434,457,50,5
27435,75,50,3
27436,1126,50,5
27437,598,50,5
27438,510,50,10
27439,851,50,2
27440,872,50,9
27441,1154,50,3
27442,356,50,7
27443,1095,50,3
27444,14,50,9
27445,683,50,8
27446,623,50,7
27447,430,50,2
27448,1121,50,10
27449,8,50,9
27450,290,50,5
27451,756,50,10
27452,399,50,4
27453,1266,50,6
27454,940,50,1
27455,1076,50,7
27456,879,50,10
27457,553,50,5
27458,37,50,5
27459,585,50,6
27460,1170,50,5
27461,302,50,10
27462,1245,50,9
27463,634,50,10
27464,393,50,4
27465,854,50,1
27466,647,50,4
27467,708,50,10
27468,371,50,1
27469,720,50,5
27470,400,50,8
27471,453,50,4
27472,581,50,10
27473,1166,50,4
27474,1144,50,5
27475,321,50,7
27476,1176,50,3
27477,682,50,4
27478,591,50,7
27479,1203,50,9
27480,38,50,3
27481,1109,50,6
27482,481,50,5
27483,518,50,2
27484,237,50,6
27485,1211,50,7
27486,381,50,6
27487,825,50,4
27488,1219,50,10
27489,1225,50,9
27490,294,50,9
27491,1080,50,6
27492,497,50,4
27493,352,50,10
27494,39,50,5
27495,180,50,5
27496,181,50,5
27497,818,50,7
27498,83,50,8
27499,71,50,6
27500,705,50,2
27501,774,50,2
27502,65,50,4
27503,918,50,1
27504,1214,50,2
27505,244,50,3
27506,227,50,5
27507,320,50,1
27508,1128,50,5
27509,968,50,10
27510,744,50,8
27511,174,50,6
27512,461,50,1
27513,632,50,1
27514,74,50,5
27515,436,50,4
27516,931,50,4
27517,810,50,10
27518,24,50,10
27519,194,50,10
27520,18,50,5
27521,528,50,7
27522,110,50,6
27523,286,50,4
27524,691,50,6
27525,721,50,10
27526,350,50,2
27527,515,50,7
27528,247,50,9
27529,363,50,1
27530,809,50,4
27531,844,50,8
27532,727,50,2
27533,693,50,6
27534,310,50,7
27535,84,50,2
27536,1259,50,1
27537,543,50,3
27538,91,50,5
27539,347,50,9
27540,228,50,2
27541,382,50,6
27542,1133,50,1
27543,1087,50,9
27544,650,50,4
27545,34,50,3
27546,1218,50,6
27547,718,50,6
27548,600,50,2
27549,697,50,1
27550,332,50,9
27551,1261,50,1
27552,1244,50,2
27553,1160,50,10
27554,582,50,5
27555,1139,50,8
27556,1242,50,5
27557,16,50,8
27558,667,50,3
27559,235,50,4
27560,817,50,1
27561,732,50,9
27562,179,50,8
27563,4,50,9
27564,752,50,2
27565,5,50,1
27566,87,50,1
27567,442,50,6
27568,1250,50,1
27569,106,50,5
27570,407,50,7
27571,446,50,2
27572,503,50,2
27573,340,50,7
27574,383,50,4
27575,860,50,9
27576,1262,50,5
27577,6,50,9
27578,1152,50,3
27579,938,50,6
27580,915,50,4
27581,324,50,1
27582,443,50,3
27583,849,50,2
27584,495,50,9
27585,948,50,5
27586,277,50,7
27587,272,50,8
27588,184,50,6
27589,1177,50,10
27590,412,50,7
27591,70,50,10
27592,414,50,10
27593,158,50,1
27594,27,50,6
27595,1112,50,8
27596,935,50,6
27597,208,50,3
27598,560,50,9
27599,26,50,7
27600,224,50,7
27601,312,50,7
27602,1192,50,10
27603,413,50,6
27604,1127,50,3
27605,1113,50,8
27606,373,50,6
27607,384,50,3
27608,1115,50,1
27609,1184,50,7
27610,406,50,5
27611,699,50,10
27612,218,50,3
27613,680,50,5
27614,532,50,8
27615,546,50,10
27616,587,50,8
27617,49,50,8
27618,672,50,10
27619,725,50,1
27620,246,50,10
27621,881,50,7
27622,629,50,5
27623,911,50,6
27624,32,50,10
27625,651,50,5
27626,1075,50,10
27627,11,50,5
27628,1195,50,6
27629,154,50,3
27630,439,50,3
27631,588,50,10
27632,267,50,4
27633,103,50,6
27634,1136,50,10
27635,52,50,8
27636,81,50,4
27637,704,50,9
27638,308,50,10
27639,326,50,10
27640,232,50,6
27641,472,50,5
27642,46,50,5
27643,608,50,1
27644,1256,50,6
27645,307,50,9
27646,775,50,4
27647,342,50,2
27648,681,50,8
27649,484,50,7
27650,1199,50,2
27651,47,50,3
27652,599,50,10
27653,278,50,9
27654,387,50,2
27655,336,50,9
27656,21,50,4
27657,824,50,4
27658,836,50,9
27659,1151,50,5
27660,1204,50,8
27661,502,50,3
27662,492,50,10
27663,1228,50,7
27664,257,50,8
27665,498,50,8
27666,279,50,1
27667,1189,50,1
27668,1100,50,7
27669,579,50,10
27670,506,50,9
27671,314,50,7
27672,135,50,4
27673,329,50,5
27674,617,50,5
27675,365,50,8
27676,936,50,2
27677,855,50,2
27678,223,50,5
27679,876,50,8
27680,1205,50,2
27681,85,50,2
27682,1169,50,1
27683,55,50,1
27684,631,50,3
27685,812,50,8
27686,1181,50,4
27687,379,50,9
27688,661,50,4
27689,161,50,1
27690,677,50,2
27691,556,50,5
27692,589,50,10
27693,1255,50,3
27694,1175,50,9
27695,620,50,2
27696,366,50,9
27697,666,50,2
27698,405,50,2
27699,538,50,1
27700,178,50,2
27701,306,50,3
27702,428,50,1
27703,694,50,7
27704,1088,50,7
27705,559,50,3
27706,966,50,6
27707,404,50,4
27708,89,50,3
27709,25,50,6
27710,1267,50,4
27711,263,50,5
27712,1215,50,7
27713,676,50,4
27714,220,50,6
27715,454,50,4
27716,946,50,7
27717,54,50,8
27718,31,50,2
27719,614,50,9
27720,833,50,3
27721,795,50,2
27722,534,50,4
27723,722,50,3
27724,206,50,3
27725,529,50,3
27726,1241,50,6
27727,1216,50,6
27728,333,50,10
27729,408,50,9
27730,669,50,8
27731,615,50,8
27732,374,50,2
27733,731,50,2
27734,250,50,1
27735,207,50,3
27736,1206,50,1
27737,423,50,3
27738,658,50,9
27739,627,50,8
27740,496,50,4
27741,396,50,1
27742,733,50,7
27743,856,50,7
27744,410,50,1
27745,613,50,6
27746,1143,50,10
27747,909,50,1
27748,768,50,1
27749,753,50,1
27750,576,50,4
27751,511,50,9
27752,418,50,5
27753,108,50,4
27754,822,50,9
27755,458,50,8
27756,309,50,8
27757,1171,50,5
27758,1089,50,5
27759,385,50,6
27760,549,50,8
27761,15,50,7
27762,624,50,7
27763,907,50,1
27764,916,50,10
27765,758,50,4
27766,1119,50,9
27767,222,50,3
27768,280,50,4
27769,563,50,1
27770,411,50,10
27771,974,50,7
27772,304,50,2
27773,196,50,9
27774,950,50,8
27775,815,50,4
27776,618,50,3
27777,215,50,8
27778,917,50,5
27779,361,50,9
27780,671,50,3
27781,932,50,7
27782,167,50,7
27783,875,50,7
27784,292,50,3
27785,264,50,3
27786,649,50,6
27787,857,50,6
27788,104,50,4
27789,652,50,4
27790,98,50,9
27791,160,50,2
27792,523,50,7
27793,111,50,6
27794,36,50,8
27795,392,50,4
27796,1198,50,9
27797,44,50,5
27798,767,50,2
27799,281,50,2
27800,942,50,2
27801,346,50,10
27802,483,50,5
27803,150,50,7
27804,163,50,10
27805,949,50,6
27806,358,50,1
27807,451,50,1
27808,460,50,5
27809,117,50,10
27810,424,50,3
27811,821,50,1
27812,728,50,7
27813,1252,50,7
27814,199,50,5
27815,299,50,8
27816,429,50,7
27817,487,50,9
27818,1,50,3
27819,172,50,2
27820,675,50,8
27821,62,50,9
27822,533,50,2
27823,764,50,1
27824,35,50,8
27825,10,50,10
27826,268,50,5
27827,853,50,10
27828,153,50,10
27829,351,50,4
27830,954,50,8
27831,1159,50,8
27832,33,50,1
27833,961,50,5
27834,254,50,4
27835,831,50,1
27836,1191,50,6
27837,434,50,6
27838,820,50,4
27839,547,50,3
27840,929,50,3
27841,1229,50,2
27842,479,50,3
27843,724,50,3
27844,674,50,6
27845,1162,50,1
27846,684,50,3
27847,1106,50,8
27848,741,50,6
27849,542,50,2
27850,1194,50,5
27851,508,50,3
27852,723,50,6
27853,1138,50,3
27854,726,50,2
27855,626,50,1
27856,656,50,2
27857,3,50,4
27858,282,50,7
27859,1197,50,2
27860,1236,50,4
27861,654,50,2
27862,1174,50,1
27863,214,50,10
27864,685,50,6
27865,191,50,3
27866,1238,50,10
27867,185,50,7
27868,311,50,2
27869,397,50,5
27870,1148,50,6
27871,205,50,3
27872,633,50,5
27873,1156,50,2
27874,417,50,9
27875,530,50,9
27876,50,50,8
27877,67,50,7
27878,572,50,6
27879,225,50,7
27880,239,50,2
27881,1210,50,9
27882,354,50,4
27883,327,50,9
27884,832,50,6
27885,372,50,4
27886,734,50,7
27887,1217,50,6
27888,1237,50,8
27889,389,50,8
27890,665,50,8
27891,359,50,8
27892,248,50,3
27893,1264,50,4
27894,441,50,4
27895,243,50,9
27896,1207,50,9
27897,97,50,5
27898,504,50,7
27899,653,50,6
27900,834,50,8
27901,490,50,8
27902,107,50,10
27903,337,50,10
27904,945,50,9
27905,221,50,9
27906,927,50,7
27907,967,50,6
27908,1260,50,4
27909,187,50,8
27910,1129,50,9
27911,231,50,3
27912,1232,50,3
27913,640,50,4
27914,369,50,1
27915,362,50,3
27916,635,50,3
27917,269,50,9
27918,69,50,10
27919,260,50,1
27920,592,50,1
27921,1254,50,5
27922,1091,50,9
27923,375,50,4
27924,964,50,7
27925,525,50,8
27926,797,50,3
27927,198,50,9
27928,1251,50,9
27929,1094,50,3
27930,602,50,4
27931,826,50,4
27932,973,50,2
27933,1227,50,7
27934,562,50,1
27935,1208,50,8
27936,1220,50,4
27937,719,50,2
27938,491,50,4
27939,1114,50,1
27940,939,50,6
27941,819,50,6
27942,455,50,5
27943,17,50,7
27944,912,50,4
27945,168,50,5
27946,301,50,4
27947,972,50,3
27948,1239,50,2
27949,289,50,4
27950,1202,50,2
27951,19,50,1
27952,175,50,2
27953,573,50,7
27954,524,50,1
27955,564,50,8
27956,554,50,5
27957,116,50,3
27958,297,50,10
27959,575,50,5
27960,760,50,3
27961,493,50,1
27962,845,50,8
27963,1223,50,2
27964,344,50,1
27965,695,50,3
27966,1193,50,7
27967,884,50,3
27968,82,50,10
27969,584,50,8
27970,22,50,5
27971,643,50,7
27972,603,50,6
27973,63,50,2
27974,738,50,6
27975,323,50,8
27976,958,50,3
27977,486,50,10
27978,904,50,10
27979,761,50,5
27980,341,50,1
27981,94,50,6
27982,190,50,3
27983,305,50,6
27984,1240,50,5
27985,1278,50,10
27986,687,50,3
27987,345,50,9
27988,201,50,2
27989,520,50,9
27990,283,50,6
27991,645,50,8
27992,253,50,4
27993,485,50,1
27994,420,50,4
27995,100,50,1
27996,478,50,1
27997,318,50,2
27998,1134,50,8
27999,580,50,10
28000,177,50,1
28001,431,50,7
28002,348,50,8
28003,919,50,3
28004,401,50,10
28005,249,50,5
28006,1182,50,9
28007,1246,50,5
28008,229,50,5
28009,162,50,10
28010,1090,50,4
28011,1108,50,3
28012,1092,50,9
28013,58,50,6
28014,846,50,3
28015,612,50,9
28016,1130,50,7
28017,217,50,10
28018,934,50,10
28019,1124,50,1
28020,240,50,10
28021,274,50,9
28022,1077,50,2
28023,398,50,3
28024,188,50,5
28025,48,50,6
28026,284,50,5
28027,367,50,9
28028,539,50,5
28029,763,50,6
28030,1221,50,10
28031,42,50,7
28032,772,50,5
28033,338,50,6
28034,317,50,3
28035,814,50,6
28036,664,50,3
28037,1222,50,10
28038,512,50,8
28039,625,50,4
28040,255,50,2
28041,494,50,1
28042,258,50,8
28043,77,50,6
28044,1131,50,2
28045,2,50,3
28046,43,50,6
28047,509,50,5
28048,1178,50,9
28049,449,50,10
28050,1253,50,9
28051,1161,50,7
28052,521,50,9
28053,211,50,8
28054,928,50,1
28055,1183,50,3
28056,261,50,2
28057,601,50,3
28058,808,50,10
28059,852,50,8
28060,829,50,8
28061,212,50,5
28062,754,50,3
28063,577,50,2
28064,233,50,7
28065,1111,50,4
28066,51,50,6
28067,882,50,9
28068,1271,50,10
28069,315,50,9
28070,1120,50,10
28071,192,50,10
28072,353,50,5
28073,516,50,3
28074,655,50,3
28075,1187,50,4
28076,930,50,4
28077,90,50,10
28078,1155,50,9
28079,952,50,4
28080,1163,50,8
28081,425,50,4
28082,678,50,10
28083,757,50,10
28084,482,50,6
28085,975,50,9
28086,526,50,8
28087,609,50,3
28088,1085,50,7
28089,9,50,2
28090,742,50,1
28091,45,50,2
28092,1172,50,9
28093,360,50,4
28094,230,50,2
28095,955,50,2
28096,319,50,4
28097,590,50,7
28098,170,50,6
28099,364,50,5
28100,500,50,2
28101,1201,50,6
28102,712,50,6
28103,219,50,8
28104,313,50,2
28105,1140,50,3
28106,66,50,6
28107,204,50,1
28108,435,50,2
28109,293,50,4
